orderID,customerID,employeeID,orderDate,requiredDate,shippedDate,shipVia,freight,shipName,shipAddress,shipCity,shipRegion,shipPostalCode,shipCountry,fulfillment_days,is_shipped,total_gross_amount,total_discount_amount,total_net_amount,total_items_count
10248,VINET,5,1996-07-04,1996-08-01,1996-07-16,3,32.38,Vins et alcools Chevalier,59 rue de l'Abbaye,Reims,,51100,France,12,True,440.0,0.0,440.0,27
10249,TOMSP,6,1996-07-05,1996-08-16,1996-07-10,1,11.61,Toms Spezialitäten,Luisenstr. 48,Münster,,44087,Germany,5,True,1863.4,0.0,1863.4,49
10250,HANAR,4,1996-07-08,1996-08-05,1996-07-12,2,65.83,Hanari Carnes,Rua do Paço 67,Rio de Janeiro,RJ,05454-876,Brazil,4,True,1813.0,260.4,1552.6,60
10251,VICTE,3,1996-07-08,1996-08-05,1996-07-15,1,41.34,Victuailles en stock,2 rue du Commerce,Lyon,,69004,France,7,True,670.8,16.74,654.06,41
10252,SUPRD,4,1996-07-09,1996-08-06,1996-07-11,2,51.3,Suprêmes délices,Boulevard Tirou 255,Charleroi,,B-6000,Belgium,2,True,3730.0,132.1,3597.9,105
10253,HANAR,3,1996-07-10,1996-07-24,1996-07-16,2,58.17,Hanari Carnes,Rua do Paço 67,Rio de Janeiro,RJ,05454-876,Brazil,6,True,1444.8,0.0,1444.8,102
10254,CHOPS,5,1996-07-11,1996-08-08,1996-07-23,2,22.98,Chop-suey Chinese,Hauptstr. 31,Bern,,3012,Switzerland,12,True,625.2,68.58,556.62,57
10255,RICSU,9,1996-07-12,1996-08-09,1996-07-15,3,148.33,Richter Supermarkt,Starenweg 5,Genève,,1204,Switzerland,3,True,2490.5,0.0,2490.5,110
10256,WELLI,3,1996-07-15,1996-08-12,1996-07-17,2,13.97,Wellington Importadora,Rua do Mercado 12,Resende,SP,08737-363,Brazil,2,True,517.8,0.0,517.8,27
10257,HILAA,4,1996-07-16,1996-08-13,1996-07-22,3,81.91,HILARION-Abastos,Carrera 22 con Ave. Carlos Soublette #8-35,San Cristóbal,Táchira,5022,Venezuela,6,True,1119.9,0.0,1119.9,46
10258,ERNSH,1,1996-07-17,1996-08-14,1996-07-23,1,140.51,Ernst Handel,Kirchgasse 6,Graz,,8010,Austria,6,True,2018.6,403.72,1614.88,121
10259,CENTC,4,1996-07-18,1996-08-15,1996-07-25,3,3.25,Centro comercial Moctezuma,Sierras de Granada 9993,México D.F.,,05022,Mexico,7,True,100.8,0.0,100.8,11
10260,OTTIK,4,1996-07-19,1996-08-16,1996-07-29,1,55.09,Ottilies Käseladen,Mehrheimerstr. 369,Köln,,50739,Germany,10,True,1746.2,241.55,1504.65,102
10261,QUEDE,4,1996-07-19,1996-08-16,1996-07-30,2,3.05,Que Delícia,Rua da Panificadora 12,Rio de Janeiro,RJ,02389-673,Brazil,11,True,448.0,0.0,448.0,40
10262,RATTC,8,1996-07-22,1996-08-19,1996-07-25,3,48.29,Rattlesnake Canyon Grocery,2817 Milton Dr.,Albuquerque,NM,87110,USA,3,True,624.8,40.8,584.0,29
10263,ERNSH,9,1996-07-23,1996-08-20,1996-07-31,3,146.06,Ernst Handel,Kirchgasse 6,Graz,,8010,Austria,8,True,2464.8,591.0,1873.8,184
10264,FOLKO,6,1996-07-24,1996-08-21,1996-08-23,3,3.67,Folk och fä HB,Åkergatan 24,Bräcke,,S-844 67,Sweden,30,True,724.5,28.88,695.62,60
10265,BLONP,2,1996-07-25,1996-08-22,1996-08-12,1,55.28,Blondel père et fils,24 place Kléber,Strasbourg,,67000,France,18,True,1176.0,0.0,1176.0,50
10266,WARTH,3,1996-07-26,1996-09-06,1996-07-31,3,25.73,Wartian Herkku,Torikatu 38,Oulu,,90110,Finland,5,True,364.8,18.24,346.56,12
10267,FRANK,4,1996-07-29,1996-08-26,1996-08-06,1,208.58,Frankenversand,Berliner Platz 43,München,,80805,Germany,8,True,4031.0,494.4,3536.6,135
10268,GROSR,8,1996-07-30,1996-08-27,1996-08-02,3,66.29,GROSELLA-Restaurante,5ª Ave. Los Palos Grandes,Caracas,DF,1081,Venezuela,3,True,1101.2,0.0,1101.2,14
10269,WHITC,5,1996-07-31,1996-08-14,1996-08-09,1,4.56,White Clover Markets,1029 - 12th Ave. S.,Seattle,WA,98124,USA,9,True,676.0,33.8,642.2,80
10270,WARTH,1,1996-08-01,1996-08-29,1996-08-02,1,136.54,Wartian Herkku,Torikatu 38,Oulu,,90110,Finland,1,True,1376.0,0.0,1376.0,55
10271,SPLIR,6,1996-08-01,1996-08-29,1996-08-30,2,4.54,Split Rail Beer & Ale,P.O. Box 555,Lander,WY,82520,USA,29,True,48.0,0.0,48.0,24
10272,RATTC,6,1996-08-02,1996-08-30,1996-08-06,2,98.03,Rattlesnake Canyon Grocery,2817 Milton Dr.,Albuquerque,NM,87110,USA,4,True,1456.0,0.0,1456.0,70
10273,QUICK,3,1996-08-05,1996-09-02,1996-08-12,3,76.07,QUICK-Stop,Taucherstraße 10,Cunewalde,,01307,Germany,7,True,2142.4,105.12,2037.28,152
10274,VINET,6,1996-08-06,1996-09-03,1996-08-16,1,6.01,Vins et alcools Chevalier,59 rue de l'Abbaye,Reims,,51100,France,10,True,538.6,0.0,538.6,27
10275,MAGAA,1,1996-08-07,1996-09-04,1996-08-09,1,26.93,Magazzini Alimentari Riuniti,Via Ludovico il Moro 22,Bergamo,,24100,Italy,2,True,307.2,15.36,291.84,18
10276,TORTU,8,1996-08-08,1996-08-22,1996-08-14,3,13.84,Tortuga Restaurante,Avda. Azteca 123,México D.F.,,05033,Mexico,6,True,420.0,0.0,420.0,25
10277,MORGK,2,1996-08-09,1996-09-06,1996-08-13,3,125.77,Morgenstern Gesundkost,Heerstr. 22,Leipzig,,04179,Germany,4,True,1200.8,0.0,1200.8,32
10278,BERGS,8,1996-08-12,1996-09-09,1996-08-16,2,92.69,Berglunds snabbköp,Berguvsvägen  8,Luleå,,S-958 22,Sweden,4,True,1488.8,0.0,1488.8,64
10279,LEHMS,8,1996-08-13,1996-09-10,1996-08-16,2,25.83,Lehmanns Marktstand,Magazinweg 7,Frankfurt a.M.,,60528,Germany,3,True,468.0,117.0,351.0,15
10280,BERGS,2,1996-08-14,1996-09-11,1996-09-12,1,8.98,Berglunds snabbköp,Berguvsvägen  8,Luleå,,S-958 22,Sweden,29,True,613.2,0.0,613.2,62
10281,ROMEY,4,1996-08-14,1996-08-28,1996-08-21,1,2.94,Romero y tomillo,Gran Vía 1,Madrid,,28001,Spain,7,True,86.5,0.0,86.5,11
10282,ROMEY,4,1996-08-15,1996-09-12,1996-08-21,1,12.69,Romero y tomillo,Gran Vía 1,Madrid,,28001,Spain,6,True,155.4,0.0,155.4,8
10283,LILAS,3,1996-08-16,1996-09-13,1996-08-23,3,84.81,LILA-Supermercado,Carrera 52 con Ave. Bolívar #65-98 Llano Largo,Barquisimeto,Lara,3508,Venezuela,7,True,1414.8,0.0,1414.8,76
10284,LEHMS,4,1996-08-19,1996-09-16,1996-08-27,1,76.56,Lehmanns Marktstand,Magazinweg 7,Frankfurt a.M.,,60528,Germany,8,True,1452.0,281.62,1170.38,61
10285,QUICK,1,1996-08-20,1996-09-17,1996-08-26,2,76.83,QUICK-Stop,Taucherstraße 10,Cunewalde,,01307,Germany,6,True,2179.2,435.84,1743.36,121
10286,QUICK,8,1996-08-21,1996-09-18,1996-08-30,3,229.24,QUICK-Stop,Taucherstraße 10,Cunewalde,,01307,Germany,9,True,3016.0,0.0,3016.0,140
10287,RICAR,8,1996-08-22,1996-09-19,1996-08-28,3,12.76,Ricardo Adocicados,Av. Copacabana 267,Rio de Janeiro,RJ,02389-890,Brazil,6,True,924.0,105.0,819.0,75
10288,REGGC,4,1996-08-23,1996-09-20,1996-09-03,1,7.45,Reggiani Caseifici,Strada Provinciale 124,Reggio Emilia,,42100,Italy,11,True,89.0,8.9,80.1,13
10289,BSBEV,7,1996-08-26,1996-09-23,1996-08-28,3,22.77,B's Beverages,Fauntleroy Circus,London,,EC2 5NT,UK,2,True,479.4,0.0,479.4,39
10290,COMMI,8,1996-08-27,1996-09-24,1996-09-03,1,79.7,Comércio Mineiro,Av. dos Lusíadas 23,Sao Paulo,SP,05432-043,Brazil,7,True,2169.0,0.0,2169.0,60
10291,QUEDE,6,1996-08-27,1996-09-24,1996-09-04,2,6.4,Que Delícia,Rua da Panificadora 12,Rio de Janeiro,RJ,02389-673,Brazil,8,True,552.8,55.28,497.52,46
10292,TRADH,1,1996-08-28,1996-09-25,1996-09-02,2,1.35,Tradiçao Hipermercados,Av. Inês de Castro 414,Sao Paulo,SP,05634-030,Brazil,5,True,1296.0,0.0,1296.0,20
10293,TORTU,1,1996-08-29,1996-09-26,1996-09-11,3,21.18,Tortuga Restaurante,Avda. Azteca 123,México D.F.,,05033,Mexico,13,True,848.7,0.0,848.7,33
10294,RATTC,4,1996-08-30,1996-09-27,1996-09-05,2,147.26,Rattlesnake Canyon Grocery,2817 Milton Dr.,Albuquerque,NM,87110,USA,6,True,1887.6,0.0,1887.6,75
10295,VINET,2,1996-09-02,1996-09-30,1996-09-10,2,1.15,Vins et alcools Chevalier,59 rue de l'Abbaye,Reims,,51100,France,8,True,121.6,0.0,121.6,4
10296,LILAS,6,1996-09-03,1996-10-01,1996-09-11,1,0.12,LILA-Supermercado,Carrera 52 con Ave. Bolívar #65-98 Llano Largo,Barquisimeto,Lara,3508,Venezuela,8,True,1050.6,0.0,1050.6,57
10297,BLONP,5,1996-09-04,1996-10-16,1996-09-10,2,5.74,Blondel père et fils,24 place Kléber,Strasbourg,,67000,France,6,True,1420.0,0.0,1420.0,80
10298,HUNGO,6,1996-09-05,1996-10-03,1996-09-11,2,168.22,Hungry Owl All-Night Grocers,8 Johnstown Road,Cork,Co. Cork,,Ireland,6,True,3127.0,482.0,2645.0,125
10299,RICAR,4,1996-09-06,1996-10-04,1996-09-13,2,29.76,Ricardo Adocicados,Av. Copacabana 267,Rio de Janeiro,RJ,02389-890,Brazil,7,True,349.5,0.0,349.5,35
10300,MAGAA,2,1996-09-09,1996-10-07,1996-09-18,2,17.68,Magazzini Alimentari Riuniti,Via Ludovico il Moro 22,Bergamo,,24100,Italy,9,True,608.0,0.0,608.0,50
10301,WANDK,8,1996-09-09,1996-10-07,1996-09-17,2,45.08,Die Wandernde Kuh,Adenauerallee 900,Stuttgart,,70563,Germany,8,True,755.0,0.0,755.0,30
10302,SUPRD,4,1996-09-10,1996-10-08,1996-10-09,2,6.27,Suprêmes délices,Boulevard Tirou 255,Charleroi,,B-6000,Belgium,29,True,2708.8,0.0,2708.8,80
10303,GODOS,7,1996-09-11,1996-10-09,1996-09-18,2,107.83,Godos Cocina Típica,C/ Romero 33,Sevilla,,41101,Spain,7,True,1242.0,124.19999999999999,1117.8,85
10304,TORTU,1,1996-09-12,1996-10-10,1996-09-17,2,63.79,Tortuga Restaurante,Avda. Azteca 123,México D.F.,,05033,Mexico,5,True,954.4,0.0,954.4,42
10305,OLDWO,8,1996-09-13,1996-10-11,1996-10-09,3,257.62,Old World Delicatessen,2743 Bering St.,Anchorage,AK,99508,USA,26,True,4157.0,415.7,3741.3,80
10306,ROMEY,1,1996-09-16,1996-10-14,1996-09-23,3,7.56,Romero y tomillo,Gran Vía 1,Madrid,,28001,Spain,7,True,498.5,0.0,498.5,25
10307,LONEP,2,1996-09-17,1996-10-15,1996-09-25,2,0.56,Lonesome Pine Restaurant,89 Chiaroscuro Rd.,Portland,OR,97219,USA,8,True,424.0,0.0,424.0,13
10308,ANATR,7,1996-09-18,1996-10-16,1996-09-24,3,1.61,Ana Trujillo Emparedados y helados,Avda. de la Constitución 2222,México D.F.,,05021,Mexico,6,True,88.8,0.0,88.8,6
10309,HUNGO,3,1996-09-19,1996-10-17,1996-10-23,1,47.3,Hungry Owl All-Night Grocers,8 Johnstown Road,Cork,Co. Cork,,Ireland,34,True,1762.0,0.0,1762.0,75
10310,THEBI,8,1996-09-20,1996-10-18,1996-09-27,2,17.52,The Big Cheese,89 Jefferson Way Suite 2,Portland,OR,97201,USA,7,True,336.0,0.0,336.0,15
10311,DUMON,1,1996-09-20,1996-10-04,1996-09-26,3,24.69,Du monde entier,67 rue des Cinquante Otages,Nantes,,44000,France,6,True,268.8,0.0,268.8,13
10312,WANDK,2,1996-09-23,1996-10-21,1996-10-03,2,40.26,Die Wandernde Kuh,Adenauerallee 900,Stuttgart,,70563,Germany,10,True,1614.8,0.0,1614.8,58
10313,QUICK,2,1996-09-24,1996-10-22,1996-10-04,2,1.96,QUICK-Stop,Taucherstraße 10,Cunewalde,,01307,Germany,10,True,182.4,0.0,182.4,12
10314,RATTC,1,1996-09-25,1996-10-23,1996-10-04,2,74.16,Rattlesnake Canyon Grocery,2817 Milton Dr.,Albuquerque,NM,87110,USA,9,True,2327.0,232.7,2094.3,95
10315,ISLAT,4,1996-09-26,1996-10-24,1996-10-03,2,41.76,Island Trading,Garden House Crowther Way,Cowes,Isle of Wight,PO31 7PJ,UK,7,True,516.8,0.0,516.8,44
10316,RATTC,1,1996-09-27,1996-10-25,1996-10-08,3,150.15,Rattlesnake Canyon Grocery,2817 Milton Dr.,Albuquerque,NM,87110,USA,11,True,2835.0,0.0,2835.0,80
10317,LONEP,6,1996-09-30,1996-10-28,1996-10-10,1,12.69,Lonesome Pine Restaurant,89 Chiaroscuro Rd.,Portland,OR,97219,USA,10,True,288.0,0.0,288.0,20
10318,ISLAT,8,1996-10-01,1996-10-29,1996-10-04,2,4.73,Island Trading,Garden House Crowther Way,Cowes,Isle of Wight,PO31 7PJ,UK,3,True,240.4,0.0,240.4,26
10319,TORTU,7,1996-10-02,1996-10-30,1996-10-11,3,64.5,Tortuga Restaurante,Avda. Azteca 123,México D.F.,,05033,Mexico,9,True,1191.2,0.0,1191.2,52
10320,WARTH,5,1996-10-03,1996-10-17,1996-10-18,3,34.57,Wartian Herkku,Torikatu 38,Oulu,,90110,Finland,15,True,516.0,0.0,516.0,30
10321,ISLAT,3,1996-10-03,1996-10-31,1996-10-11,2,3.43,Island Trading,Garden House Crowther Way,Cowes,Isle of Wight,PO31 7PJ,UK,8,True,144.0,0.0,144.0,10
10322,PERIC,7,1996-10-04,1996-11-01,1996-10-23,3,0.4,Pericles Comidas clásicas,Calle Dr. Jorge Cash 321,México D.F.,,05033,Mexico,19,True,112.0,0.0,112.0,20
10323,KOENE,4,1996-10-07,1996-11-04,1996-10-14,1,4.88,Königlich Essen,Maubelstr. 90,Brandenburg,,14776,Germany,7,True,164.4,0.0,164.4,13
10324,SAVEA,9,1996-10-08,1996-11-05,1996-10-10,1,214.27,Save-a-lot Markets,187 Suffolk Ln.,Boise,ID,83720,USA,2,True,6155.9,880.1800000000001,5275.72,241
10325,KOENE,1,1996-10-09,1996-10-23,1996-10-14,3,64.86,Königlich Essen,Maubelstr. 90,Brandenburg,,14776,Germany,5,True,1497.0,0.0,1497.0,71
10326,BOLID,4,1996-10-10,1996-11-07,1996-10-14,2,77.92,Bólido Comidas preparadas,C/ Araquil 67,Madrid,,28023,Spain,4,True,982.0,0.0,982.0,90
10327,FOLKO,2,1996-10-11,1996-11-08,1996-10-14,1,63.36,Folk och fä HB,Åkergatan 24,Bräcke,,S-844 67,Sweden,3,True,2262.5,452.5,1810.0,140
10328,FURIB,4,1996-10-14,1996-11-11,1996-10-17,3,87.03,Furia Bacalhau e Frutos do Mar,Jardim das rosas n. 32,Lisboa,,1675,Portugal,3,True,1168.0,0.0,1168.0,59
10329,SPLIR,4,1996-10-15,1996-11-26,1996-10-23,2,191.67,Split Rail Beer & Ale,P.O. Box 555,Lander,WY,82520,USA,8,True,4819.4,240.97000000000003,4578.43,50
10330,LILAS,3,1996-10-16,1996-11-13,1996-10-28,1,12.75,LILA-Supermercado,Carrera 52 con Ave. Bolívar #65-98 Llano Largo,Barquisimeto,Lara,3508,Venezuela,12,True,1940.0,291.0,1649.0,75
10331,BONAP,9,1996-10-16,1996-11-27,1996-10-21,1,10.19,Bon app',12 rue des Bouchers,Marseille,,13008,France,5,True,88.5,0.0,88.5,15
10332,MEREP,3,1996-10-17,1996-11-28,1996-10-21,2,52.84,Mère Paillarde,43 rue St. Laurent,Montréal,Québec,H1J 1C3,Canada,4,True,2233.6,446.72,1786.88,66
10333,WARTH,5,1996-10-18,1996-11-15,1996-10-25,3,0.59,Wartian Herkku,Torikatu 38,Oulu,,90110,Finland,7,True,954.0,76.8,877.2,60
10334,VICTE,8,1996-10-21,1996-11-18,1996-10-28,2,8.56,Victuailles en stock,2 rue du Commerce,Lyon,,69004,France,7,True,144.8,0.0,144.8,18
10335,HUNGO,7,1996-10-22,1996-11-19,1996-10-24,2,42.11,Hungry Owl All-Night Grocers,8 Johnstown Road,Cork,Co. Cork,,Ireland,2,True,2545.2,509.04,2036.16,86
10336,PRINI,7,1996-10-23,1996-11-20,1996-10-25,2,15.51,Princesa Isabel Vinhos,Estrada da saúde n. 58,Lisboa,,1756,Portugal,2,True,316.8,31.68,285.12,18
10337,FRANK,4,1996-10-24,1996-11-21,1996-10-29,3,108.26,Frankenversand,Berliner Platz 43,München,,80805,Germany,5,True,2467.0,0.0,2467.0,137
10338,OLDWO,4,1996-10-25,1996-11-22,1996-10-29,3,84.21,Old World Delicatessen,2743 Bering St.,Anchorage,AK,99508,USA,4,True,934.5,0.0,934.5,35
10339,MEREP,2,1996-10-28,1996-11-25,1996-11-04,2,15.66,Mère Paillarde,43 rue St. Laurent,Montréal,Québec,H1J 1C3,Canada,7,True,3463.2,109.2,3354.0,108
10340,BONAP,1,1996-10-29,1996-11-26,1996-11-08,3,166.31,Bon app',12 rue des Bouchers,Marseille,,13008,France,10,True,2564.4,128.22,2436.18,72
10341,SIMOB,7,1996-10-29,1996-11-26,1996-11-05,3,26.78,Simons bistro,Vinbæltet 34,Kobenhavn,,1734,Denmark,7,True,412.0,59.4,352.6,17
10342,FRANK,4,1996-10-30,1996-11-13,1996-11-04,2,54.83,Frankenversand,Berliner Platz 43,München,,80805,Germany,5,True,2300.8,460.15999999999997,1840.64,160
10343,LEHMS,4,1996-10-31,1996-11-28,1996-11-06,1,110.37,Lehmanns Marktstand,Magazinweg 7,Frankfurt a.M.,,60528,Germany,6,True,1586.0,2.0,1584.0,69
10344,WHITC,4,1996-11-01,1996-11-29,1996-11-05,2,23.29,White Clover Markets,1029 - 12th Ave. S.,Seattle,WA,98124,USA,4,True,2856.0,560.0,2296.0,105
10345,QUICK,2,1996-11-04,1996-12-02,1996-11-11,2,249.06,QUICK-Stop,Taucherstraße 10,Cunewalde,,01307,Germany,7,True,2924.8,0.0,2924.8,159
10346,RATTC,3,1996-11-05,1996-12-17,1996-11-08,3,142.08,Rattlesnake Canyon Grocery,2817 Milton Dr.,Albuquerque,NM,87110,USA,3,True,1731.2,112.32,1618.88,56
10347,FAMIA,4,1996-11-06,1996-12-04,1996-11-08,3,3.1,Familia Arquibaldo,Rua Orós 92,Sao Paulo,SP,05442-030,Brazil,2,True,928.0,113.58,814.42,70
10348,WANDK,4,1996-11-07,1996-12-05,1996-11-15,2,0.78,Die Wandernde Kuh,Adenauerallee 900,Stuttgart,,70563,Germany,8,True,396.0,32.4,363.6,40
10349,SPLIR,7,1996-11-08,1996-12-06,1996-11-15,1,8.63,Split Rail Beer & Ale,P.O. Box 555,Lander,WY,82520,USA,7,True,141.6,0.0,141.6,24
10350,LAMAI,6,1996-11-11,1996-12-09,1996-12-03,2,64.19,La maison d'Asie,1 rue Alsace-Lorraine,Toulouse,,31000,France,22,True,713.4,71.34,642.06,33
10351,ERNSH,1,1996-11-11,1996-12-09,1996-11-20,1,162.33,Ernst Handel,Kirchgasse 6,Graz,,8010,Austria,9,True,5677.6,278.88,5398.72,120
10352,FURIB,3,1996-11-12,1996-11-26,1996-11-18,3,1.3,Furia Bacalhau e Frutos do Mar,Jardim das rosas n. 32,Lisboa,,1675,Portugal,6,True,154.0,17.7,136.3,30
10353,PICCO,7,1996-11-13,1996-12-11,1996-11-25,3,360.63,Piccolo und mehr,Geislweg 14,Salzburg,,5020,Austria,12,True,10741.6,2148.32,8593.28,62
10354,PERIC,8,1996-11-14,1996-12-12,1996-11-20,3,53.8,Pericles Comidas clásicas,Calle Dr. Jorge Cash 321,México D.F.,,05033,Mexico,6,True,568.8,0.0,568.8,16
10355,AROUT,6,1996-11-15,1996-12-13,1996-11-20,1,41.95,Around the Horn,Brook Farm Stratford St. Mary,Colchester,Essex,CO7 6JX,UK,5,True,480.0,0.0,480.0,50
10356,WANDK,6,1996-11-18,1996-12-16,1996-11-27,2,36.71,Die Wandernde Kuh,Adenauerallee 900,Stuttgart,,70563,Germany,9,True,1106.4,0.0,1106.4,62
10357,LILAS,1,1996-11-19,1996-12-17,1996-12-02,3,34.88,LILA-Supermercado,Carrera 52 con Ave. Bolívar #65-98 Llano Largo,Barquisimeto,Lara,3508,Venezuela,13,True,1360.0,192.32000000000002,1167.68,54
10358,LAMAI,5,1996-11-20,1996-12-18,1996-11-27,1,19.64,La maison d'Asie,1 rue Alsace-Lorraine,Toulouse,,31000,France,7,True,452.0,22.599999999999998,429.4,40
10359,SEVES,5,1996-11-21,1996-12-19,1996-11-26,3,288.43,Seven Seas Imports,90 Wadhurst Rd.,London,,OX15 4NB,UK,5,True,3654.4,182.72,3471.68,206
10360,BLONP,4,1996-11-22,1996-12-20,1996-12-02,3,131.7,Blondel père et fils,24 place Kléber,Strasbourg,,67000,France,10,True,7390.2,0.0,7390.2,138
10361,QUICK,1,1996-11-22,1996-12-20,1996-12-03,2,183.17,QUICK-Stop,Taucherstraße 10,Cunewalde,,01307,Germany,11,True,2273.6,227.36,2046.24,109
10362,BONAP,3,1996-11-25,1996-12-23,1996-11-28,1,96.04,Bon app',12 rue des Bouchers,Marseille,,13008,France,3,True,1549.6,0.0,1549.6,94
10363,DRACD,4,1996-11-26,1996-12-24,1996-12-04,3,30.54,Drachenblut Delikatessen,Walserweg 21,Aachen,,52066,Germany,8,True,447.2,0.0,447.2,44
10364,EASTC,1,1996-11-26,1997-01-07,1996-12-04,1,71.97,Eastern Connection,35 King George,London,,WX3 6FW,UK,8,True,950.0,0.0,950.0,35
10365,ANTON,3,1996-11-27,1996-12-25,1996-12-02,2,22.0,Antonio Moreno Taquería,Mataderos  2312,México D.F.,,05023,Mexico,5,True,403.2,0.0,403.2,24
10366,GALED,8,1996-11-28,1997-01-09,1996-12-30,2,10.14,Galería del gastronómo,Rambla de Cataluña 23,Barcelona,,8022,Spain,32,True,136.0,0.0,136.0,10
10367,VAFFE,7,1996-11-28,1996-12-26,1996-12-02,3,13.55,Vaffeljernet,Smagsloget 45,Århus,,8200,Denmark,4,True,834.2,0.0,834.2,76
10368,ERNSH,2,1996-11-29,1996-12-27,1996-12-02,2,101.95,Ernst Handel,Kirchgasse 6,Graz,,8010,Austria,3,True,1834.2,144.42,1689.78,78
10369,SPLIR,8,1996-12-02,1996-12-30,1996-12-09,2,195.68,Split Rail Beer & Ale,P.O. Box 555,Lander,WY,82520,USA,7,True,2527.2,136.8,2390.4,38
10370,CHOPS,6,1996-12-03,1996-12-31,1996-12-27,2,1.17,Chop-suey Chinese,Hauptstr. 31,Bern,,3012,Switzerland,24,True,1174.0,56.4,1117.6,65
10371,LAMAI,1,1996-12-03,1996-12-31,1996-12-24,1,0.45,La maison d'Asie,1 rue Alsace-Lorraine,Toulouse,,31000,France,21,True,91.2,18.24,72.96,6
10372,QUEEN,5,1996-12-04,1997-01-01,1996-12-09,2,890.78,Queen Cozinha,Alameda dos Canàrios 891,Sao Paulo,SP,05487-020,Brazil,5,True,12281.2,3070.3,9210.9,164
10373,HUNGO,4,1996-12-05,1997-01-02,1996-12-11,3,124.12,Hungry Owl All-Night Grocers,8 Johnstown Road,Cork,Co. Cork,,Ireland,6,True,1708.0,341.6,1366.4,130
10374,WOLZA,1,1996-12-05,1997-01-02,1996-12-09,3,3.94,Wolski Zajazd,ul. Filtrowa 68,Warszawa,,01-012,Poland,4,True,459.0,0.0,459.0,45
10375,HUNGC,3,1996-12-06,1997-01-03,1996-12-09,2,20.12,Hungry Coyote Import Store,City Center Plaza 516 Main St.,Elgin,OR,97827,USA,3,True,338.0,0.0,338.0,25
10376,MEREP,1,1996-12-09,1997-01-06,1996-12-13,2,20.39,Mère Paillarde,43 rue St. Laurent,Montréal,Québec,H1J 1C3,Canada,4,True,420.0,21.0,399.0,42
10377,SEVES,1,1996-12-09,1997-01-06,1996-12-13,3,22.21,Seven Seas Imports,90 Wadhurst Rd.,London,,OX15 4NB,UK,4,True,1016.0,152.4,863.6,40
10378,FOLKO,5,1996-12-10,1997-01-07,1996-12-19,3,5.44,Folk och fä HB,Åkergatan 24,Bräcke,,S-844 67,Sweden,9,True,103.2,0.0,103.2,6
10379,QUEDE,2,1996-12-11,1997-01-08,1996-12-13,1,45.03,Que Delícia,Rua da Panificadora 12,Rio de Janeiro,RJ,02389-673,Brazil,2,True,959.2,95.91999999999999,863.28,44
10380,HUNGO,8,1996-12-12,1997-01-09,1997-01-16,3,35.03,Hungry Owl All-Night Grocers,8 Johnstown Road,Cork,Co. Cork,,Ireland,35,True,1419.8,105.97999999999999,1313.82,74
10381,LILAS,3,1996-12-12,1997-01-09,1996-12-13,3,7.99,LILA-Supermercado,Carrera 52 con Ave. Bolívar #65-98 Llano Largo,Barquisimeto,Lara,3508,Venezuela,1,True,112.0,0.0,112.0,14
10382,ERNSH,4,1996-12-13,1997-01-10,1996-12-16,1,94.77,Ernst Handel,Kirchgasse 6,Graz,,8010,Austria,3,True,2900.0,0.0,2900.0,165
10383,AROUT,8,1996-12-16,1997-01-13,1996-12-18,3,34.24,Around the Horn,Brook Farm Stratford St. Mary,Colchester,Essex,CO7 6JX,UK,2,True,899.0,0.0,899.0,55
10384,BERGS,3,1996-12-16,1997-01-13,1996-12-20,3,168.64,Berglunds snabbköp,Berguvsvägen  8,Luleå,,S-958 22,Sweden,4,True,2222.4,0.0,2222.4,43
10385,SPLIR,1,1996-12-17,1997-01-14,1996-12-23,2,30.96,Split Rail Beer & Ale,P.O. Box 555,Lander,WY,82520,USA,6,True,864.0,172.8,691.2,38
10386,FAMIA,9,1996-12-18,1997-01-01,1996-12-25,3,13.99,Familia Arquibaldo,Rua Orós 92,Sao Paulo,SP,05442-030,Brazil,7,True,166.0,0.0,166.0,25
10387,SANTG,1,1996-12-18,1997-01-15,1996-12-20,2,93.63,Santé Gourmet,Erling Skakkes gate 78,Stavern,,4110,Norway,2,True,1058.4,0.0,1058.4,48
10388,SEVES,2,1996-12-19,1997-01-16,1996-12-20,1,34.86,Seven Seas Imports,90 Wadhurst Rd.,London,,OX15 4NB,UK,1,True,1274.0,45.2,1228.8,75
10389,BOTTM,4,1996-12-20,1997-01-17,1996-12-24,2,47.42,Bottom-Dollar Markets,23 Tsawassen Blvd.,Tsawassen,BC,T2F 8M4,Canada,4,True,1832.8,0.0,1832.8,81
10390,ERNSH,6,1996-12-23,1997-01-20,1996-12-26,1,126.38,Ernst Handel,Kirchgasse 6,Graz,,8010,Austria,3,True,2275.2,184.32,2090.88,169
10391,DRACD,3,1996-12-23,1997-01-20,1996-12-31,3,5.45,Drachenblut Delikatessen,Walserweg 21,Aachen,,52066,Germany,8,True,86.4,0.0,86.4,18
10392,PICCO,2,1996-12-24,1997-01-21,1997-01-01,3,122.46,Piccolo und mehr,Geislweg 14,Salzburg,,5020,Austria,8,True,1440.0,0.0,1440.0,50
10393,SAVEA,1,1996-12-25,1997-01-22,1997-01-03,3,126.56,Save-a-lot Markets,187 Suffolk Ln.,Boise,ID,83720,USA,9,True,3302.6,745.6500000000001,2556.95,176
10394,HUNGC,1,1996-12-25,1997-01-22,1997-01-03,3,30.34,Hungry Coyote Import Store,City Center Plaza 516 Main St.,Elgin,OR,97827,USA,9,True,442.0,0.0,442.0,20
10395,HILAA,6,1996-12-26,1997-01-23,1997-01-03,1,184.41,HILARION-Abastos,Carrera 22 con Ave. Carlos Soublette #8-35,San Cristóbal,Táchira,5022,Venezuela,8,True,2333.2,210.28,2122.92,106
10396,FRANK,1,1996-12-27,1997-01-10,1997-01-06,3,135.35,Frankenversand,Berliner Platz 43,München,,80805,Germany,10,True,1903.8,0.0,1903.8,121
10397,PRINI,5,1996-12-27,1997-01-24,1997-01-02,1,60.26,Princesa Isabel Vinhos,Estrada da saúde n. 58,Lisboa,,1756,Portugal,6,True,843.2,126.48,716.72,28
10398,SAVEA,2,1996-12-30,1997-01-27,1997-01-09,3,89.16,Save-a-lot Markets,187 Suffolk Ln.,Boise,ID,83720,USA,10,True,2736.0,230.4,2505.6,150
10399,VAFFE,8,1996-12-31,1997-01-14,1997-01-08,3,27.36,Vaffeljernet,Smagsloget 45,Århus,,8200,Denmark,8,True,1765.6,0.0,1765.6,139
10400,EASTC,1,1997-01-01,1997-01-29,1997-01-16,3,83.93,Eastern Connection,35 King George,London,,WX3 6FW,UK,15,True,3063.0,0.0,3063.0,86
10401,RATTC,1,1997-01-01,1997-01-29,1997-01-10,1,12.51,Rattlesnake Canyon Grocery,2817 Milton Dr.,Albuquerque,NM,87110,USA,9,True,3868.6,0.0,3868.6,168
10402,ERNSH,8,1997-01-02,1997-02-13,1997-01-10,2,67.88,Ernst Handel,Kirchgasse 6,Graz,,8010,Austria,8,True,2713.5,0.0,2713.5,125
10403,ERNSH,4,1997-01-03,1997-01-31,1997-01-09,3,73.79,Ernst Handel,Kirchgasse 6,Graz,,8010,Austria,6,True,1005.9,150.88,855.02,91
10404,MAGAA,2,1997-01-03,1997-01-31,1997-01-08,1,155.97,Magazzini Alimentari Riuniti,Via Ludovico il Moro 22,Bergamo,,24100,Italy,5,True,1675.0,83.75,1591.25,100
10405,LINOD,1,1997-01-06,1997-02-03,1997-01-22,1,34.82,LINO-Delicateses,Ave. 5 de Mayo Porlamar,I. de Margarita,Nueva Esparta,4980,Venezuela,16,True,400.0,0.0,400.0,50
10406,QUEEN,7,1997-01-07,1997-02-18,1997-01-13,1,108.04,Queen Cozinha,Alameda dos Canàrios 891,Sao Paulo,SP,05487-020,Brazil,6,True,2018.2,187.42,1830.78,89
10407,OTTIK,2,1997-01-07,1997-02-04,1997-01-30,2,91.48,Ottilies Käseladen,Mehrheimerstr. 369,Köln,,50739,Germany,23,True,1194.0,0.0,1194.0,60
10408,FOLIG,8,1997-01-08,1997-02-05,1997-01-14,1,11.26,Folies gourmandes,184 chaussée de Tournai,Lille,,59000,France,6,True,1622.4,0.0,1622.4,51
10409,OCEAN,3,1997-01-09,1997-02-06,1997-01-14,1,29.83,Océano Atlántico Ltda.,Ing. Gustavo Moncada 8585 Piso 20-A,Buenos Aires,,1010,Argentina,5,True,319.2,0.0,319.2,24
10410,BOTTM,3,1997-01-10,1997-02-07,1997-01-15,3,2.4,Bottom-Dollar Markets,23 Tsawassen Blvd.,Tsawassen,BC,T2F 8M4,Canada,5,True,802.0,0.0,802.0,65
10411,BOTTM,9,1997-01-10,1997-02-07,1997-01-21,3,23.65,Bottom-Dollar Markets,23 Tsawassen Blvd.,Tsawassen,BC,T2F 8M4,Canada,11,True,1208.5,241.7,966.8,74
10412,WARTH,8,1997-01-13,1997-02-10,1997-01-15,2,3.77,Wartian Herkku,Torikatu 38,Oulu,,90110,Finland,2,True,372.0,37.2,334.8,20
10413,LAMAI,3,1997-01-14,1997-02-11,1997-01-16,2,95.66,La maison d'Asie,1 rue Alsace-Lorraine,Toulouse,,31000,France,2,True,2123.2,0.0,2123.2,78
10414,FAMIA,2,1997-01-14,1997-02-11,1997-01-17,3,21.48,Familia Arquibaldo,Rua Orós 92,Sao Paulo,SP,05442-030,Brazil,3,True,231.4,6.57,224.83,68
10415,HUNGC,3,1997-01-15,1997-02-12,1997-01-24,1,0.2,Hungry Coyote Import Store,City Center Plaza 516 Main St.,Elgin,OR,97827,USA,9,True,102.4,0.0,102.4,22
10416,WARTH,8,1997-01-16,1997-02-13,1997-01-27,3,22.72,Wartian Herkku,Torikatu 38,Oulu,,90110,Finland,11,True,720.0,0.0,720.0,50
10417,SIMOB,4,1997-01-16,1997-02-13,1997-01-28,3,70.29,Simons bistro,Vinbæltet 34,Kobenhavn,,1734,Denmark,12,True,11283.2,94.8,11188.4,123
10418,QUICK,4,1997-01-17,1997-02-14,1997-01-24,1,17.55,QUICK-Stop,Taucherstraße 10,Cunewalde,,01307,Germany,7,True,1814.8,0.0,1814.8,146
10419,RICSU,4,1997-01-20,1997-02-17,1997-01-30,2,137.35,Richter Supermarkt,Starenweg 5,Genève,,1204,Switzerland,10,True,2208.0,110.39999999999999,2097.6,80
10420,WELLI,3,1997-01-21,1997-02-18,1997-01-27,1,44.12,Wellington Importadora,Rua do Mercado 12,Resende,SP,08737-363,Brazil,6,True,1897.6,189.76,1707.84,50
10421,QUEDE,8,1997-01-21,1997-03-04,1997-01-27,1,99.23,Que Delícia,Rua da Panificadora 12,Rio de Janeiro,RJ,02389-673,Brazil,6,True,1273.2,78.93,1194.27,59
10422,FRANS,2,1997-01-22,1997-02-19,1997-01-31,1,3.02,Franchi S.p.A.,Via Monte Bianco 34,Torino,,10100,Italy,9,True,49.8,0.0,49.8,2
10423,GOURL,6,1997-01-23,1997-02-06,1997-02-24,3,24.5,Gourmet Lanchonetes,Av. Brasil 442,Campinas,SP,04876-786,Brazil,32,True,1020.0,0.0,1020.0,34
10424,MEREP,7,1997-01-23,1997-02-20,1997-01-27,2,370.61,Mère Paillarde,43 rue St. Laurent,Montréal,Québec,H1J 1C3,Canada,4,True,11493.2,2298.6400000000003,9194.56,139
10425,LAMAI,6,1997-01-24,1997-02-21,1997-02-14,2,7.93,La maison d'Asie,1 rue Alsace-Lorraine,Toulouse,,31000,France,21,True,480.0,120.0,360.0,30
10426,GALED,4,1997-01-27,1997-02-24,1997-02-06,1,18.69,Galería del gastronómo,Rambla de Cataluña 23,Barcelona,,8022,Spain,10,True,338.2,0.0,338.2,12
10427,PICCO,4,1997-01-27,1997-02-24,1997-03-03,2,31.29,Piccolo und mehr,Geislweg 14,Salzburg,,5020,Austria,35,True,651.0,0.0,651.0,35
10428,REGGC,7,1997-01-28,1997-02-25,1997-02-04,1,11.09,Reggiani Caseifici,Strada Provinciale 124,Reggio Emilia,,42100,Italy,7,True,192.0,0.0,192.0,20
10429,HUNGO,3,1997-01-29,1997-03-12,1997-02-07,2,56.63,Hungry Owl All-Night Grocers,8 Johnstown Road,Cork,Co. Cork,,Ireland,9,True,1748.5,307.12,1441.38,75
10430,ERNSH,4,1997-01-30,1997-02-13,1997-02-03,1,458.78,Ernst Handel,Kirchgasse 6,Graz,,8010,Austria,4,True,5796.0,896.8,4899.2,195
10431,BOTTM,4,1997-01-30,1997-02-13,1997-02-07,2,44.17,Bottom-Dollar Markets,23 Tsawassen Blvd.,Tsawassen,BC,T2F 8M4,Canada,8,True,2523.0,630.75,1892.25,130
10432,SPLIR,3,1997-01-31,1997-02-14,1997-02-07,2,4.34,Split Rail Beer & Ale,P.O. Box 555,Lander,WY,82520,USA,7,True,485.0,0.0,485.0,50
10433,PRINI,3,1997-02-03,1997-03-03,1997-03-04,3,73.83,Princesa Isabel Vinhos,Estrada da saúde n. 58,Lisboa,,1756,Portugal,29,True,851.2,0.0,851.2,28
10434,FOLKO,3,1997-02-03,1997-03-03,1997-02-13,2,17.92,Folk och fä HB,Åkergatan 24,Bräcke,,S-844 67,Sweden,10,True,360.0,38.88,321.12,24
10435,CONSH,8,1997-02-04,1997-03-18,1997-02-07,2,9.21,Consolidated Holdings,Berkeley Gardens 12  Brewery,London,,WX1 6LT,UK,3,True,631.6,0.0,631.6,32
10436,BLONP,3,1997-02-05,1997-03-05,1997-02-11,2,156.66,Blondel père et fils,24 place Kléber,Strasbourg,,67000,France,6,True,2210.8,216.28,1994.52,99
10437,WARTH,8,1997-02-05,1997-03-05,1997-02-12,1,19.97,Wartian Herkku,Torikatu 38,Oulu,,90110,Finland,7,True,393.0,0.0,393.0,15
10438,TOMSP,3,1997-02-06,1997-03-06,1997-02-14,2,8.24,Toms Spezialitäten,Luisenstr. 48,Münster,,44087,Germany,8,True,567.5,113.5,454.0,50
10439,MEREP,6,1997-02-07,1997-03-07,1997-02-10,3,4.07,Mère Paillarde,43 rue St. Laurent,Montréal,Québec,H1J 1C3,Canada,3,True,1078.0,0.0,1078.0,67
10440,SAVEA,4,1997-02-10,1997-03-10,1997-02-28,2,86.53,Save-a-lot Markets,187 Suffolk Ln.,Boise,ID,83720,USA,18,True,5793.1,868.96,4924.14,208
10441,OLDWO,3,1997-02-10,1997-03-24,1997-03-14,2,73.02,Old World Delicatessen,2743 Bering St.,Anchorage,AK,99508,USA,32,True,1755.0,0.0,1755.0,50
10442,ERNSH,3,1997-02-11,1997-03-11,1997-02-18,2,47.94,Ernst Handel,Kirchgasse 6,Graz,,8010,Austria,7,True,1792.0,0.0,1792.0,170
10443,REGGC,8,1997-02-12,1997-03-12,1997-02-14,1,13.95,Reggiani Caseifici,Strada Provinciale 124,Reggio Emilia,,42100,Italy,2,True,537.6,20.16,517.44,18
10444,BERGS,3,1997-02-12,1997-03-12,1997-02-21,3,3.5,Berglunds snabbköp,Berguvsvägen  8,Luleå,,S-958 22,Sweden,9,True,1031.7,0.0,1031.7,63
10445,BERGS,3,1997-02-13,1997-03-13,1997-02-20,1,9.3,Berglunds snabbköp,Berguvsvägen  8,Luleå,,S-958 22,Sweden,7,True,174.9,0.0,174.9,21
10446,TOMSP,6,1997-02-14,1997-03-14,1997-02-19,1,14.68,Toms Spezialitäten,Luisenstr. 48,Münster,,44087,Germany,5,True,273.6,27.36,246.24,50
10447,RICAR,4,1997-02-14,1997-03-14,1997-03-07,2,68.66,Ricardo Adocicados,Av. Copacabana 267,Rio de Janeiro,RJ,02389-890,Brazil,21,True,914.4,0.0,914.4,77
10448,RANCH,4,1997-02-17,1997-03-17,1997-02-24,2,38.82,Rancho grande,Av. del Libertador 900,Buenos Aires,,1010,Argentina,7,True,443.4,0.0,443.4,26
10449,BLONP,3,1997-02-18,1997-03-18,1997-02-27,2,53.3,Blondel père et fils,24 place Kléber,Strasbourg,,67000,France,9,True,1838.2,0.0,1838.2,69
10450,VICTE,8,1997-02-19,1997-03-19,1997-03-11,2,7.23,Victuailles en stock,2 rue du Commerce,Lyon,,69004,France,20,True,531.4,106.28,425.12,26
10451,QUICK,4,1997-02-19,1997-03-05,1997-03-12,3,189.09,QUICK-Stop,Taucherstraße 10,Cunewalde,,01307,Germany,21,True,4277.4,427.74,3849.66,238
10452,SAVEA,8,1997-02-20,1997-03-20,1997-02-26,1,140.26,Save-a-lot Markets,187 Suffolk Ln.,Boise,ID,83720,USA,6,True,2096.0,77.5,2018.5,115
10453,AROUT,1,1997-02-21,1997-03-21,1997-02-26,2,25.36,Around the Horn,Brook Farm Stratford St. Mary,Colchester,Essex,CO7 6JX,UK,5,True,453.0,45.3,407.7,40
10454,LAMAI,4,1997-02-21,1997-03-21,1997-02-25,3,2.74,La maison d'Asie,1 rue Alsace-Lorraine,Toulouse,,31000,France,4,True,414.0,82.8,331.2,50
10455,WARTH,8,1997-02-24,1997-04-07,1997-03-03,2,180.45,Wartian Herkku,Torikatu 38,Oulu,,90110,Finland,7,True,2684.0,0.0,2684.0,125
10456,KOENE,8,1997-02-25,1997-04-08,1997-02-28,2,8.12,Königlich Essen,Maubelstr. 90,Brandenburg,,14776,Germany,3,True,656.0,98.4,557.6,61
10457,KOENE,2,1997-02-25,1997-03-25,1997-03-03,1,11.57,Königlich Essen,Maubelstr. 90,Brandenburg,,14776,Germany,6,True,1584.0,0.0,1584.0,36
10458,SUPRD,7,1997-02-26,1997-03-26,1997-03-04,3,147.06,Suprêmes délices,Boulevard Tirou 255,Charleroi,,B-6000,Belgium,6,True,3891.0,0.0,3891.0,145
10459,VICTE,4,1997-02-27,1997-03-27,1997-02-28,2,25.09,Victuailles en stock,2 rue du Commerce,Lyon,,69004,France,1,True,1688.0,28.799999999999997,1659.2,76
10460,FOLKO,8,1997-02-28,1997-03-28,1997-03-03,1,16.27,Folk och fä HB,Åkergatan 24,Bräcke,,S-844 67,Sweden,3,True,234.8,58.7,176.1,25
10461,LILAS,1,1997-02-28,1997-03-28,1997-03-05,3,148.61,LILA-Supermercado,Carrera 52 con Ave. Bolívar #65-98 Llano Largo,Barquisimeto,Lara,3508,Venezuela,5,True,2051.6,512.9,1538.7,128
10462,CONSH,2,1997-03-03,1997-03-31,1997-03-18,1,6.17,Consolidated Holdings,Berkeley Gardens 12  Brewery,London,,WX1 6LT,UK,15,True,156.0,0.0,156.0,22
10463,SUPRD,5,1997-03-04,1997-04-01,1997-03-06,3,14.78,Suprêmes délices,Boulevard Tirou 255,Charleroi,,B-6000,Belgium,2,True,713.3,0.0,713.3,71
10464,FURIB,4,1997-03-04,1997-04-01,1997-03-14,2,89.0,Furia Bacalhau e Frutos do Mar,Jardim das rosas n. 32,Lisboa,,1675,Portugal,10,True,1848.0,238.72,1609.28,69
10465,VAFFE,1,1997-03-05,1997-04-02,1997-03-14,3,145.04,Vaffeljernet,Smagsloget 45,Århus,,8200,Denmark,9,True,2719.0,201.0,2518.0,118
10466,COMMI,4,1997-03-06,1997-04-03,1997-03-13,1,11.93,Comércio Mineiro,Av. dos Lusíadas 23,Sao Paulo,SP,05432-043,Brazil,7,True,216.0,0.0,216.0,15
10467,MAGAA,8,1997-03-06,1997-04-03,1997-03-11,2,4.93,Magazzini Alimentari Riuniti,Via Ludovico il Moro 22,Bergamo,,24100,Italy,5,True,235.2,0.0,235.2,40
10468,KOENE,3,1997-03-07,1997-04-04,1997-03-12,3,44.12,Königlich Essen,Maubelstr. 90,Brandenburg,,14776,Germany,5,True,717.6,0.0,717.6,23
10469,WHITC,1,1997-03-10,1997-04-07,1997-03-14,1,60.18,White Clover Markets,1029 - 12th Ave. S.,Seattle,WA,98124,USA,4,True,1125.5,168.82,956.68,77
10470,BONAP,4,1997-03-11,1997-04-08,1997-03-14,2,64.56,Bon app',12 rue des Bouchers,Marseille,,13008,France,3,True,1820.8,0.0,1820.8,53
10471,BSBEV,2,1997-03-11,1997-04-08,1997-03-18,3,45.59,B's Beverages,Fauntleroy Circus,London,,EC2 5NT,UK,7,True,1328.0,0.0,1328.0,50
10472,SEVES,8,1997-03-12,1997-04-09,1997-03-19,1,4.2,Seven Seas Imports,90 Wadhurst Rd.,London,,OX15 4NB,UK,7,True,1051.2,14.4,1036.8,98
10473,ISLAT,1,1997-03-13,1997-03-27,1997-03-21,3,16.37,Island Trading,Garden House Crowther Way,Cowes,Isle of Wight,PO31 7PJ,UK,8,True,230.4,0.0,230.4,24
10474,PERIC,5,1997-03-13,1997-04-10,1997-03-21,2,83.49,Pericles Comidas clásicas,Calle Dr. Jorge Cash 321,México D.F.,,05033,Mexico,8,True,1249.1,0.0,1249.1,61
10475,SUPRD,9,1997-03-14,1997-04-11,1997-04-04,1,68.52,Suprêmes délices,Boulevard Tirou 255,Charleroi,,B-6000,Belgium,21,True,1770.8,265.62,1505.18,137
10476,HILAA,8,1997-03-17,1997-04-14,1997-03-24,3,4.41,HILARION-Abastos,Carrera 22 con Ave. Carlos Soublette #8-35,San Cristóbal,Táchira,5022,Venezuela,7,True,182.4,1.92,180.48,14
10477,PRINI,5,1997-03-17,1997-04-14,1997-03-25,2,13.02,Princesa Isabel Vinhos,Estrada da saúde n. 58,Lisboa,,1756,Portugal,8,True,672.0,114.0,558.0,56
10478,VICTE,2,1997-03-18,1997-04-01,1997-03-26,3,4.81,Victuailles en stock,2 rue du Commerce,Lyon,,69004,France,8,True,496.0,24.8,471.2,20
10479,RATTC,3,1997-03-19,1997-04-16,1997-03-21,3,708.95,Rattlesnake Canyon Grocery,2817 Milton Dr.,Albuquerque,NM,87110,USA,2,True,10495.6,0.0,10495.6,148
10480,FOLIG,6,1997-03-20,1997-04-17,1997-03-24,2,1.35,Folies gourmandes,184 chaussée de Tournai,Lille,,59000,France,4,True,756.0,0.0,756.0,42
10481,RICAR,8,1997-03-20,1997-04-17,1997-03-25,2,64.33,Ricardo Adocicados,Av. Copacabana 267,Rio de Janeiro,RJ,02389-890,Brazil,5,True,1472.0,0.0,1472.0,64
10482,LAZYK,1,1997-03-21,1997-04-18,1997-04-10,3,7.48,Lazy K Kountry Store,12 Orchestra Terrace,Walla Walla,WA,99362,USA,20,True,147.0,0.0,147.0,10
10483,WHITC,7,1997-03-24,1997-04-21,1997-04-25,2,15.28,White Clover Markets,1029 - 12th Ave. S.,Seattle,WA,98124,USA,32,True,704.0,35.2,668.8,65
10484,BSBEV,3,1997-03-24,1997-04-21,1997-04-01,3,6.88,B's Beverages,Fauntleroy Circus,London,,EC2 5NT,UK,8,True,386.2,0.0,386.2,27
10485,LINOD,4,1997-03-25,1997-04-08,1997-03-31,2,64.45,LINO-Delicateses,Ave. 5 de Mayo Porlamar,I. de Margarita,Nueva Esparta,4980,Venezuela,6,True,1760.0,176.0,1584.0,130
10486,HILAA,1,1997-03-26,1997-04-23,1997-04-02,2,30.53,HILARION-Abastos,Carrera 22 con Ave. Carlos Soublette #8-35,San Cristóbal,Táchira,5022,Venezuela,7,True,1272.0,0.0,1272.0,46
10487,QUEEN,2,1997-03-26,1997-04-23,1997-03-28,2,71.07,Queen Cozinha,Alameda dos Canàrios 891,Sao Paulo,SP,05487-020,Brazil,2,True,925.1,35.4,889.7,59
10488,FRANK,8,1997-03-27,1997-04-24,1997-04-02,2,4.93,Frankenversand,Berliner Platz 43,München,,80805,Germany,6,True,1560.0,48.0,1512.0,50
10489,PICCO,6,1997-03-28,1997-04-25,1997-04-09,2,5.29,Piccolo und mehr,Geislweg 14,Salzburg,,5020,Austria,12,True,502.2,63.0,439.2,33
10490,HILAA,7,1997-03-31,1997-04-28,1997-04-03,2,210.19,HILARION-Abastos,Carrera 22 con Ave. Carlos Soublette #8-35,San Cristóbal,Táchira,5022,Venezuela,3,True,3163.2,0.0,3163.2,126
10491,FURIB,8,1997-03-31,1997-04-28,1997-04-08,3,16.96,Furia Bacalhau e Frutos do Mar,Jardim das rosas n. 32,Lisboa,,1675,Portugal,8,True,305.3,45.800000000000004,259.5,22
10492,BOTTM,3,1997-04-01,1997-04-29,1997-04-11,1,62.89,Bottom-Dollar Markets,23 Tsawassen Blvd.,Tsawassen,BC,T2F 8M4,Canada,10,True,896.0,44.8,851.2,80
10493,LAMAI,4,1997-04-02,1997-04-30,1997-04-10,3,10.64,La maison d'Asie,1 rue Alsace-Lorraine,Toulouse,,31000,France,8,True,676.0,67.6,608.4,35
10494,COMMI,4,1997-04-02,1997-04-30,1997-04-09,2,65.99,Comércio Mineiro,Av. dos Lusíadas 23,Sao Paulo,SP,05432-043,Brazil,7,True,912.0,0.0,912.0,30
10495,LAUGB,3,1997-04-03,1997-05-01,1997-04-11,3,4.65,Laughing Bacchus Wine Cellars,2319 Elm St.,Vancouver,BC,V3F 2K1,Canada,8,True,278.0,0.0,278.0,35
10496,TRADH,7,1997-04-04,1997-05-02,1997-04-07,2,46.77,Tradiçao Hipermercados,Av. Inês de Castro 414,Sao Paulo,SP,05634-030,Brazil,3,True,200.0,10.0,190.0,20
10497,LEHMS,7,1997-04-04,1997-05-02,1997-04-07,1,36.21,Lehmanns Marktstand,Magazinweg 7,Frankfurt a.M.,,60528,Germany,3,True,1380.6,0.0,1380.6,64
10498,HILAA,8,1997-04-07,1997-05-05,1997-04-11,2,29.75,HILARION-Abastos,Carrera 22 con Ave. Carlos Soublette #8-35,San Cristóbal,Táchira,5022,Venezuela,4,True,575.0,0.0,575.0,49
10499,LILAS,4,1997-04-08,1997-05-06,1997-04-16,2,102.02,LILA-Supermercado,Carrera 52 con Ave. Bolívar #65-98 Llano Largo,Barquisimeto,Lara,3508,Venezuela,8,True,1412.0,0.0,1412.0,45
10500,LAMAI,6,1997-04-09,1997-05-07,1997-04-17,1,42.68,La maison d'Asie,1 rue Alsace-Lorraine,Toulouse,,31000,France,8,True,550.8,27.54,523.26,20
10501,BLAUS,9,1997-04-09,1997-05-07,1997-04-16,3,8.85,Blauer See Delikatessen,Forsterstr. 57,Mannheim,,68306,Germany,7,True,149.0,0.0,149.0,20
10502,PERIC,2,1997-04-10,1997-05-08,1997-04-29,1,69.32,Pericles Comidas clásicas,Calle Dr. Jorge Cash 321,México D.F.,,05033,Mexico,19,True,816.3,0.0,816.3,57
10503,HUNGO,6,1997-04-11,1997-05-09,1997-04-16,2,16.74,Hungry Owl All-Night Grocers,8 Johnstown Road,Cork,Co. Cork,,Ireland,5,True,2048.5,0.0,2048.5,90
10504,WHITC,4,1997-04-11,1997-05-09,1997-04-18,3,59.13,White Clover Markets,1029 - 12th Ave. S.,Seattle,WA,98124,USA,7,True,1388.5,0.0,1388.5,59
10505,MEREP,3,1997-04-14,1997-05-12,1997-04-21,3,7.13,Mère Paillarde,43 rue St. Laurent,Montréal,Québec,H1J 1C3,Canada,7,True,147.9,0.0,147.9,3
10506,KOENE,9,1997-04-15,1997-05-13,1997-05-02,2,21.19,Königlich Essen,Maubelstr. 90,Brandenburg,,14776,Germany,17,True,462.0,46.2,415.8,32
10507,ANTON,7,1997-04-15,1997-05-13,1997-04-22,1,47.45,Antonio Moreno Taquería,Mataderos  2312,México D.F.,,05023,Mexico,7,True,881.25,132.19,749.06,30
10508,OTTIK,1,1997-04-16,1997-05-14,1997-05-13,2,4.99,Ottilies Käseladen,Mehrheimerstr. 369,Köln,,50739,Germany,27,True,240.0,0.0,240.0,20
10509,BLAUS,4,1997-04-17,1997-05-15,1997-04-29,1,0.15,Blauer See Delikatessen,Forsterstr. 57,Mannheim,,68306,Germany,12,True,136.8,0.0,136.8,3
10510,SAVEA,6,1997-04-18,1997-05-16,1997-04-28,3,367.63,Save-a-lot Markets,187 Suffolk Ln.,Boise,ID,83720,USA,10,True,4735.44,27.9,4707.54,72
10511,BONAP,4,1997-04-18,1997-05-16,1997-04-21,3,350.64,Bon app',12 rue des Bouchers,Marseille,,13008,France,3,True,3000.0,450.0,2550.0,110
10512,FAMIA,7,1997-04-21,1997-05-19,1997-04-24,2,3.53,Familia Arquibaldo,Rua Orós 92,Sao Paulo,SP,05442-030,Brazil,3,True,618.0,92.7,525.3,37
10513,WANDK,7,1997-04-22,1997-06-03,1997-04-28,1,105.65,Die Wandernde Kuh,Adenauerallee 900,Stuttgart,,70563,Germany,6,True,2427.5,485.5,1942.0,105
10514,ERNSH,3,1997-04-22,1997-05-20,1997-05-16,2,789.95,Ernst Handel,Kirchgasse 6,Graz,,8010,Austria,24,True,8623.45,0.0,8623.45,233
10515,QUICK,2,1997-04-23,1997-05-07,1997-05-23,1,204.47,QUICK-Stop,Taucherstraße 10,Cunewalde,,01307,Germany,30,True,10588.5,667.2,9921.3,286
10516,HUNGO,2,1997-04-24,1997-05-22,1997-05-01,3,62.78,Hungry Owl All-Night Grocers,8 Johnstown Road,Cork,Co. Cork,,Ireland,7,True,2614.5,233.45,2381.05,125
10517,NORTS,3,1997-04-24,1997-05-22,1997-04-29,3,32.07,North/South,South House 300 Queensbridge,London,,SW7 1RZ,UK,5,True,352.0,0.0,352.0,16
10518,TORTU,4,1997-04-25,1997-05-09,1997-05-05,2,218.15,Tortuga Restaurante,Avda. Azteca 123,México D.F.,,05033,Mexico,10,True,4150.05,0.0,4150.05,29
10519,CHOPS,6,1997-04-28,1997-05-26,1997-05-01,3,91.76,Chop-suey Chinese,Hauptstr. 31,Bern,,3012,Switzerland,3,True,2356.0,41.8,2314.2,66
10520,SANTG,7,1997-04-29,1997-05-27,1997-05-01,1,13.37,Santé Gourmet,Erling Skakkes gate 78,Stavern,,4110,Norway,2,True,200.0,0.0,200.0,13
10521,CACTU,8,1997-04-29,1997-05-27,1997-05-02,2,17.22,Cactus Comidas para llevar,Cerrito 333,Buenos Aires,,1010,Argentina,3,True,225.5,0.0,225.5,19
10522,LEHMS,4,1997-04-30,1997-05-28,1997-05-06,1,45.33,Lehmanns Marktstand,Magazinweg 7,Frankfurt a.M.,,60528,Germany,6,True,2657.8,339.56,2318.24,109
10523,SEVES,7,1997-05-01,1997-05-29,1997-05-30,2,77.63,Seven Seas Imports,90 Wadhurst Rd.,London,,OX15 4NB,UK,29,True,2715.9,271.59,2444.31,64
10524,BERGS,1,1997-05-01,1997-05-29,1997-05-07,2,244.79,Berglunds snabbköp,Berguvsvägen  8,Luleå,,S-958 22,Sweden,6,True,3192.65,0.0,3192.65,87
10525,BONAP,1,1997-05-02,1997-05-30,1997-05-23,2,11.06,Bon app',12 rue des Bouchers,Marseille,,13008,France,21,True,846.0,27.6,818.4,45
10526,WARTH,4,1997-05-05,1997-06-02,1997-05-15,2,58.59,Wartian Herkku,Torikatu 38,Oulu,,90110,Finland,10,True,1344.0,192.6,1151.4,48
10527,QUICK,7,1997-05-05,1997-06-02,1997-05-07,1,41.9,QUICK-Stop,Taucherstraße 10,Cunewalde,,01307,Germany,2,True,1670.0,167.0,1503.0,80
10528,GREAL,6,1997-05-06,1997-05-20,1997-05-09,2,3.35,Great Lakes Food Market,2732 Baker Blvd.,Eugene,OR,97403,USA,3,True,396.2,4.0,392.2,20
10529,MAISD,5,1997-05-07,1997-06-04,1997-05-09,2,66.69,Maison Dewey,Rue Joseph-Bens 532,Bruxelles,,B-1180,Belgium,2,True,946.0,0.0,946.0,44
10530,PICCO,3,1997-05-08,1997-06-05,1997-05-12,2,339.22,Piccolo und mehr,Geislweg 14,Salzburg,,5020,Austria,4,True,4180.0,0.0,4180.0,135
10531,OCEAN,7,1997-05-08,1997-06-05,1997-05-19,1,8.12,Océano Atlántico Ltda.,Ing. Gustavo Moncada 8585 Piso 20-A,Buenos Aires,,1010,Argentina,11,True,110.0,0.0,110.0,2
10532,EASTC,7,1997-05-09,1997-06-06,1997-05-12,3,74.46,Eastern Connection,35 King George,London,,WX3 6FW,UK,3,True,796.35,0.0,796.35,39
10533,FOLKO,8,1997-05-12,1997-06-09,1997-05-22,1,188.04,Folk och fä HB,Åkergatan 24,Bräcke,,S-844 67,Sweden,10,True,2295.2,73.0,2222.2,98
10534,LEHMS,8,1997-05-12,1997-06-09,1997-05-14,2,27.94,Lehmanns Marktstand,Magazinweg 7,Frankfurt a.M.,,60528,Germany,2,True,517.4,51.699999999999996,465.7,30
10535,ANTON,4,1997-05-13,1997-06-10,1997-05-21,1,15.64,Antonio Moreno Taquería,Mataderos  2312,México D.F.,,05023,Mexico,8,True,2156.5,215.65,1940.85,80
10536,LEHMS,3,1997-05-14,1997-06-11,1997-06-06,2,58.88,Lehmanns Marktstand,Magazinweg 7,Frankfurt a.M.,,60528,Germany,23,True,2085.0,440.0,1645.0,100
10537,RICSU,1,1997-05-14,1997-05-28,1997-05-19,1,78.85,Richter Supermarkt,Starenweg 5,Genève,,1204,Switzerland,5,True,1823.8,0.0,1823.8,86
10538,BSBEV,9,1997-05-15,1997-06-12,1997-05-16,3,4.87,B's Beverages,Fauntleroy Circus,London,,EC2 5NT,UK,1,True,139.8,0.0,139.8,8
10539,BSBEV,6,1997-05-16,1997-06-13,1997-05-23,3,12.36,B's Beverages,Fauntleroy Circus,London,,EC2 5NT,UK,7,True,355.5,0.0,355.5,44
10540,QUICK,3,1997-05-19,1997-06-16,1997-06-13,3,1007.64,QUICK-Stop,Taucherstraße 10,Cunewalde,,01307,Germany,25,True,10191.7,0.0,10191.7,165
10541,HANAR,2,1997-05-19,1997-06-16,1997-05-29,1,68.65,Hanari Carnes,Rua do Paço 67,Rio de Janeiro,RJ,05454-876,Brazil,10,True,2162.8,216.28,1946.52,84
10542,KOENE,1,1997-05-20,1997-06-17,1997-05-26,3,10.95,Königlich Essen,Maubelstr. 90,Brandenburg,,14776,Germany,6,True,493.8,24.689999999999998,469.11,39
10543,LILAS,8,1997-05-21,1997-06-18,1997-05-23,2,48.17,LILA-Supermercado,Carrera 52 con Ave. Bolívar #65-98 Llano Largo,Barquisimeto,Lara,3508,Venezuela,2,True,1770.0,265.5,1504.5,100
10544,LONEP,4,1997-05-21,1997-06-18,1997-05-30,1,24.91,Lonesome Pine Restaurant,89 Chiaroscuro Rd.,Portland,OR,97219,USA,9,True,417.2,0.0,417.2,14
10545,LAZYK,8,1997-05-22,1997-06-19,1997-06-26,2,11.92,Lazy K Kountry Store,12 Orchestra Terrace,Walla Walla,WA,99362,USA,35,True,210.0,0.0,210.0,10
10546,VICTE,1,1997-05-23,1997-06-20,1997-05-27,3,194.72,Victuailles en stock,2 rue du Commerce,Lyon,,69004,France,4,True,2812.0,0.0,2812.0,80
10547,SEVES,3,1997-05-23,1997-06-20,1997-06-02,2,178.43,Seven Seas Imports,90 Wadhurst Rd.,London,,OX15 4NB,UK,10,True,1908.0,115.2,1792.8,84
10548,TOMSP,3,1997-05-26,1997-06-23,1997-06-02,2,1.43,Toms Spezialitäten,Luisenstr. 48,Münster,,44087,Germany,7,True,275.1,35.0,240.1,24
10549,QUICK,5,1997-05-27,1997-06-10,1997-05-30,1,171.24,QUICK-Stop,Taucherstraße 10,Cunewalde,,01307,Germany,3,True,4181.5,627.22,3554.28,203
10550,GODOS,7,1997-05-28,1997-06-25,1997-06-06,3,4.32,Godos Cocina Típica,C/ Romero 33,Sevilla,,41101,Spain,9,True,749.0,65.7,683.3,34
10551,FURIB,4,1997-05-28,1997-07-09,1997-06-06,3,72.95,Furia Bacalhau e Frutos do Mar,Jardim das rosas n. 32,Lisboa,,1675,Portugal,9,True,1836.0,158.7,1677.3,100
10552,HILAA,2,1997-05-29,1997-06-26,1997-06-05,1,83.22,HILARION-Abastos,Carrera 22 con Ave. Carlos Soublette #8-35,San Cristóbal,Táchira,5022,Venezuela,7,True,880.5,0.0,880.5,48
10553,WARTH,2,1997-05-30,1997-06-27,1997-06-03,2,149.49,Wartian Herkku,Torikatu 38,Oulu,,90110,Finland,4,True,1546.3,0.0,1546.3,89
10554,OTTIK,4,1997-05-30,1997-06-27,1997-06-05,3,120.97,Ottilies Käseladen,Mehrheimerstr. 369,Köln,,50739,Germany,6,True,1819.5,90.97999999999999,1728.52,80
10555,SAVEA,6,1997-06-02,1997-06-30,1997-06-04,3,252.49,Save-a-lot Markets,187 Suffolk Ln.,Boise,ID,83720,USA,2,True,3680.5,736.1,2944.4,143
10556,SIMOB,2,1997-06-03,1997-07-15,1997-06-13,1,9.8,Simons bistro,Vinbæltet 34,Kobenhavn,,1734,Denmark,10,True,835.2,0.0,835.2,24
10557,LEHMS,9,1997-06-03,1997-06-17,1997-06-06,2,96.72,Lehmanns Marktstand,Magazinweg 7,Frankfurt a.M.,,60528,Germany,3,True,1152.5,0.0,1152.5,50
10558,AROUT,1,1997-06-04,1997-07-02,1997-06-10,2,72.97,Around the Horn,Brook Farm Stratford St. Mary,Colchester,Essex,CO7 6JX,UK,6,True,2142.9,0.0,2142.9,96
10559,BLONP,6,1997-06-05,1997-07-03,1997-06-13,1,8.05,Blondel père et fils,24 place Kléber,Strasbourg,,67000,France,8,True,547.8,27.39,520.41,30
10560,FRANK,8,1997-06-06,1997-07-04,1997-06-09,1,36.65,Frankenversand,Berliner Platz 43,München,,80805,Germany,3,True,1257.3,184.88,1072.42,35
10561,FOLKO,2,1997-06-06,1997-07-04,1997-06-09,2,242.21,Folk och fä HB,Åkergatan 24,Bräcke,,S-844 67,Sweden,3,True,2844.5,0.0,2844.5,60
10562,REGGC,1,1997-06-09,1997-07-07,1997-06-12,1,22.95,Reggiani Caseifici,Strada Provinciale 124,Reggio Emilia,,42100,Italy,3,True,543.0,54.3,488.7,30
10563,RICAR,2,1997-06-10,1997-07-22,1997-06-24,2,60.43,Ricardo Adocicados,Av. Copacabana 267,Rio de Janeiro,RJ,02389-890,Brazil,14,True,965.0,0.0,965.0,95
10564,RATTC,4,1997-06-10,1997-07-08,1997-06-16,3,13.75,Rattlesnake Canyon Grocery,2817 Milton Dr.,Albuquerque,NM,87110,USA,6,True,1299.0,64.95,1234.05,47
10565,MEREP,8,1997-06-11,1997-07-09,1997-06-18,2,7.15,Mère Paillarde,43 rue St. Laurent,Montréal,Québec,H1J 1C3,Canada,7,True,711.0,71.1,639.9,43
10566,BLONP,9,1997-06-12,1997-07-10,1997-06-18,1,88.4,Blondel père et fils,24 place Kléber,Strasbourg,,67000,France,6,True,2040.0,279.0,1761.0,63
10567,HUNGO,1,1997-06-12,1997-07-10,1997-06-17,1,33.97,Hungry Owl All-Night Grocers,8 Johnstown Road,Cork,Co. Cork,,Ireland,5,True,3109.0,590.0,2519.0,103
10568,GALED,3,1997-06-13,1997-07-11,1997-07-09,3,6.54,Galería del gastronómo,Rambla de Cataluña 23,Barcelona,,8022,Spain,26,True,155.0,0.0,155.0,5
10569,RATTC,5,1997-06-16,1997-07-14,1997-07-11,1,58.98,Rattlesnake Canyon Grocery,2817 Milton Dr.,Albuquerque,NM,87110,USA,25,True,977.5,87.5,890.0,65
10570,MEREP,3,1997-06-17,1997-07-15,1997-06-19,3,188.99,Mère Paillarde,43 rue St. Laurent,Montréal,Québec,H1J 1C3,Canada,2,True,2595.0,129.75,2465.25,75
10571,ERNSH,8,1997-06-17,1997-07-29,1997-07-04,3,26.06,Ernst Handel,Kirchgasse 6,Graz,,8010,Austria,17,True,647.75,97.16,550.59,39
10572,BERGS,3,1997-06-18,1997-07-16,1997-06-25,2,116.43,Berglunds snabbköp,Berguvsvägen  8,Luleå,,S-958 22,Sweden,7,True,1565.65,64.56,1501.09,87
10573,ANTON,7,1997-06-19,1997-07-17,1997-06-20,3,84.84,Antonio Moreno Taquería,Mataderos  2312,México D.F.,,05023,Mexico,1,True,2082.0,0.0,2082.0,83
10574,TRAIH,4,1997-06-19,1997-07-17,1997-06-30,2,37.6,Trail's Head Gourmet Provisioners,722 DaVinci Blvd.,Kirkland,WA,98034,USA,11,True,764.3,0.0,764.3,32
10575,MORGK,5,1997-06-20,1997-07-04,1997-06-30,1,127.34,Morgenstern Gesundkost,Heerstr. 22,Leipzig,,04179,Germany,10,True,2147.4,0.0,2147.4,58
10576,TORTU,3,1997-06-23,1997-07-07,1997-06-30,3,18.56,Tortuga Restaurante,Avda. Azteca 123,México D.F.,,05033,Mexico,7,True,838.45,0.0,838.45,51
10577,TRAIH,9,1997-06-23,1997-08-04,1997-06-30,2,25.41,Trail's Head Gourmet Provisioners,722 DaVinci Blvd.,Kirkland,WA,98034,USA,7,True,569.0,0.0,569.0,48
10578,BSBEV,4,1997-06-24,1997-07-22,1997-07-25,3,29.6,B's Beverages,Fauntleroy Circus,London,,EC2 5NT,UK,31,True,477.0,0.0,477.0,26
10579,LETSS,1,1997-06-25,1997-07-23,1997-07-04,2,13.73,Let's Stop N Shop,87 Polk St. Suite 5,San Francisco,CA,94117,USA,9,True,317.75,0.0,317.75,31
10580,OTTIK,4,1997-06-26,1997-07-24,1997-07-01,3,75.89,Ottilies Käseladen,Mehrheimerstr. 369,Köln,,50739,Germany,5,True,1067.1,53.36,1013.74,54
10581,FAMIA,3,1997-06-26,1997-07-24,1997-07-02,1,3.01,Familia Arquibaldo,Rua Orós 92,Sao Paulo,SP,05442-030,Brazil,6,True,387.5,77.5,310.0,50
10582,BLAUS,3,1997-06-27,1997-07-25,1997-07-14,2,27.71,Blauer See Delikatessen,Forsterstr. 57,Mannheim,,68306,Germany,17,True,330.0,0.0,330.0,18
10583,WARTH,2,1997-06-30,1997-07-28,1997-07-04,2,7.28,Wartian Herkku,Torikatu 38,Oulu,,90110,Finland,4,True,2413.9,176.4,2237.5,44
10584,BLONP,4,1997-06-30,1997-07-28,1997-07-04,1,59.14,Blondel père et fils,24 place Kléber,Strasbourg,,67000,France,4,True,625.0,31.25,593.75,50
10585,WELLI,7,1997-07-01,1997-07-29,1997-07-10,1,13.41,Wellington Importadora,Rua do Mercado 12,Resende,SP,08737-363,Brazil,9,True,142.5,0.0,142.5,15
10586,REGGC,9,1997-07-02,1997-07-30,1997-07-09,1,0.48,Reggiani Caseifici,Strada Provinciale 124,Reggio Emilia,,42100,Italy,7,True,28.0,4.2,23.8,4
10587,QUEDE,1,1997-07-02,1997-07-30,1997-07-09,1,62.52,Que Delícia,Rua da Panificadora 12,Rio de Janeiro,RJ,02389-673,Brazil,7,True,807.38,0.0,807.38,46
10588,QUICK,2,1997-07-03,1997-07-31,1997-07-10,3,194.67,QUICK-Stop,Taucherstraße 10,Cunewalde,,01307,Germany,7,True,3900.0,780.0,3120.0,140
10589,GREAL,8,1997-07-04,1997-08-01,1997-07-14,2,4.42,Great Lakes Food Market,2732 Baker Blvd.,Eugene,OR,97403,USA,10,True,72.0,0.0,72.0,4
10590,MEREP,4,1997-07-07,1997-08-04,1997-07-14,3,44.77,Mère Paillarde,43 rue St. Laurent,Montréal,Québec,H1J 1C3,Canada,7,True,1140.0,39.0,1101.0,80
10591,VAFFE,1,1997-07-07,1997-07-21,1997-07-16,1,55.92,Vaffeljernet,Smagsloget 45,Århus,,8200,Denmark,9,True,812.5,0.0,812.5,74
10592,LEHMS,3,1997-07-08,1997-08-05,1997-07-16,1,32.1,Lehmanns Marktstand,Magazinweg 7,Frankfurt a.M.,,60528,Germany,8,True,543.65,27.189999999999998,516.46,30
10593,LEHMS,7,1997-07-09,1997-08-06,1997-08-13,2,174.2,Lehmanns Marktstand,Magazinweg 7,Frankfurt a.M.,,60528,Germany,35,True,2493.0,498.59999999999997,1994.4,45
10594,OLDWO,3,1997-07-09,1997-08-06,1997-07-16,2,5.24,Old World Delicatessen,2743 Bering St.,Anchorage,AK,99508,USA,7,True,565.5,0.0,565.5,54
10595,ERNSH,2,1997-07-10,1997-08-07,1997-07-14,1,96.78,Ernst Handel,Kirchgasse 6,Graz,,8010,Austria,4,True,6300.0,1575.0,4725.0,215
10596,WHITC,8,1997-07-11,1997-08-08,1997-08-12,1,16.34,White Clover Markets,1029 - 12th Ave. S.,Seattle,WA,98124,USA,32,True,1476.1,295.22,1180.88,59
10597,PICCO,7,1997-07-11,1997-08-08,1997-07-18,3,35.12,Piccolo und mehr,Geislweg 14,Salzburg,,5020,Austria,7,True,800.1,82.02000000000001,718.08,67
10598,RATTC,1,1997-07-14,1997-08-11,1997-07-18,3,44.42,Rattlesnake Canyon Grocery,2817 Milton Dr.,Albuquerque,NM,87110,USA,4,True,2388.5,0.0,2388.5,59
10599,BSBEV,6,1997-07-15,1997-08-26,1997-07-21,3,29.98,B's Beverages,Fauntleroy Circus,London,,EC2 5NT,UK,6,True,493.0,0.0,493.0,10
10600,HUNGC,4,1997-07-16,1997-08-13,1997-07-21,1,45.13,Hungry Coyote Import Store,City Center Plaza 516 Main St.,Elgin,OR,97827,USA,5,True,479.8,0.0,479.8,34
10601,HILAA,7,1997-07-16,1997-08-27,1997-07-22,1,58.3,HILARION-Abastos,Carrera 22 con Ave. Carlos Soublette #8-35,San Cristóbal,Táchira,5022,Venezuela,6,True,2285.0,0.0,2285.0,95
10602,VAFFE,8,1997-07-17,1997-08-14,1997-07-22,2,2.92,Vaffeljernet,Smagsloget 45,Århus,,8200,Denmark,5,True,65.0,16.25,48.75,5
10603,SAVEA,8,1997-07-18,1997-08-15,1997-08-08,2,48.77,Save-a-lot Markets,187 Suffolk Ln.,Boise,ID,83720,USA,21,True,1508.0,25.0,1483.0,73
10604,FURIB,1,1997-07-18,1997-08-15,1997-07-29,1,7.46,Furia Bacalhau e Frutos do Mar,Jardim das rosas n. 32,Lisboa,,1675,Portugal,11,True,256.5,25.65,230.85,16
10605,MEREP,1,1997-07-21,1997-08-18,1997-07-29,2,379.13,Mère Paillarde,43 rue St. Laurent,Montréal,Québec,H1J 1C3,Canada,8,True,4326.0,216.3,4109.7,135
10606,TRADH,4,1997-07-22,1997-08-19,1997-07-31,3,79.4,Tradiçao Hipermercados,Av. Inês de Castro 414,Sao Paulo,SP,05634-030,Brazil,9,True,1413.0,282.6,1130.4,50
10607,SAVEA,5,1997-07-22,1997-08-19,1997-07-25,1,200.24,Save-a-lot Markets,187 Suffolk Ln.,Boise,ID,83720,USA,3,True,6475.4,0.0,6475.4,213
10608,TOMSP,4,1997-07-23,1997-08-20,1997-08-01,2,27.79,Toms Spezialitäten,Luisenstr. 48,Münster,,44087,Germany,9,True,1064.0,0.0,1064.0,28
10609,DUMON,7,1997-07-24,1997-08-21,1997-07-30,2,1.85,Du monde entier,67 rue des Cinquante Otages,Nantes,,44000,France,6,True,424.0,0.0,424.0,19
10610,LAMAI,8,1997-07-25,1997-08-22,1997-08-06,1,26.78,La maison d'Asie,1 rue Alsace-Lorraine,Toulouse,,31000,France,12,True,399.0,99.75,299.25,21
10611,WOLZA,6,1997-07-25,1997-08-22,1997-08-01,2,80.65,Wolski Zajazd,ul. Filtrowa 68,Warszawa,,01-012,Poland,7,True,808.0,0.0,808.0,31
10612,SAVEA,1,1997-07-28,1997-08-25,1997-08-01,2,544.08,Save-a-lot Markets,187 Suffolk Ln.,Boise,ID,83720,USA,4,True,6375.0,0.0,6375.0,263
10613,HILAA,4,1997-07-29,1997-08-26,1997-08-01,2,8.11,HILARION-Abastos,Carrera 22 con Ave. Carlos Soublette #8-35,San Cristóbal,Táchira,5022,Venezuela,3,True,358.0,4.8,353.2,48
10614,BLAUS,8,1997-07-29,1997-08-26,1997-08-01,3,1.93,Blauer See Delikatessen,Forsterstr. 57,Mannheim,,68306,Germany,3,True,464.0,0.0,464.0,27
10615,WILMK,2,1997-07-30,1997-08-27,1997-08-06,3,0.75,Wilman Kala,Keskuskatu 45,Helsinki,,21240,Finland,7,True,120.0,0.0,120.0,5
10616,GREAL,1,1997-07-31,1997-08-28,1997-08-05,2,116.53,Great Lakes Food Market,2732 Baker Blvd.,Eugene,OR,97403,USA,5,True,5032.0,224.99,4807.01,59
10617,GREAL,4,1997-07-31,1997-08-28,1997-08-04,2,18.53,Great Lakes Food Market,2732 Baker Blvd.,Eugene,OR,97403,USA,4,True,1650.0,247.5,1402.5,30
10618,MEREP,1,1997-08-01,1997-09-12,1997-08-08,1,154.68,Mère Paillarde,43 rue St. Laurent,Montréal,Québec,H1J 1C3,Canada,7,True,2697.5,0.0,2697.5,105
10619,MEREP,3,1997-08-04,1997-09-01,1997-08-07,3,91.05,Mère Paillarde,43 rue St. Laurent,Montréal,Québec,H1J 1C3,Canada,3,True,1260.0,0.0,1260.0,82
10620,LAUGB,2,1997-08-05,1997-09-02,1997-08-14,3,0.94,Laughing Bacchus Wine Cellars,2319 Elm St.,Vancouver,BC,V3F 2K1,Canada,9,True,57.5,0.0,57.5,10
10621,ISLAT,4,1997-08-05,1997-09-02,1997-08-11,2,23.73,Island Trading,Garden House Crowther Way,Cowes,Isle of Wight,PO31 7PJ,UK,6,True,758.5,0.0,758.5,50
10622,RICAR,4,1997-08-06,1997-09-03,1997-08-11,3,50.97,Ricardo Adocicados,Av. Copacabana 267,Rio de Janeiro,RJ,02389-890,Brazil,5,True,605.0,45.0,560.0,38
10623,FRANK,8,1997-08-07,1997-09-04,1997-08-12,2,97.18,Frankenversand,Berliner Platz 43,München,,80805,Germany,5,True,1429.75,92.8,1336.95,94
10624,THECR,4,1997-08-07,1997-09-04,1997-08-19,2,94.8,The Cracker Box,55 Grizzly Peak Rd.,Butte,MT,59801,USA,12,True,1393.24,0.0,1393.24,26
10625,ANATR,3,1997-08-08,1997-09-05,1997-08-14,1,43.9,Ana Trujillo Emparedados y helados,Avda. de la Constitución 2222,México D.F.,,05021,Mexico,6,True,479.75,0.0,479.75,18
10626,BERGS,1,1997-08-11,1997-09-08,1997-08-20,2,138.69,Berglunds snabbköp,Berguvsvägen  8,Luleå,,S-958 22,Sweden,9,True,1503.6,0.0,1503.6,52
10627,SAVEA,8,1997-08-11,1997-09-22,1997-08-21,3,107.46,Save-a-lot Markets,187 Suffolk Ln.,Boise,ID,83720,USA,10,True,1264.5,78.75,1185.75,50
10628,BLONP,4,1997-08-12,1997-09-09,1997-08-20,3,30.36,Blondel père et fils,24 place Kléber,Strasbourg,,67000,France,8,True,450.0,0.0,450.0,25
10629,GODOS,4,1997-08-12,1997-09-09,1997-08-20,3,85.46,Godos Cocina Típica,C/ Romero 33,Sevilla,,41101,Spain,8,True,2775.05,0.0,2775.05,29
10630,KOENE,1,1997-08-13,1997-09-10,1997-08-19,2,32.35,Königlich Essen,Maubelstr. 90,Brandenburg,,14776,Germany,6,True,918.0,14.4,903.6,47
10631,LAMAI,8,1997-08-14,1997-09-11,1997-08-15,1,0.87,La maison d'Asie,1 rue Alsace-Lorraine,Toulouse,,31000,France,1,True,62.0,6.2,55.8,8
10632,WANDK,8,1997-08-14,1997-09-11,1997-08-19,1,41.38,Die Wandernde Kuh,Adenauerallee 900,Stuttgart,,70563,Germany,5,True,620.0,31.0,589.0,50
10633,ERNSH,7,1997-08-15,1997-09-12,1997-08-18,3,477.9,Ernst Handel,Kirchgasse 6,Graz,,8010,Austria,3,True,6483.05,972.46,5510.59,164
10634,FOLIG,4,1997-08-15,1997-09-12,1997-08-21,3,487.38,Folies gourmandes,184 chaussée de Tournai,Lille,,59000,France,6,True,4985.5,0.0,4985.5,102
10635,MAGAA,8,1997-08-18,1997-09-15,1997-08-21,3,47.46,Magazzini Alimentari Riuniti,Via Ludovico il Moro 22,Bergamo,,24100,Italy,3,True,1380.25,54.02,1326.23,65
10636,WARTH,4,1997-08-19,1997-09-16,1997-08-26,1,1.15,Wartian Herkku,Torikatu 38,Oulu,,90110,Finland,7,True,629.5,0.0,629.5,31
10637,QUEEN,6,1997-08-19,1997-09-16,1997-08-26,1,201.29,Queen Cozinha,Alameda dos Canàrios 891,Sao Paulo,SP,05487-020,Brazil,7,True,2896.25,134.31,2761.94,95
10638,LINOD,3,1997-08-20,1997-09-17,1997-09-01,1,158.44,LINO-Delicateses,Ave. 5 de Mayo Porlamar,I. de Margarita,Nueva Esparta,4980,Venezuela,12,True,2720.05,0.0,2720.05,101
10639,SANTG,7,1997-08-20,1997-09-17,1997-08-27,3,38.64,Santé Gourmet,Erling Skakkes gate 78,Stavern,,4110,Norway,7,True,500.0,0.0,500.0,8
10640,WANDK,4,1997-08-21,1997-09-18,1997-08-28,1,23.55,Die Wandernde Kuh,Adenauerallee 900,Stuttgart,,70563,Germany,7,True,945.0,236.25,708.75,35
10641,HILAA,4,1997-08-22,1997-09-19,1997-08-26,2,179.61,HILARION-Abastos,Carrera 22 con Ave. Carlos Soublette #8-35,San Cristóbal,Táchira,5022,Venezuela,4,True,2054.0,0.0,2054.0,110
10642,SIMOB,7,1997-08-22,1997-09-19,1997-09-05,3,41.89,Simons bistro,Vinbæltet 34,Kobenhavn,,1734,Denmark,14,True,870.0,174.0,696.0,50
10643,ALFKI,6,1997-08-25,1997-09-22,1997-09-02,1,29.46,Alfreds Futterkiste,Obere Str. 57,Berlin,,12209,Germany,8,True,1086.0,271.5,814.5,38
10644,WELLI,3,1997-08-25,1997-09-22,1997-09-01,2,0.14,Wellington Importadora,Rua do Mercado 12,Resende,SP,08737-363,Brazil,7,True,1422.0,50.2,1371.8,45
10645,HANAR,4,1997-08-26,1997-09-23,1997-09-02,1,12.41,Hanari Carnes,Rua do Paço 67,Rio de Janeiro,RJ,05454-876,Brazil,7,True,1535.0,0.0,1535.0,35
10646,HUNGO,9,1997-08-27,1997-10-08,1997-09-03,3,142.33,Hungry Owl All-Night Grocers,8 Johnstown Road,Cork,Co. Cork,,Ireland,7,True,1928.0,482.0,1446.0,98
10647,QUEDE,4,1997-08-27,1997-09-10,1997-09-03,2,45.54,Que Delícia,Rua da Panificadora 12,Rio de Janeiro,RJ,02389-673,Brazil,7,True,636.0,0.0,636.0,50
10648,RICAR,5,1997-08-28,1997-10-09,1997-09-09,2,14.25,Ricardo Adocicados,Av. Copacabana 267,Rio de Janeiro,RJ,02389-890,Brazil,12,True,382.5,10.12,372.38,30
10649,MAISD,5,1997-08-28,1997-09-25,1997-08-29,3,6.2,Maison Dewey,Rue Joseph-Bens 532,Bruxelles,,B-1180,Belgium,1,True,1434.0,0.0,1434.0,35
10650,FAMIA,5,1997-08-29,1997-09-26,1997-09-03,3,176.81,Familia Arquibaldo,Rua Orós 92,Sao Paulo,SP,05442-030,Brazil,5,True,1820.2,41.0,1779.2,85
10651,WANDK,8,1997-09-01,1997-09-29,1997-09-11,2,20.6,Die Wandernde Kuh,Adenauerallee 900,Stuttgart,,70563,Germany,10,True,530.4,132.6,397.8,32
10652,GOURL,4,1997-09-01,1997-09-29,1997-09-08,2,7.14,Gourmet Lanchonetes,Av. Brasil 442,Campinas,SP,04876-786,Brazil,7,True,331.78,12.94,318.84,22
10653,FRANK,1,1997-09-02,1997-09-30,1997-09-19,1,93.25,Frankenversand,Berliner Platz 43,München,,80805,Germany,17,True,1203.5,120.35,1083.15,50
10654,BERGS,5,1997-09-02,1997-09-30,1997-09-11,1,55.26,Berglunds snabbköp,Berguvsvägen  8,Luleå,,S-958 22,Sweden,9,True,668.7,66.87,601.83,38
10655,REGGC,1,1997-09-03,1997-10-01,1997-09-11,2,4.41,Reggiani Caseifici,Strada Provinciale 124,Reggio Emilia,,42100,Italy,8,True,193.0,38.6,154.4,20
10656,GREAL,6,1997-09-04,1997-10-02,1997-09-10,1,57.15,Great Lakes Food Market,2732 Baker Blvd.,Eugene,OR,97403,USA,6,True,671.35,67.14,604.21,37
10657,SAVEA,2,1997-09-04,1997-10-02,1997-09-15,2,352.69,Save-a-lot Markets,187 Suffolk Ln.,Boise,ID,83720,USA,11,True,4371.6,0.0,4371.6,204
10658,QUICK,4,1997-09-05,1997-10-03,1997-09-08,1,364.15,QUICK-Stop,Taucherstraße 10,Cunewalde,,01307,Germany,3,True,4668.0,203.4,4464.6,255
10659,QUEEN,7,1997-09-05,1997-10-03,1997-09-10,2,105.81,Queen Cozinha,Alameda dos Canàrios 891,Sao Paulo,SP,05487-020,Brazil,5,True,1291.6,64.58,1227.02,84
10660,HUNGC,8,1997-09-08,1997-10-06,1997-10-15,1,111.29,Hungry Coyote Import Store,City Center Plaza 516 Main St.,Elgin,OR,97827,USA,37,True,1701.0,0.0,1701.0,21
10661,HUNGO,7,1997-09-09,1997-10-07,1997-09-15,3,17.55,Hungry Owl All-Night Grocers,8 Johnstown Road,Cork,Co. Cork,,Ireland,6,True,703.25,140.65,562.6,52
10662,LONEP,3,1997-09-09,1997-10-07,1997-09-18,2,1.28,Lonesome Pine Restaurant,89 Chiaroscuro Rd.,Portland,OR,97219,USA,9,True,125.0,0.0,125.0,10
10663,BONAP,2,1997-09-10,1997-09-24,1997-10-03,2,113.15,Bon app',12 rue des Bouchers,Marseille,,13008,France,23,True,2032.0,101.6,1930.4,80
10664,FURIB,1,1997-09-10,1997-10-08,1997-09-19,3,1.27,Furia Bacalhau e Frutos do Mar,Jardim das rosas n. 32,Lisboa,,1675,Portugal,9,True,1515.75,227.36,1288.39,51
10665,LONEP,1,1997-09-11,1997-10-09,1997-09-17,2,26.31,Lonesome Pine Restaurant,89 Chiaroscuro Rd.,Portland,OR,97219,USA,6,True,1295.0,0.0,1295.0,31
10666,RICSU,7,1997-09-12,1997-10-10,1997-09-22,2,232.42,Richter Supermarkt,Starenweg 5,Genève,,1204,Switzerland,10,True,4666.94,0.0,4666.94,46
10667,ERNSH,7,1997-09-12,1997-10-10,1997-09-19,1,78.09,Ernst Handel,Kirchgasse 6,Graz,,8010,Austria,7,True,1921.0,384.2,1536.8,59
10668,WANDK,1,1997-09-15,1997-10-13,1997-09-23,2,47.22,Die Wandernde Kuh,Adenauerallee 900,Stuttgart,,70563,Germany,8,True,694.75,69.48,625.27,27
10669,SIMOB,2,1997-09-15,1997-10-13,1997-09-22,1,24.39,Simons bistro,Vinbæltet 34,Kobenhavn,,1734,Denmark,7,True,570.0,0.0,570.0,30
10670,FRANK,4,1997-09-16,1997-10-14,1997-09-18,1,203.48,Frankenversand,Berliner Platz 43,München,,80805,Germany,2,True,2301.75,0.0,2301.75,192
10671,FRANR,1,1997-09-17,1997-10-15,1997-09-24,1,30.34,France restauration,54 rue Royale,Nantes,,44000,France,7,True,920.1,0.0,920.1,32
10672,BERGS,9,1997-09-17,1997-10-01,1997-09-26,2,95.75,Berglunds snabbköp,Berguvsvägen  8,Luleå,,S-958 22,Sweden,9,True,4210.5,395.25,3815.25,27
10673,WILMK,2,1997-09-18,1997-10-16,1997-09-19,1,22.76,Wilman Kala,Keskuskatu 45,Helsinki,,21240,Finland,1,True,412.35,0.0,412.35,15
10674,ISLAT,4,1997-09-18,1997-10-16,1997-09-30,2,0.9,Island Trading,Garden House Crowther Way,Cowes,Isle of Wight,PO31 7PJ,UK,12,True,45.0,0.0,45.0,5
10675,FRANK,5,1997-09-19,1997-10-17,1997-09-23,2,31.85,Frankenversand,Berliner Platz 43,München,,80805,Germany,4,True,1423.0,0.0,1423.0,70
10676,TORTU,2,1997-09-22,1997-10-20,1997-09-29,2,2.01,Tortuga Restaurante,Avda. Azteca 123,México D.F.,,05033,Mexico,7,True,534.85,0.0,534.85,30
10677,ANTON,1,1997-09-22,1997-10-20,1997-09-26,3,4.03,Antonio Moreno Taquería,Mataderos  2312,México D.F.,,05023,Mexico,4,True,956.9,143.54,813.36,38
10678,SAVEA,7,1997-09-23,1997-10-21,1997-10-16,3,388.98,Save-a-lot Markets,187 Suffolk Ln.,Boise,ID,83720,USA,23,True,5256.5,0.0,5256.5,280
10679,BLONP,8,1997-09-23,1997-10-21,1997-09-30,3,27.94,Blondel père et fils,24 place Kléber,Strasbourg,,67000,France,7,True,660.0,0.0,660.0,12
10680,OLDWO,1,1997-09-24,1997-10-22,1997-09-26,1,26.61,Old World Delicatessen,2743 Bering St.,Anchorage,AK,99508,USA,2,True,1682.5,420.62,1261.88,110
10681,GREAL,3,1997-09-25,1997-10-23,1997-09-30,3,76.13,Great Lakes Food Market,2732 Baker Blvd.,Eugene,OR,97403,USA,5,True,1327.0,39.6,1287.4,70
10682,ANTON,3,1997-09-25,1997-10-23,1997-10-01,2,36.13,Antonio Moreno Taquería,Mataderos  2312,México D.F.,,05023,Mexico,6,True,375.5,0.0,375.5,64
10683,DUMON,2,1997-09-26,1997-10-24,1997-10-01,1,4.4,Du monde entier,67 rue des Cinquante Otages,Nantes,,44000,France,5,True,63.0,0.0,63.0,9
10684,OTTIK,3,1997-09-26,1997-10-24,1997-09-30,1,145.63,Ottilies Käseladen,Mehrheimerstr. 369,Köln,,50739,Germany,4,True,1768.0,0.0,1768.0,90
10685,GOURL,4,1997-09-29,1997-10-13,1997-10-03,2,33.75,Gourmet Lanchonetes,Av. Brasil 442,Campinas,SP,04876-786,Brazil,4,True,801.1,0.0,801.1,39
10686,PICCO,2,1997-09-30,1997-10-28,1997-10-08,1,96.5,Piccolo und mehr,Geislweg 14,Salzburg,,5020,Austria,8,True,1638.45,234.0,1404.45,45
10687,HUNGO,9,1997-09-30,1997-10-28,1997-10-30,2,296.43,Hungry Owl All-Night Grocers,8 Johnstown Road,Cork,Co. Cork,,Ireland,30,True,6201.9,1241.0,4960.9,66
10688,VAFFE,4,1997-10-01,1997-10-15,1997-10-07,2,299.09,Vaffeljernet,Smagsloget 45,Århus,,8200,Denmark,6,True,3490.0,329.40000000000003,3160.6,92
10689,BERGS,1,1997-10-01,1997-10-29,1997-10-07,2,13.42,Berglunds snabbköp,Berguvsvägen  8,Luleå,,S-958 22,Sweden,6,True,630.0,157.5,472.5,35
10690,HANAR,1,1997-10-02,1997-10-30,1997-10-03,1,15.8,Hanari Carnes,Rua do Paço 67,Rio de Janeiro,RJ,05454-876,Brazil,1,True,1150.0,287.5,862.5,50
10691,QUICK,2,1997-10-03,1997-11-14,1997-10-22,2,810.05,QUICK-Stop,Taucherstraße 10,Cunewalde,,01307,Germany,19,True,10164.8,0.0,10164.8,182
10692,ALFKI,4,1997-10-03,1997-10-31,1997-10-13,2,61.02,Alfred's Futterkiste,Obere Str. 57,Berlin,,12209,Germany,10,True,878.0,0.0,878.0,20
10693,WHITC,3,1997-10-06,1997-10-20,1997-10-10,3,139.34,White Clover Markets,1029 - 12th Ave. S.,Seattle,WA,98124,USA,4,True,2334.0,262.8,2071.2,111
10694,QUICK,8,1997-10-06,1997-11-03,1997-10-09,3,398.36,QUICK-Stop,Taucherstraße 10,Cunewalde,,01307,Germany,3,True,4825.0,0.0,4825.0,165
10695,WILMK,7,1997-10-07,1997-11-18,1997-10-14,1,16.72,Wilman Kala,Keskuskatu 45,Helsinki,,21240,Finland,7,True,642.0,0.0,642.0,34
10696,WHITC,8,1997-10-08,1997-11-19,1997-10-14,3,102.55,White Clover Markets,1029 - 12th Ave. S.,Seattle,WA,98124,USA,6,True,996.0,0.0,996.0,38
10697,LINOD,3,1997-10-08,1997-11-05,1997-10-14,1,45.52,LINO-Delicateses,Ave. 5 de Mayo Porlamar,I. de Margarita,Nueva Esparta,4980,Venezuela,6,True,1073.9,268.48,805.42,76
10698,ERNSH,4,1997-10-09,1997-11-06,1997-10-17,1,272.47,Ernst Handel,Kirchgasse 6,Graz,,8010,Austria,8,True,3600.73,164.27999999999997,3436.45,108
10699,MORGK,3,1997-10-09,1997-11-06,1997-10-13,3,0.58,Morgenstern Gesundkost,Heerstr. 22,Leipzig,,04179,Germany,4,True,114.0,0.0,114.0,12
10700,SAVEA,3,1997-10-10,1997-11-07,1997-10-16,1,65.1,Save-a-lot Markets,187 Suffolk Ln.,Boise,ID,83720,USA,6,True,2048.0,409.6,1638.4,117
10701,HUNGO,6,1997-10-13,1997-10-27,1997-10-15,3,220.31,Hungry Owl All-Night Grocers,8 Johnstown Road,Cork,Co. Cork,,Ireland,2,True,3370.0,505.5,2864.5,97
10702,ALFKI,4,1997-10-13,1997-11-24,1997-10-21,1,23.94,Alfred's Futterkiste,Obere Str. 57,Berlin,,12209,Germany,8,True,330.0,0.0,330.0,21
10703,FOLKO,6,1997-10-14,1997-11-11,1997-10-20,2,152.3,Folk och fä HB,Åkergatan 24,Bräcke,,S-844 67,Sweden,6,True,2545.0,0.0,2545.0,75
10704,QUEEN,6,1997-10-14,1997-11-11,1997-11-07,1,4.78,Queen Cozinha,Alameda dos Canàrios 891,Sao Paulo,SP,05487-020,Brazil,24,True,595.5,0.0,595.5,65
10705,HILAA,9,1997-10-15,1997-11-12,1997-11-18,2,3.52,HILARION-Abastos,Carrera 22 con Ave. Carlos Soublette #8-35,San Cristóbal,Táchira,5022,Venezuela,34,True,378.0,0.0,378.0,24
10706,OLDWO,8,1997-10-16,1997-11-13,1997-10-21,3,135.63,Old World Delicatessen,2743 Bering St.,Anchorage,AK,99508,USA,5,True,1893.0,0.0,1893.0,52
10707,AROUT,4,1997-10-16,1997-10-30,1997-10-23,3,21.74,Around the Horn,Brook Farm Stratford St. Mary,Colchester,Essex,CO7 6JX,UK,7,True,1704.0,63.0,1641.0,89
10708,THEBI,6,1997-10-17,1997-11-28,1997-11-05,2,2.96,The Big Cheese,89 Jefferson Way Suite 2,Portland,OR,97201,USA,19,True,180.4,0.0,180.4,9
10709,GOURL,1,1997-10-17,1997-11-14,1997-11-20,3,210.8,Gourmet Lanchonetes,Av. Brasil 442,Campinas,SP,04876-786,Brazil,34,True,3424.0,0.0,3424.0,78
10710,FRANS,1,1997-10-20,1997-11-17,1997-10-23,1,4.98,Franchi S.p.A.,Via Monte Bianco 34,Torino,,10100,Italy,3,True,93.5,0.0,93.5,10
10711,SAVEA,5,1997-10-21,1997-12-02,1997-10-29,2,52.41,Save-a-lot Markets,187 Suffolk Ln.,Boise,ID,83720,USA,8,True,4451.7,0.0,4451.7,174
10712,HUNGO,3,1997-10-21,1997-11-18,1997-10-31,1,89.93,Hungry Owl All-Night Grocers,8 Johnstown Road,Cork,Co. Cork,,Ireland,10,True,1238.4,4.92,1233.48,33
10713,SAVEA,1,1997-10-22,1997-11-19,1997-10-24,1,167.05,Save-a-lot Markets,187 Suffolk Ln.,Boise,ID,83720,USA,2,True,2827.9,0.0,2827.9,182
10714,SAVEA,5,1997-10-22,1997-11-19,1997-10-27,3,24.49,Save-a-lot Markets,187 Suffolk Ln.,Boise,ID,83720,USA,5,True,2941.0,735.25,2205.75,137
10715,BONAP,3,1997-10-23,1997-11-06,1997-10-29,1,63.2,Bon app',12 rue des Bouchers,Marseille,,13008,France,6,True,1296.0,0.0,1296.0,51
10716,RANCH,4,1997-10-24,1997-11-21,1997-10-27,2,22.57,Rancho grande,Av. del Libertador 900,Buenos Aires,,1010,Argentina,3,True,706.0,0.0,706.0,22
10717,FRANK,1,1997-10-24,1997-11-21,1997-10-29,2,59.25,Frankenversand,Berliner Platz 43,München,,80805,Germany,5,True,1331.75,61.0,1270.75,72
10718,KOENE,1,1997-10-27,1997-11-24,1997-10-29,3,170.88,Königlich Essen,Maubelstr. 90,Brandenburg,,14776,Germany,2,True,3463.0,0.0,3463.0,116
10719,LETSS,8,1997-10-27,1997-11-24,1997-11-05,2,51.44,Let's Stop N Shop,87 Polk St. Suite 5,San Francisco,CA,94117,USA,9,True,1125.67,281.42,844.25,55
10720,QUEDE,8,1997-10-28,1997-11-11,1997-11-05,2,9.53,Que Delícia,Rua da Panificadora 12,Rio de Janeiro,RJ,02389-673,Brazil,8,True,550.0,0.0,550.0,29
10721,QUICK,5,1997-10-29,1997-11-26,1997-10-31,3,48.92,QUICK-Stop,Taucherstraße 10,Cunewalde,,01307,Germany,2,True,972.5,48.62,923.88,50
10722,SAVEA,8,1997-10-29,1997-12-10,1997-11-04,1,74.58,Save-a-lot Markets,187 Suffolk Ln.,Boise,ID,83720,USA,6,True,1570.0,0.0,1570.0,140
10723,WHITC,3,1997-10-30,1997-11-27,1997-11-25,1,21.72,White Clover Markets,1029 - 12th Ave. S.,Seattle,WA,98124,USA,26,True,468.45,0.0,468.45,15
10724,MEREP,8,1997-10-30,1997-12-11,1997-11-05,2,57.75,Mère Paillarde,43 rue St. Laurent,Montréal,Québec,H1J 1C3,Canada,6,True,638.5,0.0,638.5,21
10725,FAMIA,4,1997-10-31,1997-11-28,1997-11-05,3,10.83,Familia Arquibaldo,Rua Orós 92,Sao Paulo,SP,05442-030,Brazil,5,True,287.8,0.0,287.8,22
10726,EASTC,4,1997-11-03,1997-11-17,1997-12-05,1,16.56,Eastern Connection,35 King George,London,,WX3 6FW,UK,32,True,655.0,0.0,655.0,30
10727,REGGC,2,1997-11-03,1997-12-01,1997-12-05,1,89.9,Reggiani Caseifici,Strada Provinciale 124,Reggio Emilia,,42100,Italy,32,True,1710.0,85.5,1624.5,40
10728,QUEEN,4,1997-11-04,1997-12-02,1997-11-11,2,58.33,Queen Cozinha,Alameda dos Canàrios 891,Sao Paulo,SP,05487-020,Brazil,7,True,1296.75,0.0,1296.75,48
10729,LINOD,8,1997-11-04,1997-12-16,1997-11-14,3,141.06,LINO-Delicateses,Ave. 5 de Mayo Porlamar,I. de Margarita,Nueva Esparta,4980,Venezuela,10,True,1850.0,0.0,1850.0,120
10730,BONAP,5,1997-11-05,1997-12-03,1997-11-14,1,20.12,Bon app',12 rue des Bouchers,Marseille,,13008,France,9,True,509.75,25.49,484.26,28
10731,CHOPS,7,1997-11-06,1997-12-04,1997-11-14,1,96.65,Chop-suey Chinese,Hauptstr. 31,Bern,,3012,Switzerland,8,True,1990.0,99.5,1890.5,70
10732,BONAP,3,1997-11-06,1997-12-04,1997-11-07,1,16.97,Bon app',12 rue des Bouchers,Marseille,,13008,France,1,True,360.0,0.0,360.0,20
10733,BERGS,1,1997-11-07,1997-12-05,1997-11-10,3,110.11,Berglunds snabbköp,Berguvsvägen  8,Luleå,,S-958 22,Sweden,3,True,1459.0,0.0,1459.0,61
10734,GOURL,2,1997-11-07,1997-12-05,1997-11-12,3,1.63,Gourmet Lanchonetes,Av. Brasil 442,Campinas,SP,04876-786,Brazil,5,True,1498.35,0.0,1498.35,65
10735,LETSS,6,1997-11-10,1997-12-08,1997-11-21,2,45.97,Let's Stop N Shop,87 Polk St. Suite 5,San Francisco,CA,94117,USA,11,True,596.0,59.6,536.4,22
10736,HUNGO,9,1997-11-11,1997-12-09,1997-11-21,2,44.1,Hungry Owl All-Night Grocers,8 Johnstown Road,Cork,Co. Cork,,Ireland,10,True,997.0,0.0,997.0,60
10737,VINET,2,1997-11-11,1997-12-09,1997-11-18,2,7.79,Vins et alcools Chevalier,59 rue de l'Abbaye,Reims,,51100,France,7,True,139.8,0.0,139.8,16
10738,SPECD,2,1997-11-12,1997-12-10,1997-11-18,1,2.91,Spécialités du monde,25 rue Lauriston,Paris,,75016,France,6,True,52.35,0.0,52.35,3
10739,VINET,3,1997-11-12,1997-12-10,1997-11-17,3,11.08,Vins et alcools Chevalier,59 rue de l'Abbaye,Reims,,51100,France,5,True,240.0,0.0,240.0,24
10740,WHITC,4,1997-11-13,1997-12-11,1997-11-25,2,81.88,White Clover Markets,1029 - 12th Ave. S.,Seattle,WA,98124,USA,12,True,1770.0,354.0,1416.0,94
10741,AROUT,4,1997-11-14,1997-11-28,1997-11-18,3,10.96,Around the Horn,Brook Farm Stratford St. Mary,Colchester,Essex,CO7 6JX,UK,4,True,285.0,57.0,228.0,15
10742,BOTTM,3,1997-11-14,1997-12-12,1997-11-18,3,243.73,Bottom-Dollar Markets,23 Tsawassen Blvd.,Tsawassen,BC,T2F 8M4,Canada,4,True,3118.0,0.0,3118.0,105
10743,AROUT,1,1997-11-17,1997-12-15,1997-11-21,2,23.72,Around the Horn,Brook Farm Stratford St. Mary,Colchester,Essex,CO7 6JX,UK,4,True,336.0,16.8,319.2,28
10744,VAFFE,6,1997-11-17,1997-12-15,1997-11-24,1,69.19,Vaffeljernet,Smagsloget 45,Århus,,8200,Denmark,7,True,920.0,184.0,736.0,50
10745,QUICK,9,1997-11-18,1997-12-16,1997-11-27,1,3.52,QUICK-Stop,Taucherstraße 10,Cunewalde,,01307,Germany,9,True,4529.8,0.0,4529.8,92
10746,CHOPS,1,1997-11-19,1997-12-17,1997-11-21,3,31.43,Chop-suey Chinese,Hauptstr. 31,Bern,,3012,Switzerland,2,True,2311.7,0.0,2311.7,83
10747,PICCO,6,1997-11-19,1997-12-17,1997-11-26,1,117.33,Piccolo und mehr,Geislweg 14,Salzburg,,5020,Austria,7,True,1912.85,0.0,1912.85,82
10748,SAVEA,3,1997-11-20,1997-12-18,1997-11-28,1,232.55,Save-a-lot Markets,187 Suffolk Ln.,Boise,ID,83720,USA,8,True,2196.0,0.0,2196.0,112
10749,ISLAT,4,1997-11-20,1997-12-18,1997-12-19,2,61.53,Island Trading,Garden House Crowther Way,Cowes,Isle of Wight,PO31 7PJ,UK,29,True,1080.0,0.0,1080.0,31
10750,WARTH,9,1997-11-21,1997-12-19,1997-11-24,1,79.3,Wartian Herkku,Torikatu 38,Oulu,,90110,Finland,3,True,1871.25,280.69,1590.56,70
10751,RICSU,3,1997-11-24,1997-12-22,1997-12-03,3,130.79,Richter Supermarkt,Starenweg 5,Genève,,1204,Switzerland,9,True,1701.46,69.97999999999999,1631.48,77
10752,NORTS,2,1997-11-24,1997-12-22,1997-11-28,3,1.39,North/South,South House 300 Queensbridge,London,,SW7 1RZ,UK,4,True,252.0,0.0,252.0,11
10753,FRANS,3,1997-11-25,1997-12-23,1997-11-27,1,7.7,Franchi S.p.A.,Via Monte Bianco 34,Torino,,10100,Italy,2,True,88.0,0.0,88.0,9
10754,MAGAA,6,1997-11-25,1997-12-23,1997-11-27,3,2.38,Magazzini Alimentari Riuniti,Via Ludovico il Moro 22,Bergamo,,24100,Italy,2,True,55.2,0.0,55.2,3
10755,BONAP,4,1997-11-26,1997-12-24,1997-11-28,2,16.71,Bon app',12 rue des Bouchers,Marseille,,13008,France,2,True,2598.0,649.5,1948.5,99
10756,SPLIR,8,1997-11-27,1997-12-25,1997-12-02,2,73.21,Split Rail Beer & Ale,P.O. Box 555,Lander,WY,82520,USA,5,True,2487.5,497.5,1990.0,67
10757,SAVEA,6,1997-11-27,1997-12-25,1997-12-15,1,8.19,Save-a-lot Markets,187 Suffolk Ln.,Boise,ID,83720,USA,18,True,3082.0,0.0,3082.0,91
10758,RICSU,3,1997-11-28,1997-12-26,1997-12-04,3,138.17,Richter Supermarkt,Starenweg 5,Genève,,1204,Switzerland,6,True,1644.6,0.0,1644.6,120
10759,ANATR,3,1997-11-28,1997-12-26,1997-12-12,3,11.99,Ana Trujillo Emparedados y helados,Avda. de la Constitución 2222,México D.F.,,05021,Mexico,14,True,320.0,0.0,320.0,10
10760,MAISD,4,1997-12-01,1997-12-29,1997-12-10,1,155.64,Maison Dewey,Rue Joseph-Bens 532,Bruxelles,,B-1180,Belgium,9,True,3304.0,387.0,2917.0,82
10761,RATTC,5,1997-12-02,1997-12-30,1997-12-08,2,18.66,Rattlesnake Canyon Grocery,2817 Milton Dr.,Albuquerque,NM,87110,USA,6,True,629.5,122.5,507.0,53
10762,FOLKO,3,1997-12-02,1997-12-30,1997-12-09,1,328.74,Folk och fä HB,Åkergatan 24,Bräcke,,S-844 67,Sweden,7,True,4337.0,0.0,4337.0,134
10763,FOLIG,3,1997-12-03,1997-12-31,1997-12-08,3,37.35,Folies gourmandes,184 chaussée de Tournai,Lille,,59000,France,5,True,616.0,0.0,616.0,66
10764,ERNSH,6,1997-12-03,1997-12-31,1997-12-08,3,145.45,Ernst Handel,Kirchgasse 6,Graz,,8010,Austria,5,True,2540.0,254.0,2286.0,150
10765,QUICK,3,1997-12-04,1998-01-01,1997-12-09,3,42.74,QUICK-Stop,Taucherstraße 10,Cunewalde,,01307,Germany,5,True,1684.0,168.4,1515.6,80
10766,OTTIK,4,1997-12-05,1998-01-02,1997-12-09,1,157.55,Ottilies Käseladen,Mehrheimerstr. 369,Köln,,50739,Germany,4,True,2310.0,0.0,2310.0,115
10767,SUPRD,4,1997-12-05,1998-01-02,1997-12-15,3,1.59,Suprêmes délices,Boulevard Tirou 255,Charleroi,,B-6000,Belgium,10,True,28.0,0.0,28.0,2
10768,AROUT,3,1997-12-08,1998-01-05,1997-12-15,2,146.32,Around the Horn,Brook Farm Stratford St. Mary,Colchester,Essex,CO7 6JX,UK,7,True,1477.0,0.0,1477.0,81
10769,VAFFE,3,1997-12-08,1998-01-05,1997-12-12,1,65.06,Vaffeljernet,Smagsloget 45,Århus,,8200,Denmark,4,True,1704.0,19.73,1684.27,80
10770,HANAR,8,1997-12-09,1998-01-06,1997-12-17,3,5.32,Hanari Carnes,Rua do Paço 67,Rio de Janeiro,RJ,05454-876,Brazil,8,True,315.0,78.75,236.25,15
10771,ERNSH,9,1997-12-10,1998-01-07,1998-01-02,2,11.19,Ernst Handel,Kirchgasse 6,Graz,,8010,Austria,23,True,344.0,0.0,344.0,16
10772,LEHMS,3,1997-12-10,1998-01-07,1997-12-19,2,91.28,Lehmanns Marktstand,Magazinweg 7,Frankfurt a.M.,,60528,Germany,9,True,3603.22,0.0,3603.22,43
10773,ERNSH,1,1997-12-11,1998-01-08,1997-12-16,3,96.43,Ernst Handel,Kirchgasse 6,Graz,,8010,Austria,5,True,2216.25,185.85,2030.4,110
10774,FOLKO,4,1997-12-11,1997-12-25,1997-12-12,1,48.2,Folk och fä HB,Åkergatan 24,Bräcke,,S-844 67,Sweden,1,True,875.0,6.25,868.75,52
10775,THECR,7,1997-12-12,1998-01-09,1997-12-26,1,20.25,The Cracker Box,55 Grizzly Peak Rd.,Butte,MT,59801,USA,14,True,228.0,0.0,228.0,9
10776,ERNSH,1,1997-12-15,1998-01-12,1997-12-18,3,351.53,Ernst Handel,Kirchgasse 6,Graz,,8010,Austria,3,True,6984.5,349.22,6635.28,175
10777,GOURL,7,1997-12-15,1997-12-29,1998-01-21,2,3.01,Gourmet Lanchonetes,Av. Brasil 442,Campinas,SP,04876-786,Brazil,37,True,280.0,56.0,224.0,20
10778,BERGS,3,1997-12-16,1998-01-13,1997-12-24,1,6.79,Berglunds snabbköp,Berguvsvägen  8,Luleå,,S-958 22,Sweden,8,True,96.5,0.0,96.5,10
10779,MORGK,3,1997-12-16,1998-01-13,1998-01-14,2,58.13,Morgenstern Gesundkost,Heerstr. 22,Leipzig,,04179,Germany,29,True,1335.0,0.0,1335.0,40
10780,LILAS,2,1997-12-16,1997-12-30,1997-12-25,1,42.13,LILA-Supermercado,Carrera 52 con Ave. Bolívar #65-98 Llano Largo,Barquisimeto,Lara,3508,Venezuela,9,True,720.0,0.0,720.0,50
10781,WARTH,2,1997-12-17,1998-01-14,1997-12-19,3,73.16,Wartian Herkku,Torikatu 38,Oulu,,90110,Finland,2,True,1132.35,156.47,975.88,58
10782,CACTU,9,1997-12-17,1998-01-14,1997-12-22,3,1.1,Cactus Comidas para llevar,Cerrito 333,Buenos Aires,,1010,Argentina,5,True,12.5,0.0,12.5,1
10783,HANAR,4,1997-12-18,1998-01-15,1997-12-19,2,124.98,Hanari Carnes,Rua do Paço 67,Rio de Janeiro,RJ,05454-876,Brazil,1,True,1442.5,0.0,1442.5,15
10784,MAGAA,4,1997-12-18,1998-01-15,1997-12-22,3,70.09,Magazzini Alimentari Riuniti,Via Ludovico il Moro 22,Bergamo,,24100,Italy,4,True,1650.0,162.0,1488.0,62
10785,GROSR,1,1997-12-18,1998-01-15,1997-12-24,3,1.51,GROSELLA-Restaurante,5ª Ave. Los Palos Grandes,Caracas,DF,1081,Venezuela,6,True,387.5,0.0,387.5,20
10786,QUEEN,8,1997-12-19,1998-01-16,1997-12-23,1,110.87,Queen Cozinha,Alameda dos Canàrios 891,Sao Paulo,SP,05487-020,Brazil,4,True,1913.85,382.77,1531.08,87
10787,LAMAI,2,1997-12-19,1998-01-02,1997-12-26,1,249.93,La maison d'Asie,1 rue Alsace-Lorraine,Toulouse,,31000,France,7,True,2760.8,138.04000000000002,2622.76,35
10788,QUICK,1,1997-12-22,1998-01-19,1998-01-19,2,42.7,QUICK-Stop,Taucherstraße 10,Cunewalde,,01307,Germany,28,True,770.0,38.5,731.5,90
10789,FOLIG,1,1997-12-22,1998-01-19,1997-12-31,2,100.6,Folies gourmandes,184 chaussée de Tournai,Lille,,59000,France,9,True,3687.0,0.0,3687.0,93
10790,GOURL,6,1997-12-22,1998-01-19,1997-12-26,1,28.23,Gourmet Lanchonetes,Av. Brasil 442,Campinas,SP,04876-786,Brazil,4,True,850.0,127.5,722.5,23
10791,FRANK,6,1997-12-23,1998-01-20,1998-01-01,2,16.85,Frankenversand,Berliner Platz 43,München,,80805,Germany,9,True,1926.06,96.30000000000001,1829.76,34
10792,WOLZA,1,1997-12-23,1998-01-20,1997-12-31,3,23.79,Wolski Zajazd,ul. Filtrowa 68,Warszawa,,01-012,Poland,8,True,399.85,0.0,399.85,28
10793,AROUT,3,1997-12-24,1998-01-21,1998-01-08,3,4.52,Around the Horn,Brook Farm Stratford St. Mary,Colchester,Essex,CO7 6JX,UK,15,True,191.1,0.0,191.1,22
10794,QUEDE,6,1997-12-24,1998-01-21,1998-01-02,1,21.49,Que Delícia,Rua da Panificadora 12,Rio de Janeiro,RJ,02389-673,Brazil,9,True,393.45,78.69,314.76,21
10795,ERNSH,8,1997-12-24,1998-01-21,1998-01-20,2,126.66,Ernst Handel,Kirchgasse 6,Graz,,8010,Austria,27,True,2499.25,341.25,2158.0,100
10796,HILAA,3,1997-12-25,1998-01-22,1998-01-14,1,26.52,HILARION-Abastos,Carrera 22 con Ave. Carlos Soublette #8-35,San Cristóbal,Táchira,5022,Venezuela,20,True,2878.08,536.72,2341.36,90
10797,DRACD,7,1997-12-25,1998-01-22,1998-01-05,2,33.35,Drachenblut Delikatessen,Walserweg 21,Aachen,,52066,Germany,11,True,420.0,0.0,420.0,20
10798,ISLAT,2,1997-12-26,1998-01-23,1998-01-05,1,2.33,Island Trading,Garden House Crowther Way,Cowes,Isle of Wight,PO31 7PJ,UK,10,True,446.6,0.0,446.6,12
10799,KOENE,9,1997-12-26,1998-02-06,1998-01-05,3,30.76,Königlich Essen,Maubelstr. 90,Brandenburg,,14776,Germany,10,True,1585.0,31.5,1553.5,65
10800,SEVES,1,1997-12-26,1998-01-23,1998-01-05,3,137.44,Seven Seas Imports,90 Wadhurst Rd.,London,,OX15 4NB,UK,10,True,1632.15,163.22,1468.93,67
10801,BOLID,4,1997-12-29,1998-01-26,1997-12-31,2,97.09,Bólido Comidas preparadas,C/ Araquil 67,Madrid,,28023,Spain,2,True,4035.8,1008.95,3026.85,60
10802,SIMOB,4,1997-12-29,1998-01-26,1998-01-02,2,257.26,Simons bistro,Vinbæltet 34,Kobenhavn,,1734,Denmark,4,True,3923.75,980.93,2942.82,120
10803,WELLI,4,1997-12-30,1998-01-27,1998-01-06,1,55.23,Wellington Importadora,Rua do Mercado 12,Resende,SP,08737-363,Brazil,7,True,1255.8,62.79,1193.01,54
10804,SEVES,6,1997-12-30,1998-01-27,1998-01-07,2,27.33,Seven Seas Imports,90 Wadhurst Rd.,London,,OX15 4NB,UK,8,True,2290.4,12.0,2278.4,64
10805,THEBI,2,1997-12-30,1998-01-27,1998-01-09,3,237.34,The Big Cheese,89 Jefferson Way Suite 2,Portland,OR,97201,USA,10,True,2775.0,0.0,2775.0,20
10806,VICTE,3,1997-12-31,1998-01-28,1998-01-05,2,22.11,Victuailles en stock,2 rue du Commerce,Lyon,,69004,France,5,True,572.1,132.5,439.6,37
10807,FRANS,4,1997-12-31,1998-01-28,1998-01-30,1,1.36,Franchi S.p.A.,Via Monte Bianco 34,Torino,,10100,Italy,30,True,18.4,0.0,18.4,1
10808,OLDWO,2,1998-01-01,1998-01-29,1998-01-09,3,45.53,Old World Delicatessen,2743 Bering St.,Anchorage,AK,99508,USA,8,True,1660.0,249.0,1411.0,70
10809,WELLI,7,1998-01-01,1998-01-29,1998-01-07,1,4.87,Wellington Importadora,Rua do Mercado 12,Resende,SP,08737-363,Brazil,6,True,140.0,0.0,140.0,20
10810,LAUGB,2,1998-01-01,1998-01-29,1998-01-07,3,4.33,Laughing Bacchus Wine Cellars,2319 Elm St.,Vancouver,BC,V3F 2K1,Canada,6,True,187.0,0.0,187.0,17
10811,LINOD,8,1998-01-02,1998-01-30,1998-01-08,1,31.22,LINO-Delicateses,Ave. 5 de Mayo Porlamar,I. de Margarita,Nueva Esparta,4980,Venezuela,6,True,852.0,0.0,852.0,63
10812,REGGC,5,1998-01-02,1998-01-30,1998-01-12,1,59.78,Reggiani Caseifici,Strada Provinciale 124,Reggio Emilia,,42100,Italy,10,True,1852.0,159.2,1692.8,76
10813,RICAR,1,1998-01-05,1998-02-02,1998-01-09,1,47.38,Ricardo Adocicados,Av. Copacabana 267,Rio de Janeiro,RJ,02389-890,Brazil,4,True,648.0,45.6,602.4,47
10814,VICTE,3,1998-01-05,1998-02-02,1998-01-14,3,130.94,Victuailles en stock,2 rue du Commerce,Lyon,,69004,France,9,True,2070.0,281.55,1788.45,78
10815,SAVEA,2,1998-01-05,1998-02-02,1998-01-14,3,14.62,Save-a-lot Markets,187 Suffolk Ln.,Boise,ID,83720,USA,9,True,40.0,0.0,40.0,16
10816,GREAL,4,1998-01-06,1998-02-03,1998-02-04,2,719.78,Great Lakes Food Market,2732 Baker Blvd.,Eugene,OR,97403,USA,29,True,8891.0,444.55,8446.45,50
10817,KOENE,3,1998-01-06,1998-01-20,1998-01-13,2,306.07,Königlich Essen,Maubelstr. 90,Brandenburg,,14776,Germany,7,True,11490.7,537.86,10952.84,155
10818,MAGAA,7,1998-01-07,1998-02-04,1998-01-12,3,65.48,Magazzini Alimentari Riuniti,Via Ludovico il Moro 22,Bergamo,,24100,Italy,5,True,833.0,0.0,833.0,40
10819,CACTU,2,1998-01-07,1998-02-04,1998-01-16,3,19.76,Cactus Comidas para llevar,Cerrito 333,Buenos Aires,,1010,Argentina,9,True,477.0,0.0,477.0,27
10820,RATTC,3,1998-01-07,1998-02-04,1998-01-13,2,37.52,Rattlesnake Canyon Grocery,2817 Milton Dr.,Albuquerque,NM,87110,USA,6,True,1140.0,0.0,1140.0,30
10821,SPLIR,1,1998-01-08,1998-02-05,1998-01-15,1,36.68,Split Rail Beer & Ale,P.O. Box 555,Lander,WY,82520,USA,7,True,678.0,0.0,678.0,26
10822,TRAIH,6,1998-01-08,1998-02-05,1998-01-16,3,7.0,Trail's Head Gourmet Provisioners,722 DaVinci Blvd.,Kirkland,WA,98034,USA,8,True,237.9,0.0,237.9,9
10823,LILAS,5,1998-01-09,1998-02-06,1998-01-13,2,163.97,LILA-Supermercado,Carrera 52 con Ave. Bolívar #65-98 Llano Largo,Barquisimeto,Lara,3508,Venezuela,4,True,3107.5,281.5,2826.0,90
10824,FOLKO,8,1998-01-09,1998-02-06,1998-01-30,1,1.23,Folk och fä HB,Åkergatan 24,Bräcke,,S-844 67,Sweden,21,True,250.8,0.0,250.8,21
10825,DRACD,1,1998-01-09,1998-02-06,1998-01-14,1,79.25,Drachenblut Delikatessen,Walserweg 21,Aachen,,52066,Germany,5,True,1030.76,0.0,1030.76,32
10826,BLONP,6,1998-01-12,1998-02-09,1998-02-06,1,7.09,Blondel père et fils,24 place Kléber,Strasbourg,,67000,France,25,True,730.0,0.0,730.0,50
10827,BONAP,1,1998-01-12,1998-01-26,1998-02-06,2,63.54,Bon app',12 rue des Bouchers,Marseille,,13008,France,25,True,843.0,0.0,843.0,36
10828,RANCH,9,1998-01-13,1998-01-27,1998-02-04,1,90.85,Rancho grande,Av. del Libertador 900,Buenos Aires,,1010,Argentina,22,True,932.0,0.0,932.0,7
10829,ISLAT,9,1998-01-13,1998-02-10,1998-01-23,1,154.72,Island Trading,Garden House Crowther Way,Cowes,Isle of Wight,PO31 7PJ,UK,10,True,1764.0,0.0,1764.0,61
10830,TRADH,4,1998-01-13,1998-02-24,1998-01-21,2,81.83,Tradiçao Hipermercados,Av. Inês de Castro 414,Sao Paulo,SP,05634-030,Brazil,8,True,1974.0,0.0,1974.0,88
10831,SANTG,3,1998-01-14,1998-02-11,1998-01-23,2,72.19,Santé Gourmet,Erling Skakkes gate 78,Stavern,,4110,Norway,9,True,2684.4,0.0,2684.4,27
10832,LAMAI,2,1998-01-14,1998-02-11,1998-01-19,2,43.26,La maison d'Asie,1 rue Alsace-Lorraine,Toulouse,,31000,France,5,True,568.95,93.84,475.11,32
10833,OTTIK,6,1998-01-15,1998-02-12,1998-01-23,2,71.49,Ottilies Käseladen,Mehrheimerstr. 369,Köln,,50739,Germany,8,True,1007.7,100.77,906.93,38
10834,TRADH,1,1998-01-15,1998-02-12,1998-01-19,3,29.78,Tradiçao Hipermercados,Av. Inês de Castro 414,Sao Paulo,SP,05634-030,Brazil,4,True,1508.12,75.41,1432.71,28
10835,ALFKI,1,1998-01-15,1998-02-12,1998-01-21,3,69.53,Alfred's Futterkiste,Obere Str. 57,Berlin,,12209,Germany,6,True,851.0,5.2,845.8,17
10836,ERNSH,7,1998-01-16,1998-02-13,1998-01-21,1,411.88,Ernst Handel,Kirchgasse 6,Graz,,8010,Austria,5,True,4705.5,0.0,4705.5,172
10837,BERGS,9,1998-01-16,1998-02-13,1998-01-23,3,13.32,Berglunds snabbköp,Berguvsvägen  8,Luleå,,S-958 22,Sweden,7,True,1254.0,189.5,1064.5,92
10838,LINOD,3,1998-01-19,1998-02-16,1998-01-23,3,59.28,LINO-Delicateses,Ave. 5 de Mayo Porlamar,I. de Margarita,Nueva Esparta,4980,Venezuela,4,True,2584.5,646.12,1938.38,79
10839,TRADH,3,1998-01-19,1998-02-16,1998-01-22,3,35.43,Tradiçao Hipermercados,Av. Inês de Castro 414,Sao Paulo,SP,05634-030,Brazil,3,True,919.5,91.95,827.55,45
10840,LINOD,4,1998-01-19,1998-03-02,1998-02-16,2,2.71,LINO-Delicateses,Ave. 5 de Mayo Porlamar,I. de Margarita,Nueva Esparta,4980,Venezuela,28,True,264.0,52.8,211.2,16
10841,SUPRD,5,1998-01-20,1998-02-17,1998-01-29,2,424.3,Suprêmes délices,Boulevard Tirou 255,Charleroi,,B-6000,Belgium,9,True,4581.0,0.0,4581.0,111
10842,TORTU,1,1998-01-20,1998-02-17,1998-01-29,3,54.42,Tortuga Restaurante,Avda. Azteca 123,México D.F.,,05033,Mexico,9,True,975.0,0.0,975.0,52
10843,VICTE,4,1998-01-21,1998-02-18,1998-01-26,2,9.26,Victuailles en stock,2 rue du Commerce,Lyon,,69004,France,5,True,212.0,53.0,159.0,4
10844,PICCO,8,1998-01-21,1998-02-18,1998-01-26,2,25.22,Piccolo und mehr,Geislweg 14,Salzburg,,5020,Austria,5,True,735.0,0.0,735.0,35
10845,QUICK,8,1998-01-21,1998-02-04,1998-01-30,1,212.98,QUICK-Stop,Taucherstraße 10,Cunewalde,,01307,Germany,9,True,4059.0,246.3,3812.7,245
10846,SUPRD,2,1998-01-22,1998-03-05,1998-01-23,3,56.46,Suprêmes délices,Boulevard Tirou 255,Charleroi,,B-6000,Belgium,1,True,1112.0,0.0,1112.0,71
10847,SAVEA,4,1998-01-22,1998-02-05,1998-02-10,3,487.57,Save-a-lot Markets,187 Suffolk Ln.,Boise,ID,83720,USA,19,True,6164.9,1232.98,4931.92,288
10848,CONSH,7,1998-01-23,1998-02-20,1998-01-29,2,38.24,Consolidated Holdings,Berkeley Gardens 12  Brewery,London,,WX1 6LT,UK,6,True,931.5,0.0,931.5,33
10849,KOENE,9,1998-01-23,1998-02-20,1998-01-30,2,0.56,Königlich Essen,Maubelstr. 90,Brandenburg,,14776,Germany,7,True,1052.14,84.32,967.82,67
10850,VICTE,1,1998-01-23,1998-03-06,1998-01-30,1,49.19,Victuailles en stock,2 rue du Commerce,Lyon,,69004,France,7,True,740.0,111.0,629.0,54
10851,RICAR,5,1998-01-26,1998-02-23,1998-02-02,1,160.55,Ricardo Adocicados,Av. Copacabana 267,Rio de Janeiro,RJ,02389-890,Brazil,7,True,2740.0,137.0,2603.0,67
10852,RATTC,8,1998-01-26,1998-02-09,1998-01-30,1,174.05,Rattlesnake Canyon Grocery,2817 Milton Dr.,Albuquerque,NM,87110,USA,4,True,2984.0,0.0,2984.0,71
10853,BLAUS,9,1998-01-27,1998-02-24,1998-02-03,2,53.83,Blauer See Delikatessen,Forsterstr. 57,Mannheim,,68306,Germany,7,True,625.0,0.0,625.0,10
10854,ERNSH,3,1998-01-27,1998-02-24,1998-02-05,2,100.22,Ernst Handel,Kirchgasse 6,Graz,,8010,Austria,9,True,3490.0,523.5,2966.5,165
10855,OLDWO,3,1998-01-27,1998-02-24,1998-02-04,1,170.97,Old World Delicatessen,2743 Bering St.,Anchorage,AK,99508,USA,8,True,2275.25,47.36,2227.89,103
10856,ANTON,3,1998-01-28,1998-02-25,1998-02-10,2,58.43,Antonio Moreno Taquería,Mataderos  2312,México D.F.,,05023,Mexico,13,True,660.0,0.0,660.0,40
10857,BERGS,8,1998-01-28,1998-02-25,1998-02-06,2,188.85,Berglunds snabbköp,Berguvsvägen  8,Luleå,,S-958 22,Sweden,9,True,2630.95,582.74,2048.21,75
10858,LACOR,2,1998-01-29,1998-02-26,1998-02-03,1,52.51,La corne d'abondance,67 avenue de l'Europe,Versailles,,78000,France,5,True,649.0,0.0,649.0,19
10859,FRANK,1,1998-01-29,1998-02-26,1998-02-02,2,76.1,Frankenversand,Berliner Platz 43,München,,80805,Germany,4,True,1438.25,359.57,1078.68,105
10860,FRANR,3,1998-01-29,1998-02-26,1998-02-04,3,19.26,France restauration,54 rue Royale,Nantes,,44000,France,6,True,519.0,0.0,519.0,23
10861,WHITC,4,1998-01-30,1998-02-27,1998-02-17,2,14.93,White Clover Markets,1029 - 12th Ave. S.,Seattle,WA,98124,USA,18,True,3523.4,0.0,3523.4,140
10862,LEHMS,8,1998-01-30,1998-03-13,1998-02-02,2,53.23,Lehmanns Marktstand,Magazinweg 7,Frankfurt a.M.,,60528,Germany,3,True,581.0,0.0,581.0,33
10863,HILAA,4,1998-02-02,1998-03-02,1998-02-17,2,30.26,HILARION-Abastos,Carrera 22 con Ave. Carlos Soublette #8-35,San Cristóbal,Táchira,5022,Venezuela,15,True,519.0,77.85,441.15,32
10864,AROUT,4,1998-02-02,1998-03-02,1998-02-09,2,3.04,Around the Horn,Brook Farm Stratford St. Mary,Colchester,Essex,CO7 6JX,UK,7,True,282.0,0.0,282.0,19
10865,QUICK,2,1998-02-02,1998-02-16,1998-02-12,1,348.14,QUICK-Stop,Taucherstraße 10,Cunewalde,,01307,Germany,10,True,17250.0,862.5,16387.5,140
10866,BERGS,5,1998-02-03,1998-03-03,1998-02-12,1,109.11,Berglunds snabbköp,Berguvsvägen  8,Luleå,,S-958 22,Sweden,9,True,1461.6,365.4,1096.2,67
10867,LONEP,6,1998-02-03,1998-03-17,1998-02-11,1,1.93,Lonesome Pine Restaurant,89 Chiaroscuro Rd.,Portland,OR,97219,USA,8,True,98.4,0.0,98.4,3
10868,QUEEN,7,1998-02-04,1998-03-04,1998-02-23,2,191.27,Queen Cozinha,Alameda dos Canàrios 891,Sao Paulo,SP,05487-020,Brazil,19,True,2004.6,84.0,1920.6,92
10869,SEVES,5,1998-02-04,1998-03-04,1998-02-09,1,143.28,Seven Seas Imports,90 Wadhurst Rd.,London,,OX15 4NB,UK,5,True,1630.0,0.0,1630.0,120
10870,WOLZA,5,1998-02-04,1998-03-04,1998-02-13,3,12.04,Wolski Zajazd,ul. Filtrowa 68,Warszawa,,01-012,Poland,9,True,160.0,0.0,160.0,5
10871,BONAP,9,1998-02-05,1998-03-05,1998-02-10,2,112.27,Bon app',12 rue des Bouchers,Marseille,,13008,France,5,True,2083.4,104.17,1979.23,78
10872,GODOS,5,1998-02-05,1998-03-05,1998-02-09,2,175.32,Godos Cocina Típica,C/ Romero 33,Sevilla,,41101,Spain,4,True,2166.8,108.34,2058.46,66
10873,WILMK,4,1998-02-06,1998-03-06,1998-02-09,1,0.82,Wilman Kala,Keskuskatu 45,Helsinki,,21240,Finland,3,True,336.8,0.0,336.8,23
10874,GODOS,5,1998-02-06,1998-03-06,1998-02-11,2,19.58,Godos Cocina Típica,C/ Romero 33,Sevilla,,41101,Spain,5,True,310.0,0.0,310.0,10
10875,BERGS,4,1998-02-06,1998-03-06,1998-03-03,2,32.37,Berglunds snabbköp,Berguvsvägen  8,Luleå,,S-958 22,Sweden,25,True,729.5,19.95,709.55,61
10876,BONAP,7,1998-02-09,1998-03-09,1998-02-12,3,60.42,Bon app',12 rue des Bouchers,Marseille,,13008,France,3,True,917.0,0.0,917.0,41
10877,RICAR,1,1998-02-09,1998-03-09,1998-02-19,1,38.06,Ricardo Adocicados,Av. Copacabana 267,Rio de Janeiro,RJ,02389-890,Brazil,10,True,2086.0,130.88,1955.12,55
10878,QUICK,4,1998-02-10,1998-03-10,1998-02-12,1,46.69,QUICK-Stop,Taucherstraße 10,Cunewalde,,01307,Germany,2,True,1620.0,81.0,1539.0,20
10879,WILMK,3,1998-02-10,1998-03-10,1998-02-12,3,8.5,Wilman Kala,Keskuskatu 45,Helsinki,,21240,Finland,2,True,611.3,0.0,611.3,32
10880,FOLKO,7,1998-02-10,1998-03-24,1998-02-18,1,88.01,Folk och fä HB,Åkergatan 24,Bräcke,,S-844 67,Sweden,8,True,1875.0,375.0,1500.0,110
10881,CACTU,4,1998-02-11,1998-03-11,1998-02-18,1,2.84,Cactus Comidas para llevar,Cerrito 333,Buenos Aires,,1010,Argentina,7,True,150.0,0.0,150.0,10
10882,SAVEA,4,1998-02-11,1998-03-11,1998-02-20,3,23.1,Save-a-lot Markets,187 Suffolk Ln.,Boise,ID,83720,USA,9,True,988.4,95.75999999999999,892.64,77
10883,LONEP,8,1998-02-12,1998-03-12,1998-02-20,3,0.53,Lonesome Pine Restaurant,89 Chiaroscuro Rd.,Portland,OR,97219,USA,8,True,36.0,0.0,36.0,8
10884,LETSS,4,1998-02-12,1998-03-12,1998-02-13,2,90.97,Let's Stop N Shop,87 Polk St. Suite 5,San Francisco,CA,94117,USA,1,True,1450.6,72.53,1378.07,73
10885,SUPRD,6,1998-02-12,1998-03-12,1998-02-18,3,5.64,Suprêmes délices,Boulevard Tirou 255,Charleroi,,B-6000,Belgium,6,True,1209.0,0.0,1209.0,87
10886,HANAR,1,1998-02-13,1998-03-13,1998-03-02,1,4.99,Hanari Carnes,Rua do Paço 67,Rio de Janeiro,RJ,05454-876,Brazil,17,True,3127.5,0.0,3127.5,145
10887,GALED,8,1998-02-13,1998-03-13,1998-02-16,3,1.25,Galería del gastronómo,Rambla de Cataluña 23,Barcelona,,8022,Spain,3,True,70.0,0.0,70.0,5
10888,GODOS,1,1998-02-16,1998-03-16,1998-02-23,2,51.87,Godos Cocina Típica,C/ Romero 33,Sevilla,,41101,Spain,7,True,605.0,0.0,605.0,38
10889,RATTC,9,1998-02-16,1998-03-16,1998-02-23,3,280.61,Rattlesnake Canyon Grocery,2817 Milton Dr.,Albuquerque,NM,87110,USA,7,True,11380.0,0.0,11380.0,80
10890,DUMON,7,1998-02-16,1998-03-16,1998-02-18,1,32.76,Du monde entier,67 rue des Cinquante Otages,Nantes,,44000,France,2,True,860.1,0.0,860.1,39
10891,LEHMS,7,1998-02-17,1998-03-17,1998-02-19,2,20.37,Lehmanns Marktstand,Magazinweg 7,Frankfurt a.M.,,60528,Germany,2,True,388.35,19.42,368.93,15
10892,MAISD,4,1998-02-17,1998-03-17,1998-02-19,2,120.27,Maison Dewey,Rue Joseph-Bens 532,Bruxelles,,B-1180,Belgium,2,True,2200.0,110.0,2090.0,40
10893,KOENE,9,1998-02-18,1998-03-18,1998-02-20,2,77.78,Königlich Essen,Maubelstr. 90,Brandenburg,,14776,Germany,2,True,5502.11,0.0,5502.11,119
10894,SAVEA,1,1998-02-18,1998-03-18,1998-02-20,1,116.13,Save-a-lot Markets,187 Suffolk Ln.,Boise,ID,83720,USA,2,True,2898.0,144.9,2753.1,198
10895,ERNSH,3,1998-02-18,1998-03-18,1998-02-23,1,162.75,Ernst Handel,Kirchgasse 6,Graz,,8010,Austria,5,True,6379.4,0.0,6379.4,346
10896,MAISD,7,1998-02-19,1998-03-19,1998-02-27,3,32.45,Maison Dewey,Rue Joseph-Bens 532,Bruxelles,,B-1180,Belgium,8,True,750.5,0.0,750.5,31
10897,HUNGO,3,1998-02-19,1998-03-19,1998-02-25,2,603.54,Hungry Owl All-Night Grocers,8 Johnstown Road,Cork,Co. Cork,,Ireland,6,True,10835.24,0.0,10835.24,116
10898,OCEAN,4,1998-02-20,1998-03-20,1998-03-06,2,1.27,Océano Atlántico Ltda.,Ing. Gustavo Moncada 8585 Piso 20-A,Buenos Aires,,1010,Argentina,14,True,30.0,0.0,30.0,5
10899,LILAS,5,1998-02-20,1998-03-20,1998-02-26,3,1.21,LILA-Supermercado,Carrera 52 con Ave. Bolívar #65-98 Llano Largo,Barquisimeto,Lara,3508,Venezuela,6,True,144.0,21.6,122.4,8
10900,WELLI,1,1998-02-20,1998-03-20,1998-03-04,2,1.66,Wellington Importadora,Rua do Mercado 12,Resende,SP,08737-363,Brazil,12,True,45.0,11.25,33.75,3
10901,HILAA,4,1998-02-23,1998-03-23,1998-02-26,1,62.09,HILARION-Abastos,Carrera 22 con Ave. Carlos Soublette #8-35,San Cristóbal,Táchira,5022,Venezuela,3,True,934.5,0.0,934.5,60
10902,FOLKO,1,1998-02-23,1998-03-23,1998-03-03,1,44.15,Folk och fä HB,Åkergatan 24,Bräcke,,S-844 67,Sweden,8,True,1015.8,152.37,863.43,36
10903,HANAR,3,1998-02-24,1998-03-24,1998-03-04,3,36.71,Hanari Carnes,Rua do Paço 67,Rio de Janeiro,RJ,05454-876,Brazil,8,True,932.05,0.0,932.05,81
10904,WHITC,3,1998-02-24,1998-03-24,1998-02-27,3,162.95,White Clover Markets,1029 - 12th Ave. S.,Seattle,WA,98124,USA,3,True,1924.25,0.0,1924.25,50
10905,WELLI,9,1998-02-24,1998-03-24,1998-03-06,2,13.72,Wellington Importadora,Rua do Mercado 12,Resende,SP,08737-363,Brazil,10,True,360.0,18.0,342.0,20
10906,WOLZA,4,1998-02-25,1998-03-11,1998-03-03,3,26.29,Wolski Zajazd,ul. Filtrowa 68,Warszawa,,01-012,Poland,6,True,427.5,0.0,427.5,15
10907,SPECD,6,1998-02-25,1998-03-25,1998-02-27,3,9.19,Spécialités du monde,25 rue Lauriston,Paris,,75016,France,2,True,108.5,0.0,108.5,14
10908,REGGC,4,1998-02-26,1998-03-26,1998-03-06,2,32.96,Reggiani Caseifici,Strada Provinciale 124,Reggio Emilia,,42100,Italy,8,True,698.0,34.9,663.1,34
10909,SANTG,1,1998-02-26,1998-03-26,1998-03-10,2,53.05,Santé Gourmet,Erling Skakkes gate 78,Stavern,,4110,Norway,12,True,670.0,0.0,670.0,32
10910,WILMK,1,1998-02-26,1998-03-26,1998-03-04,3,38.11,Wilman Kala,Keskuskatu 45,Helsinki,,21240,Finland,6,True,452.9,0.0,452.9,27
10911,GODOS,3,1998-02-26,1998-03-26,1998-03-05,1,38.19,Godos Cocina Típica,C/ Romero 33,Sevilla,,41101,Spain,7,True,858.0,0.0,858.0,37
10912,HUNGO,2,1998-02-26,1998-03-26,1998-03-18,2,580.91,Hungry Owl All-Night Grocers,8 Johnstown Road,Cork,Co. Cork,,Ireland,20,True,8267.4,2066.85,6200.55,100
10913,QUEEN,4,1998-02-26,1998-03-26,1998-03-04,1,33.05,Queen Cozinha,Alameda dos Canàrios 891,Sao Paulo,SP,05487-020,Brazil,6,True,958.75,190.0,768.75,85
10914,QUEEN,6,1998-02-27,1998-03-27,1998-03-02,1,21.19,Queen Cozinha,Alameda dos Canàrios 891,Sao Paulo,SP,05487-020,Brazil,3,True,537.5,0.0,537.5,25
10915,TORTU,2,1998-02-27,1998-03-27,1998-03-02,2,3.51,Tortuga Restaurante,Avda. Azteca 123,México D.F.,,05033,Mexico,3,True,539.5,0.0,539.5,50
10916,RANCH,1,1998-02-27,1998-03-27,1998-03-09,2,63.77,Rancho grande,Av. del Libertador 900,Buenos Aires,,1010,Argentina,10,True,686.7,0.0,686.7,32
10917,ROMEY,4,1998-03-02,1998-03-30,1998-03-11,2,8.29,Romero y tomillo,Gran Vía 1,Madrid,,28001,Spain,9,True,365.89,0.0,365.89,11
10918,BOTTM,3,1998-03-02,1998-03-30,1998-03-11,3,48.83,Bottom-Dollar Markets,23 Tsawassen Blvd.,Tsawassen,BC,T2F 8M4,Canada,9,True,1930.0,482.5,1447.5,85
10919,LINOD,2,1998-03-02,1998-03-30,1998-03-04,2,19.8,LINO-Delicateses,Ave. 5 de Mayo Porlamar,I. de Margarita,Nueva Esparta,4980,Venezuela,2,True,1122.8,0.0,1122.8,68
10920,AROUT,4,1998-03-03,1998-03-31,1998-03-09,2,29.61,Around the Horn,Brook Farm Stratford St. Mary,Colchester,Essex,CO7 6JX,UK,6,True,390.0,0.0,390.0,24
10921,VAFFE,1,1998-03-03,1998-04-14,1998-03-09,1,176.48,Vaffeljernet,Smagsloget 45,Århus,,8200,Denmark,6,True,1936.0,0.0,1936.0,50
10922,HANAR,5,1998-03-03,1998-03-31,1998-03-05,3,62.74,Hanari Carnes,Rua do Paço 67,Rio de Janeiro,RJ,05454-876,Brazil,2,True,742.5,0.0,742.5,50
10923,LAMAI,7,1998-03-03,1998-04-14,1998-03-13,3,68.26,La maison d'Asie,1 rue Alsace-Lorraine,Toulouse,,31000,France,10,True,936.0,187.2,748.8,44
10924,BERGS,3,1998-03-04,1998-04-01,1998-04-08,2,151.52,Berglunds snabbköp,Berguvsvägen  8,Luleå,,S-958 22,Sweden,35,True,2034.5,198.8,1835.7,56
10925,HANAR,3,1998-03-04,1998-04-01,1998-03-13,1,2.27,Hanari Carnes,Rua do Paço 67,Rio de Janeiro,RJ,05454-876,Brazil,9,True,559.0,83.85,475.15,37
10926,ANATR,4,1998-03-04,1998-04-01,1998-03-11,3,39.92,Ana Trujillo Emparedados y helados,Avda. de la Constitución 2222,México D.F.,,05021,Mexico,7,True,514.4,0.0,514.4,29
10927,LACOR,4,1998-03-05,1998-04-02,1998-04-08,1,19.79,La corne d'abondance,67 avenue de l'Europe,Versailles,,78000,France,34,True,800.0,0.0,800.0,30
10928,GALED,1,1998-03-05,1998-04-02,1998-03-18,1,1.36,Galería del gastronómo,Rambla de Cataluña 23,Barcelona,,8022,Spain,13,True,137.5,0.0,137.5,10
10929,FRANK,6,1998-03-05,1998-04-02,1998-03-12,1,33.93,Frankenversand,Berliner Platz 43,München,,80805,Germany,7,True,1174.75,0.0,1174.75,124
10930,SUPRD,4,1998-03-06,1998-04-17,1998-03-18,3,15.55,Suprêmes délices,Boulevard Tirou 255,Charleroi,,B-6000,Belgium,12,True,2455.0,199.5,2255.5,116
10931,RICSU,4,1998-03-06,1998-03-20,1998-03-19,2,13.6,Richter Supermarkt,Starenweg 5,Genève,,1204,Switzerland,13,True,837.0,37.8,799.2,72
10932,BONAP,8,1998-03-06,1998-04-03,1998-03-24,1,134.64,Bon app',12 rue des Bouchers,Marseille,,13008,France,18,True,1925.5,136.87,1788.63,80
10933,ISLAT,6,1998-03-06,1998-04-03,1998-03-16,3,54.15,Island Trading,Garden House Crowther Way,Cowes,Isle of Wight,PO31 7PJ,UK,10,True,920.6,0.0,920.6,32
10934,LEHMS,3,1998-03-09,1998-04-06,1998-03-12,3,32.01,Lehmanns Marktstand,Magazinweg 7,Frankfurt a.M.,,60528,Germany,3,True,500.0,0.0,500.0,20
10935,WELLI,4,1998-03-09,1998-04-06,1998-03-18,3,47.59,Wellington Importadora,Rua do Mercado 12,Resende,SP,08737-363,Brazil,9,True,700.0,80.5,619.5,33
10936,GREAL,3,1998-03-09,1998-04-06,1998-03-18,2,33.68,Great Lakes Food Market,2732 Baker Blvd.,Eugene,OR,97403,USA,9,True,570.0,114.0,456.0,30
10937,CACTU,7,1998-03-10,1998-03-24,1998-03-13,3,31.51,Cactus Comidas para llevar,Cerrito 333,Buenos Aires,,1010,Argentina,3,True,644.8,0.0,644.8,28
10938,QUICK,3,1998-03-10,1998-04-07,1998-03-16,2,31.89,QUICK-Stop,Taucherstraße 10,Cunewalde,,01307,Germany,6,True,3642.5,910.62,2731.88,128
10939,MAGAA,2,1998-03-10,1998-04-07,1998-03-13,2,76.33,Magazzini Alimentari Riuniti,Via Ludovico il Moro 22,Bergamo,,24100,Italy,3,True,750.0,112.5,637.5,50
10940,BONAP,8,1998-03-11,1998-04-08,1998-03-23,3,19.77,Bon app',12 rue des Bouchers,Marseille,,13008,France,12,True,360.0,0.0,360.0,28
10941,SAVEA,7,1998-03-11,1998-04-08,1998-03-20,2,400.81,Save-a-lot Markets,187 Suffolk Ln.,Boise,ID,83720,USA,9,True,4769.0,757.25,4011.75,204
10942,REGGC,9,1998-03-11,1998-04-08,1998-03-18,3,17.95,Reggiani Caseifici,Strada Provinciale 124,Reggio Emilia,,42100,Italy,7,True,560.0,0.0,560.0,28
10943,BSBEV,4,1998-03-11,1998-04-08,1998-03-19,2,2.17,B's Beverages,Fauntleroy Circus,London,,EC2 5NT,UK,8,True,711.0,0.0,711.0,51
10944,BOTTM,6,1998-03-12,1998-03-26,1998-03-13,3,52.92,Bottom-Dollar Markets,23 Tsawassen Blvd.,Tsawassen,BC,T2F 8M4,Canada,1,True,1139.1,113.77,1025.33,41
10945,MORGK,4,1998-03-12,1998-04-09,1998-03-18,1,10.22,Morgenstern Gesundkost,Heerstr. 22,Leipzig,,04179,Germany,6,True,245.0,0.0,245.0,30
10946,VAFFE,1,1998-03-12,1998-04-09,1998-03-19,2,27.2,Vaffeljernet,Smagsloget 45,Århus,,8200,Denmark,7,True,1407.5,0.0,1407.5,90
10947,BSBEV,3,1998-03-13,1998-04-10,1998-03-16,2,3.26,B's Beverages,Fauntleroy Circus,London,,EC2 5NT,UK,3,True,220.0,0.0,220.0,4
10948,GODOS,3,1998-03-13,1998-04-10,1998-03-19,3,23.39,Godos Cocina Típica,C/ Romero 33,Sevilla,,41101,Spain,6,True,2362.25,0.0,2362.25,53
10949,BOTTM,2,1998-03-13,1998-04-10,1998-03-17,3,74.44,Bottom-Dollar Markets,23 Tsawassen Blvd.,Tsawassen,BC,T2F 8M4,Canada,4,True,4422.0,0.0,4422.0,108
10950,MAGAA,1,1998-03-16,1998-04-13,1998-03-23,2,2.5,Magazzini Alimentari Riuniti,Via Ludovico il Moro 22,Bergamo,,24100,Italy,7,True,110.0,0.0,110.0,5
10951,RICSU,9,1998-03-16,1998-04-27,1998-04-07,2,30.85,Richter Supermarkt,Starenweg 5,Genève,,1204,Switzerland,22,True,482.9,24.159999999999997,458.74,71
10952,ALFKI,1,1998-03-16,1998-04-27,1998-03-24,1,40.42,Alfred's Futterkiste,Obere Str. 57,Berlin,,12209,Germany,8,True,491.2,20.0,471.2,18
10953,AROUT,9,1998-03-16,1998-03-30,1998-03-25,2,23.72,Around the Horn,Brook Farm Stratford St. Mary,Colchester,Essex,CO7 6JX,UK,9,True,4675.0,233.75,4441.25,100
10954,LINOD,5,1998-03-17,1998-04-28,1998-03-20,1,27.91,LINO-Delicateses,Ave. 5 de Mayo Porlamar,I. de Margarita,Nueva Esparta,4980,Venezuela,3,True,1902.1,242.57000000000002,1659.53,107
10955,FOLKO,8,1998-03-17,1998-04-14,1998-03-20,2,3.26,Folk och fä HB,Åkergatan 24,Bräcke,,S-844 67,Sweden,3,True,93.0,18.6,74.4,12
10956,BLAUS,6,1998-03-17,1998-04-28,1998-03-20,2,44.65,Blauer See Delikatessen,Forsterstr. 57,Mannheim,,68306,Germany,3,True,677.0,0.0,677.0,34
10957,HILAA,8,1998-03-18,1998-04-15,1998-03-27,3,105.36,HILARION-Abastos,Carrera 22 con Ave. Carlos Soublette #8-35,San Cristóbal,Táchira,5022,Venezuela,9,True,1762.7,0.0,1762.7,78
10958,OCEAN,7,1998-03-18,1998-04-15,1998-03-27,2,49.56,Océano Atlántico Ltda.,Ing. Gustavo Moncada 8585 Piso 20-A,Buenos Aires,,1010,Argentina,9,True,781.0,0.0,781.0,31
10959,GOURL,6,1998-03-18,1998-04-29,1998-03-23,2,4.98,Gourmet Lanchonetes,Av. Brasil 442,Campinas,SP,04876-786,Brazil,5,True,155.0,23.25,131.75,20
10960,HILAA,3,1998-03-19,1998-04-02,1998-04-08,1,2.08,HILARION-Abastos,Carrera 22 con Ave. Carlos Soublette #8-35,San Cristóbal,Táchira,5022,Venezuela,20,True,276.6,11.25,265.35,34
10961,QUEEN,8,1998-03-19,1998-04-16,1998-03-30,1,104.47,Queen Cozinha,Alameda dos Canàrios 891,Sao Paulo,SP,05487-020,Brazil,11,True,1122.0,2.1,1119.9,66
10962,QUICK,8,1998-03-19,1998-04-16,1998-03-23,2,275.79,QUICK-Stop,Taucherstraße 10,Cunewalde,,01307,Germany,4,True,3584.0,0.0,3584.0,195
10963,FURIB,9,1998-03-19,1998-04-16,1998-03-26,3,2.7,Furia Bacalhau e Frutos do Mar,Jardim das rosas n. 32,Lisboa,,1675,Portugal,7,True,68.0,10.2,57.8,2
10964,SPECD,3,1998-03-20,1998-04-17,1998-03-24,2,87.38,Spécialités du monde,25 rue Lauriston,Paris,,75016,France,4,True,2052.5,0.0,2052.5,21
10965,OLDWO,6,1998-03-20,1998-04-17,1998-03-30,3,144.38,Old World Delicatessen,2743 Bering St.,Anchorage,AK,99508,USA,10,True,848.0,0.0,848.0,16
10966,CHOPS,4,1998-03-20,1998-04-17,1998-04-08,1,27.19,Chop-suey Chinese,Hauptstr. 31,Bern,,3012,Switzerland,19,True,1255.6,157.14,1098.46,32
10967,TOMSP,2,1998-03-23,1998-04-20,1998-04-02,2,62.22,Toms Spezialitäten,Luisenstr. 48,Münster,,44087,Germany,10,True,910.4,0.0,910.4,52
10968,ERNSH,1,1998-03-23,1998-04-20,1998-04-01,3,74.6,Ernst Handel,Kirchgasse 6,Graz,,8010,Austria,9,True,1408.0,0.0,1408.0,64
10969,COMMI,1,1998-03-23,1998-04-20,1998-03-30,2,0.21,Comércio Mineiro,Av. dos Lusíadas 23,Sao Paulo,SP,05432-043,Brazil,7,True,108.0,0.0,108.0,9
10970,BOLID,9,1998-03-24,1998-04-07,1998-04-24,1,16.16,Bólido Comidas preparadas,C/ Araquil 67,Madrid,,28023,Spain,31,True,280.0,56.0,224.0,40
10971,FRANR,2,1998-03-24,1998-04-21,1998-04-02,2,121.82,France restauration,54 rue Royale,Nantes,,44000,France,9,True,1733.06,0.0,1733.06,14
10972,LACOR,4,1998-03-24,1998-04-21,1998-03-26,2,0.02,La corne d'abondance,67 avenue de l'Europe,Versailles,,78000,France,2,True,251.5,0.0,251.5,13
10973,LACOR,6,1998-03-24,1998-04-21,1998-03-27,2,15.17,La corne d'abondance,67 avenue de l'Europe,Versailles,,78000,France,3,True,291.55,0.0,291.55,21
10974,SPLIR,3,1998-03-25,1998-04-08,1998-04-03,3,12.96,Split Rail Beer & Ale,P.O. Box 555,Lander,WY,82520,USA,9,True,439.0,0.0,439.0,10
10975,BOTTM,1,1998-03-25,1998-04-22,1998-03-27,3,32.27,Bottom-Dollar Markets,23 Tsawassen Blvd.,Tsawassen,BC,T2F 8M4,Canada,2,True,717.5,0.0,717.5,26
10976,HILAA,1,1998-03-25,1998-05-06,1998-04-03,1,37.97,HILARION-Abastos,Carrera 22 con Ave. Carlos Soublette #8-35,San Cristóbal,Táchira,5022,Venezuela,9,True,912.0,0.0,912.0,20
10977,FOLKO,8,1998-03-26,1998-04-23,1998-04-10,3,208.5,Folk och fä HB,Åkergatan 24,Bräcke,,S-844 67,Sweden,15,True,2233.0,0.0,2233.0,90
10978,MAISD,9,1998-03-26,1998-04-23,1998-04-23,2,32.82,Maison Dewey,Rue Joseph-Bens 532,Bruxelles,,B-1180,Belgium,28,True,1500.7,197.5,1303.2,76
10979,ERNSH,8,1998-03-26,1998-04-23,1998-03-31,2,353.07,Ernst Handel,Kirchgasse 6,Graz,,8010,Austria,5,True,4813.5,0.0,4813.5,207
10980,FOLKO,4,1998-03-27,1998-05-08,1998-04-17,1,1.26,Folk och fä HB,Åkergatan 24,Bräcke,,S-844 67,Sweden,21,True,310.0,62.0,248.0,40
10981,HANAR,1,1998-03-27,1998-04-24,1998-04-02,2,193.37,Hanari Carnes,Rua do Paço 67,Rio de Janeiro,RJ,05454-876,Brazil,6,True,15810.0,0.0,15810.0,60
10982,BOTTM,2,1998-03-27,1998-04-24,1998-04-08,1,14.01,Bottom-Dollar Markets,23 Tsawassen Blvd.,Tsawassen,BC,T2F 8M4,Canada,12,True,1014.0,0.0,1014.0,29
10983,SAVEA,2,1998-03-27,1998-04-24,1998-04-06,2,657.54,Save-a-lot Markets,187 Suffolk Ln.,Boise,ID,83720,USA,10,True,796.5,75.6,720.9,99
10984,SAVEA,1,1998-03-30,1998-04-27,1998-04-03,3,211.22,Save-a-lot Markets,187 Suffolk Ln.,Boise,ID,83720,USA,4,True,1809.75,0.0,1809.75,115
10985,HUNGO,2,1998-03-30,1998-04-27,1998-04-02,1,91.51,Hungry Owl All-Night Grocers,8 Johnstown Road,Cork,Co. Cork,,Ireland,3,True,2248.2,224.82,2023.38,79
10986,OCEAN,8,1998-03-30,1998-04-27,1998-04-21,2,217.86,Océano Atlántico Ltda.,Ing. Gustavo Moncada 8585 Piso 20-A,Buenos Aires,,1010,Argentina,22,True,2220.0,0.0,2220.0,70
10987,EASTC,8,1998-03-31,1998-04-28,1998-04-06,1,185.48,Eastern Connection,35 King George,London,,WX3 6FW,UK,6,True,2772.0,0.0,2772.0,86
10988,RATTC,3,1998-03-31,1998-04-28,1998-04-10,2,61.14,Rattlesnake Canyon Grocery,2817 Milton Dr.,Albuquerque,NM,87110,USA,10,True,3772.0,197.2,3574.8,100
10989,QUEDE,2,1998-03-31,1998-04-28,1998-04-02,1,34.76,Que Delícia,Rua da Panificadora 12,Rio de Janeiro,RJ,02389-673,Brazil,2,True,1353.6,0.0,1353.6,59
10990,ERNSH,2,1998-04-01,1998-05-13,1998-04-07,3,117.61,Ernst Handel,Kirchgasse 6,Graz,,8010,Austria,6,True,4931.0,642.15,4288.85,256
10991,QUICK,1,1998-04-01,1998-04-29,1998-04-07,1,38.51,QUICK-Stop,Taucherstraße 10,Cunewalde,,01307,Germany,6,True,2870.0,574.0,2296.0,160
10992,THEBI,1,1998-04-01,1998-04-29,1998-04-03,3,4.27,The Big Cheese,89 Jefferson Way Suite 2,Portland,OR,97201,USA,2,True,69.6,0.0,69.6,2
10993,FOLKO,7,1998-04-01,1998-04-29,1998-04-10,3,8.81,Folk och fä HB,Åkergatan 24,Bräcke,,S-844 67,Sweden,9,True,6527.25,1631.8200000000002,4895.43,85
10994,VAFFE,2,1998-04-02,1998-04-16,1998-04-09,3,65.53,Vaffeljernet,Smagsloget 45,Århus,,8200,Denmark,7,True,990.0,49.5,940.5,18
10995,PERIC,1,1998-04-02,1998-04-30,1998-04-06,3,46.0,Pericles Comidas clásicas,Calle Dr. Jorge Cash 321,México D.F.,,05033,Mexico,4,True,1196.0,0.0,1196.0,24
10996,QUICK,4,1998-04-02,1998-04-30,1998-04-10,2,1.12,QUICK-Stop,Taucherstraße 10,Cunewalde,,01307,Germany,8,True,560.0,0.0,560.0,40
10997,LILAS,8,1998-04-03,1998-05-15,1998-04-13,2,73.91,LILA-Supermercado,Carrera 52 con Ave. Bolívar #65-98 Llano Largo,Barquisimeto,Lara,3508,Venezuela,10,True,1980.0,95.0,1885.0,90
10998,WOLZA,8,1998-04-03,1998-04-17,1998-04-17,2,20.31,Wolski Zajazd,ul. Filtrowa 68,Warszawa,,01-012,Poland,14,True,686.0,0.0,686.0,69
10999,OTTIK,6,1998-04-03,1998-05-01,1998-04-10,2,96.35,Ottilies Käseladen,Mehrheimerstr. 369,Köln,,50739,Germany,7,True,1261.0,63.05,1197.95,56
11000,RATTC,2,1998-04-06,1998-05-04,1998-04-14,3,55.12,Rattlesnake Canyon Grocery,2817 Milton Dr.,Albuquerque,NM,87110,USA,8,True,1075.0,171.25,903.75,85
11001,FOLKO,2,1998-04-06,1998-05-04,1998-04-14,2,197.3,Folk och fä HB,Åkergatan 24,Bräcke,,S-844 67,Sweden,8,True,2769.0,0.0,2769.0,116
11002,SAVEA,4,1998-04-06,1998-05-04,1998-04-16,1,141.16,Save-a-lot Markets,187 Suffolk Ln.,Boise,ID,83720,USA,10,True,1902.0,90.9,1811.1,135
11003,THECR,3,1998-04-06,1998-05-04,1998-04-08,3,14.91,The Cracker Box,55 Grizzly Peak Rd.,Butte,MT,59801,USA,2,True,326.0,0.0,326.0,24
11004,MAISD,3,1998-04-07,1998-05-05,1998-04-20,1,44.84,Maison Dewey,Rue Joseph-Bens 532,Bruxelles,,B-1180,Belgium,13,True,295.38,0.0,295.38,12
11005,WILMK,2,1998-04-07,1998-05-05,1998-04-10,1,0.75,Wilman Kala,Keskuskatu 45,Helsinki,,21240,Finland,3,True,586.0,0.0,586.0,12
11006,GREAL,3,1998-04-07,1998-05-05,1998-04-15,2,25.19,Great Lakes Food Market,2732 Baker Blvd.,Eugene,OR,97403,USA,8,True,391.58,61.9,329.68,10
11007,PRINI,8,1998-04-08,1998-05-06,1998-04-13,2,202.24,Princesa Isabel Vinhos,Estrada da saúde n. 58,Lisboa,,1756,Portugal,5,True,2633.9,0.0,2633.9,54
11008,ERNSH,7,1998-04-08,1998-05-06,,3,79.46,Ernst Handel,Kirchgasse 6,Graz,,8010,Austria,-1,False,4903.5,222.6,4680.9,181
11009,GODOS,2,1998-04-08,1998-05-06,1998-04-10,1,59.11,Godos Cocina Típica,C/ Romero 33,Sevilla,,41101,Spain,2,True,702.0,85.5,616.5,39
11010,REGGC,2,1998-04-09,1998-05-07,1998-04-21,2,28.71,Reggiani Caseifici,Strada Provinciale 124,Reggio Emilia,,42100,Italy,12,True,645.0,0.0,645.0,30
11011,ALFKI,3,1998-04-09,1998-05-07,1998-04-13,1,1.21,Alfred's Futterkiste,Obere Str. 57,Berlin,,12209,Germany,4,True,960.0,26.5,933.5,60
11012,FRANK,1,1998-04-09,1998-04-23,1998-04-17,3,242.95,Frankenversand,Berliner Platz 43,München,,80805,Germany,8,True,2974.0,148.7,2825.3,146
11013,ROMEY,2,1998-04-09,1998-05-07,1998-04-10,1,32.99,Romero y tomillo,Gran Vía 1,Madrid,,28001,Spain,1,True,361.0,0.0,361.0,36
11014,LINOD,2,1998-04-10,1998-05-08,1998-04-15,3,23.6,LINO-Delicateses,Ave. 5 de Mayo Porlamar,I. de Margarita,Nueva Esparta,4980,Venezuela,5,True,270.2,27.02,243.18,28
11015,SANTG,2,1998-04-10,1998-04-24,1998-04-20,2,4.62,Santé Gourmet,Erling Skakkes gate 78,Stavern,,4110,Norway,10,True,622.35,0.0,622.35,33
11016,AROUT,9,1998-04-10,1998-05-08,1998-04-13,2,33.8,Around the Horn,Brook Farm Stratford St. Mary,Colchester,Essex,CO7 6JX,UK,3,True,491.5,0.0,491.5,31
11017,ERNSH,9,1998-04-13,1998-05-11,1998-04-20,2,754.26,Ernst Handel,Kirchgasse 6,Graz,,8010,Austria,7,True,6750.0,0.0,6750.0,165
11018,LONEP,4,1998-04-13,1998-05-11,1998-04-16,2,11.65,Lonesome Pine Restaurant,89 Chiaroscuro Rd.,Portland,OR,97219,USA,3,True,1575.0,0.0,1575.0,35
11019,RANCH,6,1998-04-13,1998-05-11,,3,3.17,Rancho grande,Av. del Libertador 900,Buenos Aires,,1010,Argentina,-1,False,76.0,0.0,76.0,5
11020,OTTIK,2,1998-04-14,1998-05-12,1998-04-16,2,43.3,Ottilies Käseladen,Mehrheimerstr. 369,Köln,,50739,Germany,2,True,744.0,111.6,632.4,24
11021,QUICK,3,1998-04-14,1998-05-12,1998-04-21,1,297.18,QUICK-Stop,Taucherstraße 10,Cunewalde,,01307,Germany,7,True,6941.49,635.25,6306.24,168
11022,HANAR,9,1998-04-14,1998-05-12,1998-05-04,2,6.27,Hanari Carnes,Rua do Paço 67,Rio de Janeiro,RJ,05454-876,Brazil,20,True,1402.0,0.0,1402.0,65
11023,BSBEV,1,1998-04-14,1998-04-28,1998-04-24,2,123.83,B's Beverages,Fauntleroy Circus,London,,EC2 5NT,UK,10,True,1500.0,0.0,1500.0,34
11024,EASTC,4,1998-04-15,1998-05-13,1998-04-20,1,74.36,Eastern Connection,35 King George,London,,WX3 6FW,UK,5,True,1966.81,0.0,1966.81,113
11025,WARTH,6,1998-04-15,1998-05-13,1998-04-24,3,29.17,Wartian Herkku,Torikatu 38,Oulu,,90110,Finland,9,True,300.0,30.0,270.0,30
11026,FRANS,4,1998-04-15,1998-05-13,1998-04-28,1,47.09,Franchi S.p.A.,Via Monte Bianco 34,Torino,,10100,Italy,13,True,1030.0,0.0,1030.0,18
11027,BOTTM,1,1998-04-16,1998-05-14,1998-04-20,1,52.52,Bottom-Dollar Markets,23 Tsawassen Blvd.,Tsawassen,BC,T2F 8M4,Canada,4,True,1170.3,292.57,877.73,51
11028,KOENE,2,1998-04-16,1998-05-14,1998-04-22,1,29.59,Königlich Essen,Maubelstr. 90,Brandenburg,,14776,Germany,6,True,2160.0,0.0,2160.0,59
11029,CHOPS,4,1998-04-16,1998-05-14,1998-04-27,1,47.84,Chop-suey Chinese,Hauptstr. 31,Bern,,3012,Switzerland,11,True,1286.8,0.0,1286.8,32
11030,SAVEA,7,1998-04-17,1998-05-15,1998-04-27,2,830.75,Save-a-lot Markets,187 Suffolk Ln.,Boise,ID,83720,USA,10,True,16321.9,3706.85,12615.05,330
11031,SAVEA,6,1998-04-17,1998-05-15,1998-04-24,2,227.22,Save-a-lot Markets,187 Suffolk Ln.,Boise,ID,83720,USA,7,True,2393.5,0.0,2393.5,182
11032,WHITC,2,1998-04-17,1998-05-15,1998-04-23,3,606.19,White Clover Markets,1029 - 12th Ave. S.,Seattle,WA,98124,USA,6,True,8902.5,0.0,8902.5,90
11033,RICSU,7,1998-04-17,1998-05-15,1998-04-23,3,84.74,Richter Supermarkt,Starenweg 5,Genève,,1204,Switzerland,6,True,3592.0,359.2,3232.8,106
11034,OLDWO,8,1998-04-20,1998-06-01,1998-04-27,1,40.32,Old World Delicatessen,2743 Bering St.,Anchorage,AK,99508,USA,7,True,554.4,15.0,539.4,33
11035,SUPRD,2,1998-04-20,1998-05-18,1998-04-24,2,0.17,Suprêmes délices,Boulevard Tirou 255,Charleroi,,B-6000,Belgium,4,True,1754.5,0.0,1754.5,110
11036,DRACD,8,1998-04-20,1998-05-18,1998-04-22,3,149.47,Drachenblut Delikatessen,Walserweg 21,Aachen,,52066,Germany,2,True,1692.0,0.0,1692.0,37
11037,GODOS,7,1998-04-21,1998-05-19,1998-04-27,1,3.2,Godos Cocina Típica,C/ Romero 33,Sevilla,,41101,Spain,6,True,60.0,0.0,60.0,4
11038,SUPRD,1,1998-04-21,1998-05-19,1998-04-30,2,29.59,Suprêmes délices,Boulevard Tirou 255,Charleroi,,B-6000,Belgium,9,True,751.0,18.4,732.6,37
11039,LINOD,1,1998-04-21,1998-05-19,,2,65.0,LINO-Delicateses,Ave. 5 de Mayo Porlamar,I. de Margarita,Nueva Esparta,4980,Venezuela,-1,False,3090.0,0.0,3090.0,132
11040,GREAL,4,1998-04-22,1998-05-20,,3,18.84,Great Lakes Food Market,2732 Baker Blvd.,Eugene,OR,97403,USA,-1,False,200.0,0.0,200.0,20
11041,CHOPS,3,1998-04-22,1998-05-20,1998-04-28,2,48.22,Chop-suey Chinese,Hauptstr. 31,Bern,,3012,Switzerland,6,True,1887.0,114.0,1773.0,60
11042,COMMI,2,1998-04-22,1998-05-06,1998-05-01,1,29.99,Comércio Mineiro,Av. dos Lusíadas 23,Sao Paulo,SP,05432-043,Brazil,9,True,405.75,0.0,405.75,19
11043,SPECD,5,1998-04-22,1998-05-20,1998-04-29,2,8.8,Spécialités du monde,25 rue Lauriston,Paris,,75016,France,7,True,210.0,0.0,210.0,10
11044,WOLZA,4,1998-04-23,1998-05-21,1998-05-01,1,8.72,Wolski Zajazd,ul. Filtrowa 68,Warszawa,,01-012,Poland,8,True,591.6,0.0,591.6,12
11045,BOTTM,6,1998-04-23,1998-05-21,,2,70.58,Bottom-Dollar Markets,23 Tsawassen Blvd.,Tsawassen,BC,T2F 8M4,Canada,-1,False,1309.5,0.0,1309.5,39
11046,WANDK,8,1998-04-23,1998-05-21,1998-04-24,2,71.64,Die Wandernde Kuh,Adenauerallee 900,Stuttgart,,70563,Germany,1,True,1564.0,78.2,1485.8,53
11047,EASTC,7,1998-04-24,1998-05-22,1998-05-01,3,46.62,Eastern Connection,35 King George,London,,WX3 6FW,UK,7,True,1090.5,272.62,817.88,55
11048,BOTTM,7,1998-04-24,1998-05-22,1998-04-30,3,24.12,Bottom-Dollar Markets,23 Tsawassen Blvd.,Tsawassen,BC,T2F 8M4,Canada,6,True,525.0,0.0,525.0,42
11049,GOURL,3,1998-04-24,1998-05-22,1998-05-04,1,8.34,Gourmet Lanchonetes,Av. Brasil 442,Campinas,SP,04876-786,Brazil,10,True,342.0,68.4,273.6,14
11050,FOLKO,8,1998-04-27,1998-05-25,1998-05-05,2,59.41,Folk och fä HB,Åkergatan 24,Bräcke,,S-844 67,Sweden,8,True,900.0,90.0,810.0,50
11051,LAMAI,7,1998-04-27,1998-05-25,,3,2.79,La maison d'Asie,1 rue Alsace-Lorraine,Toulouse,,31000,France,-1,False,45.0,9.0,36.0,10
11052,HANAR,3,1998-04-27,1998-05-25,1998-05-01,1,67.26,Hanari Carnes,Rua do Paço 67,Rio de Janeiro,RJ,05454-876,Brazil,4,True,1665.0,333.0,1332.0,40
11053,PICCO,2,1998-04-27,1998-05-25,1998-04-29,2,53.05,Piccolo und mehr,Geislweg 14,Salzburg,,5020,Austria,2,True,3658.75,603.75,3055.0,80
11054,CACTU,8,1998-04-28,1998-05-26,,1,0.33,Cactus Comidas para llevar,Cerrito 333,Buenos Aires,,1010,Argentina,-1,False,305.0,0.0,305.0,30
11055,HILAA,7,1998-04-28,1998-05-26,1998-05-05,2,120.92,HILARION-Abastos,Carrera 22 con Ave. Carlos Soublette #8-35,San Cristóbal,Táchira,5022,Venezuela,7,True,1727.5,0.0,1727.5,70
11056,EASTC,8,1998-04-28,1998-05-12,1998-05-01,2,278.96,Eastern Connection,35 King George,London,,WX3 6FW,UK,3,True,3740.0,0.0,3740.0,125
11057,NORTS,3,1998-04-29,1998-05-27,1998-05-01,3,4.13,North/South,South House 300 Queensbridge,London,,SW7 1RZ,UK,2,True,45.0,0.0,45.0,3
11058,BLAUS,9,1998-04-29,1998-05-27,,3,31.14,Blauer See Delikatessen,Forsterstr. 57,Mannheim,,68306,Germany,-1,False,858.0,0.0,858.0,28
11059,RICAR,2,1998-04-29,1998-06-10,,2,85.8,Ricardo Adocicados,Av. Copacabana 267,Rio de Janeiro,RJ,02389-890,Brazil,-1,False,1838.0,0.0,1838.0,77
11060,FRANS,2,1998-04-30,1998-05-28,1998-05-04,2,10.98,Franchi S.p.A.,Via Monte Bianco 34,Torino,,10100,Italy,4,True,266.0,0.0,266.0,14
11061,GREAL,4,1998-04-30,1998-06-11,,3,14.01,Great Lakes Food Market,2732 Baker Blvd.,Eugene,OR,97403,USA,-1,False,510.0,0.0,510.0,15
11062,REGGC,4,1998-04-30,1998-05-28,,2,29.93,Reggiani Caseifici,Strada Provinciale 124,Reggio Emilia,,42100,Italy,-1,False,508.0,101.6,406.4,22
11063,HUNGO,3,1998-04-30,1998-05-28,1998-05-06,2,81.73,Hungry Owl All-Night Grocers,8 Johnstown Road,Cork,Co. Cork,,Ireland,6,True,1445.5,102.55,1342.95,100
11064,SAVEA,1,1998-05-01,1998-05-29,1998-05-04,1,30.09,Save-a-lot Markets,187 Suffolk Ln.,Boise,ID,83720,USA,3,True,4722.3,391.90000000000003,4330.4,173
11065,LILAS,8,1998-05-01,1998-05-29,,1,12.91,LILA-Supermercado,Carrera 52 con Ave. Bolívar #65-98 Llano Largo,Barquisimeto,Lara,3508,Venezuela,-1,False,252.56,63.14,189.42,24
11066,WHITC,7,1998-05-01,1998-05-29,1998-05-04,2,44.72,White Clover Markets,1029 - 12th Ave. S.,Seattle,WA,98124,USA,3,True,928.75,0.0,928.75,80
11067,DRACD,1,1998-05-04,1998-05-18,1998-05-06,2,7.98,Drachenblut Delikatessen,Walserweg 21,Aachen,,52066,Germany,2,True,86.85,0.0,86.85,9
11068,QUEEN,8,1998-05-04,1998-06-01,,2,81.75,Queen Cozinha,Alameda dos Canàrios 891,Sao Paulo,SP,05487-020,Brazil,-1,False,2384.8,357.72,2027.08,72
11069,TORTU,1,1998-05-04,1998-06-01,1998-05-06,2,15.67,Tortuga Restaurante,Avda. Azteca 123,México D.F.,,05033,Mexico,2,True,360.0,0.0,360.0,20
11070,LEHMS,2,1998-05-05,1998-06-02,,1,136.0,Lehmanns Marktstand,Magazinweg 7,Frankfurt a.M.,,60528,Germany,-1,False,1873.5,243.51999999999998,1629.98,110
11071,LILAS,1,1998-05-05,1998-06-02,,1,0.93,LILA-Supermercado,Carrera 52 con Ave. Bolívar #65-98 Llano Largo,Barquisimeto,Lara,3508,Venezuela,-1,False,510.0,25.5,484.5,25
11072,ERNSH,4,1998-05-05,1998-06-02,,2,258.64,Ernst Handel,Kirchgasse 6,Graz,,8010,Austria,-1,False,5218.0,0.0,5218.0,200
11073,PERIC,2,1998-05-05,1998-06-02,,2,24.95,Pericles Comidas clásicas,Calle Dr. Jorge Cash 321,México D.F.,,05033,Mexico,-1,False,300.0,0.0,300.0,30
11074,SIMOB,7,1998-05-06,1998-06-03,,2,18.44,Simons bistro,Vinbæltet 34,Kobenhavn,,1734,Denmark,-1,False,244.3,12.22,232.08,14
11075,RICSU,8,1998-05-06,1998-06-03,,2,6.19,Richter Supermarkt,Starenweg 5,Genève,,1204,Switzerland,-1,False,586.0,87.9,498.1,42
11076,BONAP,4,1998-05-06,1998-06-03,,2,38.28,Bon app',12 rue des Bouchers,Marseille,,13008,France,-1,False,1057.0,264.25,792.75,50
11077,RATTC,1,1998-05-06,1998-06-03,,2,8.53,Rattlesnake Canyon Grocery,2817 Milton Dr.,Albuquerque,NM,87110,USA,-1,False,1374.6,118.89,1255.71,72
