order_item_sk,order_id,product_id,unit_price,quantity,discount_rate,line_gross_amount,discount_amount,line_net_amount,product_sk
ITEM_SK_00001,10248,11,14.0,12,0.0,168.0,0.0,168.0,PROD_SK_011
ITEM_SK_00002,10248,42,9.8,10,0.0,98.0,0.0,98.0,PROD_SK_042
ITEM_SK_00003,10248,72,34.8,5,0.0,174.0,0.0,174.0,PROD_SK_072
ITEM_SK_00004,10249,14,18.6,9,0.0,167.4,0.0,167.4,PROD_SK_014
ITEM_SK_00005,10249,51,42.4,40,0.0,1696.0,0.0,1696.0,PROD_SK_051
ITEM_SK_00006,10250,41,7.7,10,0.0,77.0,0.0,77.0,PROD_SK_041
ITEM_SK_00007,10250,51,42.4,35,0.15,1484.0,222.6,1261.4,PROD_SK_051
ITEM_SK_00008,10250,65,16.8,15,0.15,252.0,37.8,214.2,PROD_SK_065
ITEM_SK_00009,10251,22,16.8,6,0.05,100.8,5.04,95.76,PROD_SK_022
ITEM_SK_00010,10251,57,15.6,15,0.05,234.0,11.7,222.3,PROD_SK_057
ITEM_SK_00011,10251,65,16.8,20,0.0,336.0,0.0,336.0,PROD_SK_065
ITEM_SK_00012,10252,20,64.8,40,0.05,2592.0,129.6,2462.4,PROD_SK_020
ITEM_SK_00013,10252,33,2.0,25,0.05,50.0,2.5,47.5,PROD_SK_033
ITEM_SK_00014,10252,60,27.2,40,0.0,1088.0,0.0,1088.0,PROD_SK_060
ITEM_SK_00015,10253,31,10.0,20,0.0,200.0,0.0,200.0,PROD_SK_031
ITEM_SK_00016,10253,39,14.4,42,0.0,604.8,0.0,604.8,PROD_SK_039
ITEM_SK_00017,10253,49,16.0,40,0.0,640.0,0.0,640.0,PROD_SK_049
ITEM_SK_00018,10254,24,3.6,15,0.15,54.0,8.1,45.9,PROD_SK_024
ITEM_SK_00019,10254,55,19.2,21,0.15,403.2,60.48,342.72,PROD_SK_055
ITEM_SK_00020,10254,74,8.0,21,0.0,168.0,0.0,168.0,PROD_SK_074
ITEM_SK_00021,10255,2,15.2,20,0.0,304.0,0.0,304.0,PROD_SK_002
ITEM_SK_00022,10255,16,13.9,35,0.0,486.5,0.0,486.5,PROD_SK_016
ITEM_SK_00023,10255,36,15.2,25,0.0,380.0,0.0,380.0,PROD_SK_036
ITEM_SK_00024,10255,59,44.0,30,0.0,1320.0,0.0,1320.0,PROD_SK_059
ITEM_SK_00025,10256,53,26.2,15,0.0,393.0,0.0,393.0,PROD_SK_053
ITEM_SK_00026,10256,77,10.4,12,0.0,124.8,0.0,124.8,PROD_SK_077
ITEM_SK_00027,10257,27,35.1,25,0.0,877.5,0.0,877.5,PROD_SK_027
ITEM_SK_00028,10257,39,14.4,6,0.0,86.4,0.0,86.4,PROD_SK_039
ITEM_SK_00029,10257,77,10.4,15,0.0,156.0,0.0,156.0,PROD_SK_077
ITEM_SK_00030,10258,2,15.2,50,0.2,760.0,152.0,608.0,PROD_SK_002
ITEM_SK_00031,10258,5,17.0,65,0.2,1105.0,221.0,884.0,PROD_SK_005
ITEM_SK_00032,10258,32,25.6,6,0.2,153.6,30.72,122.88,PROD_SK_032
ITEM_SK_00033,10259,21,8.0,10,0.0,80.0,0.0,80.0,PROD_SK_021
ITEM_SK_00034,10259,37,20.8,1,0.0,20.8,0.0,20.8,PROD_SK_037
ITEM_SK_00035,10260,41,7.7,16,0.25,123.2,30.8,92.4,PROD_SK_041
ITEM_SK_00036,10260,57,15.6,50,0.0,780.0,0.0,780.0,PROD_SK_057
ITEM_SK_00037,10260,62,39.4,15,0.25,591.0,147.75,443.25,PROD_SK_062
ITEM_SK_00038,10260,70,12.0,21,0.25,252.0,63.0,189.0,PROD_SK_070
ITEM_SK_00039,10261,21,8.0,20,0.0,160.0,0.0,160.0,PROD_SK_021
ITEM_SK_00040,10261,35,14.4,20,0.0,288.0,0.0,288.0,PROD_SK_035
ITEM_SK_00041,10262,5,17.0,12,0.2,204.0,40.8,163.2,PROD_SK_005
ITEM_SK_00042,10262,7,24.0,15,0.0,360.0,0.0,360.0,PROD_SK_007
ITEM_SK_00043,10262,56,30.4,2,0.0,60.8,0.0,60.8,PROD_SK_056
ITEM_SK_00044,10263,16,13.9,60,0.25,834.0,208.5,625.5,PROD_SK_016
ITEM_SK_00045,10263,24,3.6,28,0.0,100.8,0.0,100.8,PROD_SK_024
ITEM_SK_00046,10263,30,20.7,60,0.25,1242.0,310.5,931.5,PROD_SK_030
ITEM_SK_00047,10263,74,8.0,36,0.25,288.0,72.0,216.0,PROD_SK_074
ITEM_SK_00048,10264,2,15.2,35,0.0,532.0,0.0,532.0,PROD_SK_002
ITEM_SK_00049,10264,41,7.7,25,0.15,192.5,28.88,163.62,PROD_SK_041
ITEM_SK_00050,10265,17,31.2,30,0.0,936.0,0.0,936.0,PROD_SK_017
ITEM_SK_00051,10265,70,12.0,20,0.0,240.0,0.0,240.0,PROD_SK_070
ITEM_SK_00052,10266,12,30.4,12,0.05,364.8,18.24,346.56,PROD_SK_012
ITEM_SK_00053,10267,40,14.7,50,0.0,735.0,0.0,735.0,PROD_SK_040
ITEM_SK_00054,10267,59,44.0,70,0.15,3080.0,462.0,2618.0,PROD_SK_059
ITEM_SK_00055,10267,76,14.4,15,0.15,216.0,32.4,183.6,PROD_SK_076
ITEM_SK_00056,10268,29,99.0,10,0.0,990.0,0.0,990.0,PROD_SK_029
ITEM_SK_00057,10268,72,27.8,4,0.0,111.2,0.0,111.2,PROD_SK_072
ITEM_SK_00058,10269,33,2.0,60,0.05,120.0,6.0,114.0,PROD_SK_033
ITEM_SK_00059,10269,72,27.8,20,0.05,556.0,27.8,528.2,PROD_SK_072
ITEM_SK_00060,10270,36,15.2,30,0.0,456.0,0.0,456.0,PROD_SK_036
ITEM_SK_00061,10270,43,36.8,25,0.0,920.0,0.0,920.0,PROD_SK_043
ITEM_SK_00062,10271,33,2.0,24,0.0,48.0,0.0,48.0,PROD_SK_033
ITEM_SK_00063,10272,20,64.8,6,0.0,388.8,0.0,388.8,PROD_SK_020
ITEM_SK_00064,10272,31,10.0,40,0.0,400.0,0.0,400.0,PROD_SK_031
ITEM_SK_00065,10272,72,27.8,24,0.0,667.2,0.0,667.2,PROD_SK_072
ITEM_SK_00066,10273,10,24.8,24,0.05,595.2,29.76,565.44,PROD_SK_010
ITEM_SK_00067,10273,31,10.0,15,0.05,150.0,7.5,142.5,PROD_SK_031
ITEM_SK_00068,10273,33,2.0,20,0.0,40.0,0.0,40.0,PROD_SK_033
ITEM_SK_00069,10273,40,14.7,60,0.05,882.0,44.1,837.9,PROD_SK_040
ITEM_SK_00070,10273,76,14.4,33,0.05,475.2,23.76,451.44,PROD_SK_076
ITEM_SK_00071,10274,71,17.2,20,0.0,344.0,0.0,344.0,PROD_SK_071
ITEM_SK_00072,10274,72,27.8,7,0.0,194.6,0.0,194.6,PROD_SK_072
ITEM_SK_00073,10275,24,3.6,12,0.05,43.2,2.16,41.04,PROD_SK_024
ITEM_SK_00074,10275,59,44.0,6,0.05,264.0,13.2,250.8,PROD_SK_059
ITEM_SK_00075,10276,10,24.8,15,0.0,372.0,0.0,372.0,PROD_SK_010
ITEM_SK_00076,10276,13,4.8,10,0.0,48.0,0.0,48.0,PROD_SK_013
ITEM_SK_00077,10277,28,36.4,20,0.0,728.0,0.0,728.0,PROD_SK_028
ITEM_SK_00078,10277,62,39.4,12,0.0,472.8,0.0,472.8,PROD_SK_062
ITEM_SK_00079,10278,44,15.5,16,0.0,248.0,0.0,248.0,PROD_SK_044
ITEM_SK_00080,10278,59,44.0,15,0.0,660.0,0.0,660.0,PROD_SK_059
ITEM_SK_00081,10278,63,35.1,8,0.0,280.8,0.0,280.8,PROD_SK_063
ITEM_SK_00082,10278,73,12.0,25,0.0,300.0,0.0,300.0,PROD_SK_073
ITEM_SK_00083,10279,17,31.2,15,0.25,468.0,117.0,351.0,PROD_SK_017
ITEM_SK_00084,10280,24,3.6,12,0.0,43.2,0.0,43.2,PROD_SK_024
ITEM_SK_00085,10280,55,19.2,20,0.0,384.0,0.0,384.0,PROD_SK_055
ITEM_SK_00086,10280,75,6.2,30,0.0,186.0,0.0,186.0,PROD_SK_075
ITEM_SK_00087,10281,19,7.3,1,0.0,7.3,0.0,7.3,PROD_SK_019
ITEM_SK_00088,10281,24,3.6,6,0.0,21.6,0.0,21.6,PROD_SK_024
ITEM_SK_00089,10281,35,14.4,4,0.0,57.6,0.0,57.6,PROD_SK_035
ITEM_SK_00090,10282,30,20.7,6,0.0,124.2,0.0,124.2,PROD_SK_030
ITEM_SK_00091,10282,57,15.6,2,0.0,31.2,0.0,31.2,PROD_SK_057
ITEM_SK_00092,10283,15,12.4,20,0.0,248.0,0.0,248.0,PROD_SK_015
ITEM_SK_00093,10283,19,7.3,18,0.0,131.4,0.0,131.4,PROD_SK_019
ITEM_SK_00094,10283,60,27.2,35,0.0,952.0,0.0,952.0,PROD_SK_060
ITEM_SK_00095,10283,72,27.8,3,0.0,83.4,0.0,83.4,PROD_SK_072
ITEM_SK_00096,10284,27,35.1,15,0.25,526.5,131.62,394.88,PROD_SK_027
ITEM_SK_00097,10284,44,15.5,21,0.0,325.5,0.0,325.5,PROD_SK_044
ITEM_SK_00098,10284,60,27.2,20,0.25,544.0,136.0,408.0,PROD_SK_060
ITEM_SK_00099,10284,67,11.2,5,0.25,56.0,14.0,42.0,PROD_SK_067
ITEM_SK_00100,10285,1,14.4,45,0.2,648.0,129.6,518.4,PROD_SK_001
ITEM_SK_00101,10285,40,14.7,40,0.2,588.0,117.6,470.4,PROD_SK_040
ITEM_SK_00102,10285,53,26.2,36,0.2,943.2,188.64,754.56,PROD_SK_053
ITEM_SK_00103,10286,35,14.4,100,0.0,1440.0,0.0,1440.0,PROD_SK_035
ITEM_SK_00104,10286,62,39.4,40,0.0,1576.0,0.0,1576.0,PROD_SK_062
ITEM_SK_00105,10287,16,13.9,40,0.15,556.0,83.4,472.6,PROD_SK_016
ITEM_SK_00106,10287,34,11.2,20,0.0,224.0,0.0,224.0,PROD_SK_034
ITEM_SK_00107,10287,46,9.6,15,0.15,144.0,21.6,122.4,PROD_SK_046
ITEM_SK_00108,10288,54,5.9,10,0.1,59.0,5.9,53.1,PROD_SK_054
ITEM_SK_00109,10288,68,10.0,3,0.1,30.0,3.0,27.0,PROD_SK_068
ITEM_SK_00110,10289,3,8.0,30,0.0,240.0,0.0,240.0,PROD_SK_003
ITEM_SK_00111,10289,64,26.6,9,0.0,239.4,0.0,239.4,PROD_SK_064
ITEM_SK_00112,10290,5,17.0,20,0.0,340.0,0.0,340.0,PROD_SK_005
ITEM_SK_00113,10290,29,99.0,15,0.0,1485.0,0.0,1485.0,PROD_SK_029
ITEM_SK_00114,10290,49,16.0,15,0.0,240.0,0.0,240.0,PROD_SK_049
ITEM_SK_00115,10290,77,10.4,10,0.0,104.0,0.0,104.0,PROD_SK_077
ITEM_SK_00116,10291,13,4.8,20,0.1,96.0,9.6,86.4,PROD_SK_013
ITEM_SK_00117,10291,44,15.5,24,0.1,372.0,37.2,334.8,PROD_SK_044
ITEM_SK_00118,10291,51,42.4,2,0.1,84.8,8.48,76.32,PROD_SK_051
ITEM_SK_00119,10292,20,64.8,20,0.0,1296.0,0.0,1296.0,PROD_SK_020
ITEM_SK_00120,10293,18,50.0,12,0.0,600.0,0.0,600.0,PROD_SK_018
ITEM_SK_00121,10293,24,3.6,10,0.0,36.0,0.0,36.0,PROD_SK_024
ITEM_SK_00122,10293,63,35.1,5,0.0,175.5,0.0,175.5,PROD_SK_063
ITEM_SK_00123,10293,75,6.2,6,0.0,37.2,0.0,37.2,PROD_SK_075
ITEM_SK_00124,10294,1,14.4,18,0.0,259.2,0.0,259.2,PROD_SK_001
ITEM_SK_00125,10294,17,31.2,15,0.0,468.0,0.0,468.0,PROD_SK_017
ITEM_SK_00126,10294,43,36.8,15,0.0,552.0,0.0,552.0,PROD_SK_043
ITEM_SK_00127,10294,60,27.2,21,0.0,571.2,0.0,571.2,PROD_SK_060
ITEM_SK_00128,10294,75,6.2,6,0.0,37.2,0.0,37.2,PROD_SK_075
ITEM_SK_00129,10295,56,30.4,4,0.0,121.6,0.0,121.6,PROD_SK_056
ITEM_SK_00130,10296,11,16.8,12,0.0,201.6,0.0,201.6,PROD_SK_011
ITEM_SK_00131,10296,16,13.9,30,0.0,417.0,0.0,417.0,PROD_SK_016
ITEM_SK_00132,10296,69,28.8,15,0.0,432.0,0.0,432.0,PROD_SK_069
ITEM_SK_00133,10297,39,14.4,60,0.0,864.0,0.0,864.0,PROD_SK_039
ITEM_SK_00134,10297,72,27.8,20,0.0,556.0,0.0,556.0,PROD_SK_072
ITEM_SK_00135,10298,2,15.2,40,0.0,608.0,0.0,608.0,PROD_SK_002
ITEM_SK_00136,10298,36,15.2,40,0.25,608.0,152.0,456.0,PROD_SK_036
ITEM_SK_00137,10298,59,44.0,30,0.25,1320.0,330.0,990.0,PROD_SK_059
ITEM_SK_00138,10298,62,39.4,15,0.0,591.0,0.0,591.0,PROD_SK_062
ITEM_SK_00139,10299,19,7.3,15,0.0,109.5,0.0,109.5,PROD_SK_019
ITEM_SK_00140,10299,70,12.0,20,0.0,240.0,0.0,240.0,PROD_SK_070
ITEM_SK_00141,10300,66,13.6,30,0.0,408.0,0.0,408.0,PROD_SK_066
ITEM_SK_00142,10300,68,10.0,20,0.0,200.0,0.0,200.0,PROD_SK_068
ITEM_SK_00143,10301,40,14.7,10,0.0,147.0,0.0,147.0,PROD_SK_040
ITEM_SK_00144,10301,56,30.4,20,0.0,608.0,0.0,608.0,PROD_SK_056
ITEM_SK_00145,10302,17,31.2,40,0.0,1248.0,0.0,1248.0,PROD_SK_017
ITEM_SK_00146,10302,28,36.4,28,0.0,1019.2,0.0,1019.2,PROD_SK_028
ITEM_SK_00147,10302,43,36.8,12,0.0,441.6,0.0,441.6,PROD_SK_043
ITEM_SK_00148,10303,40,14.7,40,0.1,588.0,58.8,529.2,PROD_SK_040
ITEM_SK_00149,10303,65,16.8,30,0.1,504.0,50.4,453.6,PROD_SK_065
ITEM_SK_00150,10303,68,10.0,15,0.1,150.0,15.0,135.0,PROD_SK_068
ITEM_SK_00151,10304,49,16.0,30,0.0,480.0,0.0,480.0,PROD_SK_049
ITEM_SK_00152,10304,59,44.0,10,0.0,440.0,0.0,440.0,PROD_SK_059
ITEM_SK_00153,10304,71,17.2,2,0.0,34.4,0.0,34.4,PROD_SK_071
ITEM_SK_00154,10305,18,50.0,25,0.1,1250.0,125.0,1125.0,PROD_SK_018
ITEM_SK_00155,10305,29,99.0,25,0.1,2475.0,247.5,2227.5,PROD_SK_029
ITEM_SK_00156,10305,39,14.4,30,0.1,432.0,43.2,388.8,PROD_SK_039
ITEM_SK_00157,10306,30,20.7,10,0.0,207.0,0.0,207.0,PROD_SK_030
ITEM_SK_00158,10306,53,26.2,10,0.0,262.0,0.0,262.0,PROD_SK_053
ITEM_SK_00159,10306,54,5.9,5,0.0,29.5,0.0,29.5,PROD_SK_054
ITEM_SK_00160,10307,62,39.4,10,0.0,394.0,0.0,394.0,PROD_SK_062
ITEM_SK_00161,10307,68,10.0,3,0.0,30.0,0.0,30.0,PROD_SK_068
ITEM_SK_00162,10308,69,28.8,1,0.0,28.8,0.0,28.8,PROD_SK_069
ITEM_SK_00163,10308,70,12.0,5,0.0,60.0,0.0,60.0,PROD_SK_070
ITEM_SK_00164,10309,4,17.6,20,0.0,352.0,0.0,352.0,PROD_SK_004
ITEM_SK_00165,10309,6,20.0,30,0.0,600.0,0.0,600.0,PROD_SK_006
ITEM_SK_00166,10309,42,11.2,2,0.0,22.4,0.0,22.4,PROD_SK_042
ITEM_SK_00167,10309,43,36.8,20,0.0,736.0,0.0,736.0,PROD_SK_043
ITEM_SK_00168,10309,71,17.2,3,0.0,51.6,0.0,51.6,PROD_SK_071
ITEM_SK_00169,10310,16,13.9,10,0.0,139.0,0.0,139.0,PROD_SK_016
ITEM_SK_00170,10310,62,39.4,5,0.0,197.0,0.0,197.0,PROD_SK_062
ITEM_SK_00171,10311,42,11.2,6,0.0,67.2,0.0,67.2,PROD_SK_042
ITEM_SK_00172,10311,69,28.8,7,0.0,201.6,0.0,201.6,PROD_SK_069
ITEM_SK_00173,10312,28,36.4,4,0.0,145.6,0.0,145.6,PROD_SK_028
ITEM_SK_00174,10312,43,36.8,24,0.0,883.2,0.0,883.2,PROD_SK_043
ITEM_SK_00175,10312,53,26.2,20,0.0,524.0,0.0,524.0,PROD_SK_053
ITEM_SK_00176,10312,75,6.2,10,0.0,62.0,0.0,62.0,PROD_SK_075
ITEM_SK_00177,10313,36,15.2,12,0.0,182.4,0.0,182.4,PROD_SK_036
ITEM_SK_00178,10314,32,25.6,40,0.1,1024.0,102.4,921.6,PROD_SK_032
ITEM_SK_00179,10314,58,10.6,30,0.1,318.0,31.8,286.2,PROD_SK_058
ITEM_SK_00180,10314,62,39.4,25,0.1,985.0,98.5,886.5,PROD_SK_062
ITEM_SK_00181,10315,34,11.2,14,0.0,156.8,0.0,156.8,PROD_SK_034
ITEM_SK_00182,10315,70,12.0,30,0.0,360.0,0.0,360.0,PROD_SK_070
ITEM_SK_00183,10316,41,7.7,10,0.0,77.0,0.0,77.0,PROD_SK_041
ITEM_SK_00184,10316,62,39.4,70,0.0,2758.0,0.0,2758.0,PROD_SK_062
ITEM_SK_00185,10317,1,14.4,20,0.0,288.0,0.0,288.0,PROD_SK_001
ITEM_SK_00186,10318,41,7.7,20,0.0,154.0,0.0,154.0,PROD_SK_041
ITEM_SK_00187,10318,76,14.4,6,0.0,86.4,0.0,86.4,PROD_SK_076
ITEM_SK_00188,10319,17,31.2,8,0.0,249.6,0.0,249.6,PROD_SK_017
ITEM_SK_00189,10319,28,36.4,14,0.0,509.6,0.0,509.6,PROD_SK_028
ITEM_SK_00190,10319,76,14.4,30,0.0,432.0,0.0,432.0,PROD_SK_076
ITEM_SK_00191,10320,71,17.2,30,0.0,516.0,0.0,516.0,PROD_SK_071
ITEM_SK_00192,10321,35,14.4,10,0.0,144.0,0.0,144.0,PROD_SK_035
ITEM_SK_00193,10322,52,5.6,20,0.0,112.0,0.0,112.0,PROD_SK_052
ITEM_SK_00194,10323,15,12.4,5,0.0,62.0,0.0,62.0,PROD_SK_015
ITEM_SK_00195,10323,25,11.2,4,0.0,44.8,0.0,44.8,PROD_SK_025
ITEM_SK_00196,10323,39,14.4,4,0.0,57.6,0.0,57.6,PROD_SK_039
ITEM_SK_00197,10324,16,13.9,21,0.15,291.9,43.78,248.12,PROD_SK_016
ITEM_SK_00198,10324,35,14.4,70,0.15,1008.0,151.2,856.8,PROD_SK_035
ITEM_SK_00199,10324,46,9.6,30,0.0,288.0,0.0,288.0,PROD_SK_046
ITEM_SK_00200,10324,59,44.0,40,0.15,1760.0,264.0,1496.0,PROD_SK_059
ITEM_SK_00201,10324,63,35.1,80,0.15,2808.0,421.2,2386.8,PROD_SK_063
ITEM_SK_00202,10325,6,20.0,6,0.0,120.0,0.0,120.0,PROD_SK_006
ITEM_SK_00203,10325,13,4.8,12,0.0,57.6,0.0,57.6,PROD_SK_013
ITEM_SK_00204,10325,14,18.6,9,0.0,167.4,0.0,167.4,PROD_SK_014
ITEM_SK_00205,10325,31,10.0,4,0.0,40.0,0.0,40.0,PROD_SK_031
ITEM_SK_00206,10325,72,27.8,40,0.0,1112.0,0.0,1112.0,PROD_SK_072
ITEM_SK_00207,10326,4,17.6,24,0.0,422.4,0.0,422.4,PROD_SK_004
ITEM_SK_00208,10326,57,15.6,16,0.0,249.6,0.0,249.6,PROD_SK_057
ITEM_SK_00209,10326,75,6.2,50,0.0,310.0,0.0,310.0,PROD_SK_075
ITEM_SK_00210,10327,2,15.2,25,0.2,380.0,76.0,304.0,PROD_SK_002
ITEM_SK_00211,10327,11,16.8,50,0.2,840.0,168.0,672.0,PROD_SK_011
ITEM_SK_00212,10327,30,20.7,35,0.2,724.5,144.9,579.6,PROD_SK_030
ITEM_SK_00213,10327,58,10.6,30,0.2,318.0,63.6,254.4,PROD_SK_058
ITEM_SK_00214,10328,59,44.0,9,0.0,396.0,0.0,396.0,PROD_SK_059
ITEM_SK_00215,10328,65,16.8,40,0.0,672.0,0.0,672.0,PROD_SK_065
ITEM_SK_00216,10328,68,10.0,10,0.0,100.0,0.0,100.0,PROD_SK_068
ITEM_SK_00217,10329,19,7.3,10,0.05,73.0,3.65,69.35,PROD_SK_019
ITEM_SK_00218,10329,30,20.7,8,0.05,165.6,8.28,157.32,PROD_SK_030
ITEM_SK_00219,10329,38,210.8,20,0.05,4216.0,210.8,4005.2,PROD_SK_038
ITEM_SK_00220,10329,56,30.4,12,0.05,364.8,18.24,346.56,PROD_SK_056
ITEM_SK_00221,10330,26,24.9,50,0.15,1245.0,186.75,1058.25,PROD_SK_026
ITEM_SK_00222,10330,72,27.8,25,0.15,695.0,104.25,590.75,PROD_SK_072
ITEM_SK_00223,10331,54,5.9,15,0.0,88.5,0.0,88.5,PROD_SK_054
ITEM_SK_00224,10332,18,50.0,40,0.2,2000.0,400.0,1600.0,PROD_SK_018
ITEM_SK_00225,10332,42,11.2,10,0.2,112.0,22.4,89.6,PROD_SK_042
ITEM_SK_00226,10332,47,7.6,16,0.2,121.6,24.32,97.28,PROD_SK_047
ITEM_SK_00227,10333,14,18.6,10,0.0,186.0,0.0,186.0,PROD_SK_014
ITEM_SK_00228,10333,21,8.0,10,0.1,80.0,8.0,72.0,PROD_SK_021
ITEM_SK_00229,10333,71,17.2,40,0.1,688.0,68.8,619.2,PROD_SK_071
ITEM_SK_00230,10334,52,5.6,8,0.0,44.8,0.0,44.8,PROD_SK_052
ITEM_SK_00231,10334,68,10.0,10,0.0,100.0,0.0,100.0,PROD_SK_068
ITEM_SK_00232,10335,2,15.2,7,0.2,106.4,21.28,85.12,PROD_SK_002
ITEM_SK_00233,10335,31,10.0,25,0.2,250.0,50.0,200.0,PROD_SK_031
ITEM_SK_00234,10335,32,25.6,6,0.2,153.6,30.72,122.88,PROD_SK_032
ITEM_SK_00235,10335,51,42.4,48,0.2,2035.2,407.04,1628.16,PROD_SK_051
ITEM_SK_00236,10336,4,17.6,18,0.1,316.8,31.68,285.12,PROD_SK_004
ITEM_SK_00237,10337,23,7.2,40,0.0,288.0,0.0,288.0,PROD_SK_023
ITEM_SK_00238,10337,26,24.9,24,0.0,597.6,0.0,597.6,PROD_SK_026
ITEM_SK_00239,10337,36,15.2,20,0.0,304.0,0.0,304.0,PROD_SK_036
ITEM_SK_00240,10337,37,20.8,28,0.0,582.4,0.0,582.4,PROD_SK_037
ITEM_SK_00241,10337,72,27.8,25,0.0,695.0,0.0,695.0,PROD_SK_072
ITEM_SK_00242,10338,17,31.2,20,0.0,624.0,0.0,624.0,PROD_SK_017
ITEM_SK_00243,10338,30,20.7,15,0.0,310.5,0.0,310.5,PROD_SK_030
ITEM_SK_00244,10339,4,17.6,10,0.0,176.0,0.0,176.0,PROD_SK_004
ITEM_SK_00245,10339,17,31.2,70,0.05,2184.0,109.2,2074.8,PROD_SK_017
ITEM_SK_00246,10339,62,39.4,28,0.0,1103.2,0.0,1103.2,PROD_SK_062
ITEM_SK_00247,10340,18,50.0,20,0.05,1000.0,50.0,950.0,PROD_SK_018
ITEM_SK_00248,10340,41,7.7,12,0.05,92.4,4.62,87.78,PROD_SK_041
ITEM_SK_00249,10340,43,36.8,40,0.05,1472.0,73.6,1398.4,PROD_SK_043
ITEM_SK_00250,10341,33,2.0,8,0.0,16.0,0.0,16.0,PROD_SK_033
ITEM_SK_00251,10341,59,44.0,9,0.15,396.0,59.4,336.6,PROD_SK_059
ITEM_SK_00252,10342,2,15.2,24,0.2,364.8,72.96,291.84,PROD_SK_002
ITEM_SK_00253,10342,31,10.0,56,0.2,560.0,112.0,448.0,PROD_SK_031
ITEM_SK_00254,10342,36,15.2,40,0.2,608.0,121.6,486.4,PROD_SK_036
ITEM_SK_00255,10342,55,19.2,40,0.2,768.0,153.6,614.4,PROD_SK_055
ITEM_SK_00256,10343,64,26.6,50,0.0,1330.0,0.0,1330.0,PROD_SK_064
ITEM_SK_00257,10343,68,10.0,4,0.05,40.0,2.0,38.0,PROD_SK_068
ITEM_SK_00258,10343,76,14.4,15,0.0,216.0,0.0,216.0,PROD_SK_076
ITEM_SK_00259,10344,4,17.6,35,0.0,616.0,0.0,616.0,PROD_SK_004
ITEM_SK_00260,10344,8,32.0,70,0.25,2240.0,560.0,1680.0,PROD_SK_008
ITEM_SK_00261,10345,8,32.0,70,0.0,2240.0,0.0,2240.0,PROD_SK_008
ITEM_SK_00262,10345,19,7.3,80,0.0,584.0,0.0,584.0,PROD_SK_019
ITEM_SK_00263,10345,42,11.2,9,0.0,100.8,0.0,100.8,PROD_SK_042
ITEM_SK_00264,10346,17,31.2,36,0.1,1123.2,112.32,1010.88,PROD_SK_017
ITEM_SK_00265,10346,56,30.4,20,0.0,608.0,0.0,608.0,PROD_SK_056
ITEM_SK_00266,10347,25,11.2,10,0.0,112.0,0.0,112.0,PROD_SK_025
ITEM_SK_00267,10347,39,14.4,50,0.15,720.0,108.0,612.0,PROD_SK_039
ITEM_SK_00268,10347,40,14.7,4,0.0,58.8,0.0,58.8,PROD_SK_040
ITEM_SK_00269,10347,75,6.2,6,0.15,37.2,5.58,31.62,PROD_SK_075
ITEM_SK_00270,10348,1,14.4,15,0.15,216.0,32.4,183.6,PROD_SK_001
ITEM_SK_00271,10348,23,7.2,25,0.0,180.0,0.0,180.0,PROD_SK_023
ITEM_SK_00272,10349,54,5.9,24,0.0,141.6,0.0,141.6,PROD_SK_054
ITEM_SK_00273,10350,50,13.0,15,0.1,195.0,19.5,175.5,PROD_SK_050
ITEM_SK_00274,10350,69,28.8,18,0.1,518.4,51.84,466.56,PROD_SK_069
ITEM_SK_00275,10351,38,210.8,20,0.05,4216.0,210.8,4005.2,PROD_SK_038
ITEM_SK_00276,10351,41,7.7,13,0.0,100.1,0.0,100.1,PROD_SK_041
ITEM_SK_00277,10351,44,15.5,77,0.05,1193.5,59.68,1133.82,PROD_SK_044
ITEM_SK_00278,10351,65,16.8,10,0.05,168.0,8.4,159.6,PROD_SK_065
ITEM_SK_00279,10352,24,3.6,10,0.0,36.0,0.0,36.0,PROD_SK_024
ITEM_SK_00280,10352,54,5.9,20,0.15,118.0,17.7,100.3,PROD_SK_054
ITEM_SK_00281,10353,11,16.8,12,0.2,201.6,40.32,161.28,PROD_SK_011
ITEM_SK_00282,10353,38,210.8,50,0.2,10540.0,2108.0,8432.0,PROD_SK_038
ITEM_SK_00283,10354,1,14.4,12,0.0,172.8,0.0,172.8,PROD_SK_001
ITEM_SK_00284,10354,29,99.0,4,0.0,396.0,0.0,396.0,PROD_SK_029
ITEM_SK_00285,10355,24,3.6,25,0.0,90.0,0.0,90.0,PROD_SK_024
ITEM_SK_00286,10355,57,15.6,25,0.0,390.0,0.0,390.0,PROD_SK_057
ITEM_SK_00287,10356,31,10.0,30,0.0,300.0,0.0,300.0,PROD_SK_031
ITEM_SK_00288,10356,55,19.2,12,0.0,230.4,0.0,230.4,PROD_SK_055
ITEM_SK_00289,10356,69,28.8,20,0.0,576.0,0.0,576.0,PROD_SK_069
ITEM_SK_00290,10357,10,24.8,30,0.2,744.0,148.8,595.2,PROD_SK_010
ITEM_SK_00291,10357,26,24.9,16,0.0,398.4,0.0,398.4,PROD_SK_026
ITEM_SK_00292,10357,60,27.2,8,0.2,217.6,43.52,174.08,PROD_SK_060
ITEM_SK_00293,10358,24,3.6,10,0.05,36.0,1.8,34.2,PROD_SK_024
ITEM_SK_00294,10358,34,11.2,10,0.05,112.0,5.6,106.4,PROD_SK_034
ITEM_SK_00295,10358,36,15.2,20,0.05,304.0,15.2,288.8,PROD_SK_036
ITEM_SK_00296,10359,16,13.9,56,0.05,778.4,38.92,739.48,PROD_SK_016
ITEM_SK_00297,10359,31,10.0,70,0.05,700.0,35.0,665.0,PROD_SK_031
ITEM_SK_00298,10359,60,27.2,80,0.05,2176.0,108.8,2067.2,PROD_SK_060
ITEM_SK_00299,10360,28,36.4,30,0.0,1092.0,0.0,1092.0,PROD_SK_028
ITEM_SK_00300,10360,29,99.0,35,0.0,3465.0,0.0,3465.0,PROD_SK_029
ITEM_SK_00301,10360,38,210.8,10,0.0,2108.0,0.0,2108.0,PROD_SK_038
ITEM_SK_00302,10360,49,16.0,35,0.0,560.0,0.0,560.0,PROD_SK_049
ITEM_SK_00303,10360,54,5.9,28,0.0,165.2,0.0,165.2,PROD_SK_054
ITEM_SK_00304,10361,39,14.4,54,0.1,777.6,77.76,699.84,PROD_SK_039
ITEM_SK_00305,10361,60,27.2,55,0.1,1496.0,149.6,1346.4,PROD_SK_060
ITEM_SK_00306,10362,25,11.2,50,0.0,560.0,0.0,560.0,PROD_SK_025
ITEM_SK_00307,10362,51,42.4,20,0.0,848.0,0.0,848.0,PROD_SK_051
ITEM_SK_00308,10362,54,5.9,24,0.0,141.6,0.0,141.6,PROD_SK_054
ITEM_SK_00309,10363,31,10.0,20,0.0,200.0,0.0,200.0,PROD_SK_031
ITEM_SK_00310,10363,75,6.2,12,0.0,74.4,0.0,74.4,PROD_SK_075
ITEM_SK_00311,10363,76,14.4,12,0.0,172.8,0.0,172.8,PROD_SK_076
ITEM_SK_00312,10364,69,28.8,30,0.0,864.0,0.0,864.0,PROD_SK_069
ITEM_SK_00313,10364,71,17.2,5,0.0,86.0,0.0,86.0,PROD_SK_071
ITEM_SK_00314,10365,11,16.8,24,0.0,403.2,0.0,403.2,PROD_SK_011
ITEM_SK_00315,10366,65,16.8,5,0.0,84.0,0.0,84.0,PROD_SK_065
ITEM_SK_00316,10366,77,10.4,5,0.0,52.0,0.0,52.0,PROD_SK_077
ITEM_SK_00317,10367,34,11.2,36,0.0,403.2,0.0,403.2,PROD_SK_034
ITEM_SK_00318,10367,54,5.9,18,0.0,106.2,0.0,106.2,PROD_SK_054
ITEM_SK_00319,10367,65,16.8,15,0.0,252.0,0.0,252.0,PROD_SK_065
ITEM_SK_00320,10367,77,10.4,7,0.0,72.8,0.0,72.8,PROD_SK_077
ITEM_SK_00321,10368,21,8.0,5,0.1,40.0,4.0,36.0,PROD_SK_021
ITEM_SK_00322,10368,28,36.4,13,0.1,473.2,47.32,425.88,PROD_SK_028
ITEM_SK_00323,10368,57,15.6,25,0.0,390.0,0.0,390.0,PROD_SK_057
ITEM_SK_00324,10368,64,26.6,35,0.1,931.0,93.1,837.9,PROD_SK_064
ITEM_SK_00325,10369,29,99.0,20,0.0,1980.0,0.0,1980.0,PROD_SK_029
ITEM_SK_00326,10369,56,30.4,18,0.25,547.2,136.8,410.4,PROD_SK_056
ITEM_SK_00327,10370,1,14.4,15,0.15,216.0,32.4,183.6,PROD_SK_001
ITEM_SK_00328,10370,64,26.6,30,0.0,798.0,0.0,798.0,PROD_SK_064
ITEM_SK_00329,10370,74,8.0,20,0.15,160.0,24.0,136.0,PROD_SK_074
ITEM_SK_00330,10371,36,15.2,6,0.2,91.2,18.24,72.96,PROD_SK_036
ITEM_SK_00331,10372,20,64.8,12,0.25,777.6,194.4,583.2,PROD_SK_020
ITEM_SK_00332,10372,38,210.8,40,0.25,8432.0,2108.0,6324.0,PROD_SK_038
ITEM_SK_00333,10372,60,27.2,70,0.25,1904.0,476.0,1428.0,PROD_SK_060
ITEM_SK_00334,10372,72,27.8,42,0.25,1167.6,291.9,875.7,PROD_SK_072
ITEM_SK_00335,10373,58,10.6,80,0.2,848.0,169.6,678.4,PROD_SK_058
ITEM_SK_00336,10373,71,17.2,50,0.2,860.0,172.0,688.0,PROD_SK_071
ITEM_SK_00337,10374,31,10.0,30,0.0,300.0,0.0,300.0,PROD_SK_031
ITEM_SK_00338,10374,58,10.6,15,0.0,159.0,0.0,159.0,PROD_SK_058
ITEM_SK_00339,10375,14,18.6,15,0.0,279.0,0.0,279.0,PROD_SK_014
ITEM_SK_00340,10375,54,5.9,10,0.0,59.0,0.0,59.0,PROD_SK_054
ITEM_SK_00341,10376,31,10.0,42,0.05,420.0,21.0,399.0,PROD_SK_031
ITEM_SK_00342,10377,28,36.4,20,0.15,728.0,109.2,618.8,PROD_SK_028
ITEM_SK_00343,10377,39,14.4,20,0.15,288.0,43.2,244.8,PROD_SK_039
ITEM_SK_00344,10378,71,17.2,6,0.0,103.2,0.0,103.2,PROD_SK_071
ITEM_SK_00345,10379,41,7.7,8,0.1,61.6,6.16,55.44,PROD_SK_041
ITEM_SK_00346,10379,63,35.1,16,0.1,561.6,56.16,505.44,PROD_SK_063
ITEM_SK_00347,10379,65,16.8,20,0.1,336.0,33.6,302.4,PROD_SK_065
ITEM_SK_00348,10380,30,20.7,18,0.1,372.6,37.26,335.34,PROD_SK_030
ITEM_SK_00349,10380,53,26.2,20,0.1,524.0,52.4,471.6,PROD_SK_053
ITEM_SK_00350,10380,60,27.2,6,0.1,163.2,16.32,146.88,PROD_SK_060
ITEM_SK_00351,10380,70,12.0,30,0.0,360.0,0.0,360.0,PROD_SK_070
ITEM_SK_00352,10381,74,8.0,14,0.0,112.0,0.0,112.0,PROD_SK_074
ITEM_SK_00353,10382,5,17.0,32,0.0,544.0,0.0,544.0,PROD_SK_005
ITEM_SK_00354,10382,18,50.0,9,0.0,450.0,0.0,450.0,PROD_SK_018
ITEM_SK_00355,10382,29,99.0,14,0.0,1386.0,0.0,1386.0,PROD_SK_029
ITEM_SK_00356,10382,33,2.0,60,0.0,120.0,0.0,120.0,PROD_SK_033
ITEM_SK_00357,10382,74,8.0,50,0.0,400.0,0.0,400.0,PROD_SK_074
ITEM_SK_00358,10383,13,4.8,20,0.0,96.0,0.0,96.0,PROD_SK_013
ITEM_SK_00359,10383,50,13.0,15,0.0,195.0,0.0,195.0,PROD_SK_050
ITEM_SK_00360,10383,56,30.4,20,0.0,608.0,0.0,608.0,PROD_SK_056
ITEM_SK_00361,10384,20,64.8,28,0.0,1814.4,0.0,1814.4,PROD_SK_020
ITEM_SK_00362,10384,60,27.2,15,0.0,408.0,0.0,408.0,PROD_SK_060
ITEM_SK_00363,10385,7,24.0,10,0.2,240.0,48.0,192.0,PROD_SK_007
ITEM_SK_00364,10385,60,27.2,20,0.2,544.0,108.8,435.2,PROD_SK_060
ITEM_SK_00365,10385,68,10.0,8,0.2,80.0,16.0,64.0,PROD_SK_068
ITEM_SK_00366,10386,24,3.6,15,0.0,54.0,0.0,54.0,PROD_SK_024
ITEM_SK_00367,10386,34,11.2,10,0.0,112.0,0.0,112.0,PROD_SK_034
ITEM_SK_00368,10387,24,3.6,15,0.0,54.0,0.0,54.0,PROD_SK_024
ITEM_SK_00369,10387,28,36.4,6,0.0,218.4,0.0,218.4,PROD_SK_028
ITEM_SK_00370,10387,59,44.0,12,0.0,528.0,0.0,528.0,PROD_SK_059
ITEM_SK_00371,10387,71,17.2,15,0.0,258.0,0.0,258.0,PROD_SK_071
ITEM_SK_00372,10388,45,7.6,15,0.2,114.0,22.8,91.2,PROD_SK_045
ITEM_SK_00373,10388,52,5.6,20,0.2,112.0,22.4,89.6,PROD_SK_052
ITEM_SK_00374,10388,53,26.2,40,0.0,1048.0,0.0,1048.0,PROD_SK_053
ITEM_SK_00375,10389,10,24.8,16,0.0,396.8,0.0,396.8,PROD_SK_010
ITEM_SK_00376,10389,55,19.2,15,0.0,288.0,0.0,288.0,PROD_SK_055
ITEM_SK_00377,10389,62,39.4,20,0.0,788.0,0.0,788.0,PROD_SK_062
ITEM_SK_00378,10389,70,12.0,30,0.0,360.0,0.0,360.0,PROD_SK_070
ITEM_SK_00379,10390,31,10.0,60,0.1,600.0,60.0,540.0,PROD_SK_031
ITEM_SK_00380,10390,35,14.4,40,0.1,576.0,57.6,518.4,PROD_SK_035
ITEM_SK_00381,10390,46,9.6,45,0.0,432.0,0.0,432.0,PROD_SK_046
ITEM_SK_00382,10390,72,27.8,24,0.1,667.2,66.72,600.48,PROD_SK_072
ITEM_SK_00383,10391,13,4.8,18,0.0,86.4,0.0,86.4,PROD_SK_013
ITEM_SK_00384,10392,69,28.8,50,0.0,1440.0,0.0,1440.0,PROD_SK_069
ITEM_SK_00385,10393,2,15.2,25,0.25,380.0,95.0,285.0,PROD_SK_002
ITEM_SK_00386,10393,14,18.6,42,0.25,781.2,195.3,585.9,PROD_SK_014
ITEM_SK_00387,10393,25,11.2,7,0.25,78.4,19.6,58.8,PROD_SK_025
ITEM_SK_00388,10393,26,24.9,70,0.25,1743.0,435.75,1307.25,PROD_SK_026
ITEM_SK_00389,10393,31,10.0,32,0.0,320.0,0.0,320.0,PROD_SK_031
ITEM_SK_00390,10394,13,4.8,10,0.0,48.0,0.0,48.0,PROD_SK_013
ITEM_SK_00391,10394,62,39.4,10,0.0,394.0,0.0,394.0,PROD_SK_062
ITEM_SK_00392,10395,46,9.6,28,0.1,268.8,26.88,241.92,PROD_SK_046
ITEM_SK_00393,10395,53,26.2,70,0.1,1834.0,183.4,1650.6,PROD_SK_053
ITEM_SK_00394,10395,69,28.8,8,0.0,230.4,0.0,230.4,PROD_SK_069
ITEM_SK_00395,10396,23,7.2,40,0.0,288.0,0.0,288.0,PROD_SK_023
ITEM_SK_00396,10396,71,17.2,60,0.0,1032.0,0.0,1032.0,PROD_SK_071
ITEM_SK_00397,10396,72,27.8,21,0.0,583.8,0.0,583.8,PROD_SK_072
ITEM_SK_00398,10397,21,8.0,10,0.15,80.0,12.0,68.0,PROD_SK_021
ITEM_SK_00399,10397,51,42.4,18,0.15,763.2,114.48,648.72,PROD_SK_051
ITEM_SK_00400,10398,35,14.4,30,0.0,432.0,0.0,432.0,PROD_SK_035
ITEM_SK_00401,10398,55,19.2,120,0.1,2304.0,230.4,2073.6,PROD_SK_055
ITEM_SK_00402,10399,68,10.0,60,0.0,600.0,0.0,600.0,PROD_SK_068
ITEM_SK_00403,10399,71,17.2,30,0.0,516.0,0.0,516.0,PROD_SK_071
ITEM_SK_00404,10399,76,14.4,35,0.0,504.0,0.0,504.0,PROD_SK_076
ITEM_SK_00405,10399,77,10.4,14,0.0,145.6,0.0,145.6,PROD_SK_077
ITEM_SK_00406,10400,29,99.0,21,0.0,2079.0,0.0,2079.0,PROD_SK_029
ITEM_SK_00407,10400,35,14.4,35,0.0,504.0,0.0,504.0,PROD_SK_035
ITEM_SK_00408,10400,49,16.0,30,0.0,480.0,0.0,480.0,PROD_SK_049
ITEM_SK_00409,10401,30,20.7,18,0.0,372.6,0.0,372.6,PROD_SK_030
ITEM_SK_00410,10401,56,30.4,70,0.0,2128.0,0.0,2128.0,PROD_SK_056
ITEM_SK_00411,10401,65,16.8,20,0.0,336.0,0.0,336.0,PROD_SK_065
ITEM_SK_00412,10401,71,17.2,60,0.0,1032.0,0.0,1032.0,PROD_SK_071
ITEM_SK_00413,10402,23,7.2,60,0.0,432.0,0.0,432.0,PROD_SK_023
ITEM_SK_00414,10402,63,35.1,65,0.0,2281.5,0.0,2281.5,PROD_SK_063
ITEM_SK_00415,10403,16,13.9,21,0.15,291.9,43.78,248.12,PROD_SK_016
ITEM_SK_00416,10403,48,10.2,70,0.15,714.0,107.1,606.9,PROD_SK_048
ITEM_SK_00417,10404,26,24.9,30,0.05,747.0,37.35,709.65,PROD_SK_026
ITEM_SK_00418,10404,42,11.2,40,0.05,448.0,22.4,425.6,PROD_SK_042
ITEM_SK_00419,10404,49,16.0,30,0.05,480.0,24.0,456.0,PROD_SK_049
ITEM_SK_00420,10405,3,8.0,50,0.0,400.0,0.0,400.0,PROD_SK_003
ITEM_SK_00421,10406,1,14.4,10,0.0,144.0,0.0,144.0,PROD_SK_001
ITEM_SK_00422,10406,21,8.0,30,0.1,240.0,24.0,216.0,PROD_SK_021
ITEM_SK_00423,10406,28,36.4,42,0.1,1528.8,152.88,1375.92,PROD_SK_028
ITEM_SK_00424,10406,36,15.2,5,0.1,76.0,7.6,68.4,PROD_SK_036
ITEM_SK_00425,10406,40,14.7,2,0.1,29.4,2.94,26.46,PROD_SK_040
ITEM_SK_00426,10407,11,16.8,30,0.0,504.0,0.0,504.0,PROD_SK_011
ITEM_SK_00427,10407,69,28.8,15,0.0,432.0,0.0,432.0,PROD_SK_069
ITEM_SK_00428,10407,71,17.2,15,0.0,258.0,0.0,258.0,PROD_SK_071
ITEM_SK_00429,10408,37,20.8,10,0.0,208.0,0.0,208.0,PROD_SK_037
ITEM_SK_00430,10408,54,5.9,6,0.0,35.4,0.0,35.4,PROD_SK_054
ITEM_SK_00431,10408,62,39.4,35,0.0,1379.0,0.0,1379.0,PROD_SK_062
ITEM_SK_00432,10409,14,18.6,12,0.0,223.2,0.0,223.2,PROD_SK_014
ITEM_SK_00433,10409,21,8.0,12,0.0,96.0,0.0,96.0,PROD_SK_021
ITEM_SK_00434,10410,33,2.0,49,0.0,98.0,0.0,98.0,PROD_SK_033
ITEM_SK_00435,10410,59,44.0,16,0.0,704.0,0.0,704.0,PROD_SK_059
ITEM_SK_00436,10411,41,7.7,25,0.2,192.5,38.5,154.0,PROD_SK_041
ITEM_SK_00437,10411,44,15.5,40,0.2,620.0,124.0,496.0,PROD_SK_044
ITEM_SK_00438,10411,59,44.0,9,0.2,396.0,79.2,316.8,PROD_SK_059
ITEM_SK_00439,10412,14,18.6,20,0.1,372.0,37.2,334.8,PROD_SK_014
ITEM_SK_00440,10413,1,14.4,24,0.0,345.6,0.0,345.6,PROD_SK_001
ITEM_SK_00441,10413,62,39.4,40,0.0,1576.0,0.0,1576.0,PROD_SK_062
ITEM_SK_00442,10413,76,14.4,14,0.0,201.6,0.0,201.6,PROD_SK_076
ITEM_SK_00443,10414,19,7.3,18,0.05,131.4,6.57,124.83,PROD_SK_019
ITEM_SK_00444,10414,33,2.0,50,0.0,100.0,0.0,100.0,PROD_SK_033
ITEM_SK_00445,10415,17,31.2,2,0.0,62.4,0.0,62.4,PROD_SK_017
ITEM_SK_00446,10415,33,2.0,20,0.0,40.0,0.0,40.0,PROD_SK_033
ITEM_SK_00447,10416,19,7.3,20,0.0,146.0,0.0,146.0,PROD_SK_019
ITEM_SK_00448,10416,53,26.2,10,0.0,262.0,0.0,262.0,PROD_SK_053
ITEM_SK_00449,10416,57,15.6,20,0.0,312.0,0.0,312.0,PROD_SK_057
ITEM_SK_00450,10417,38,210.8,50,0.0,10540.0,0.0,10540.0,PROD_SK_038
ITEM_SK_00451,10417,46,9.6,2,0.25,19.2,4.8,14.4,PROD_SK_046
ITEM_SK_00452,10417,68,10.0,36,0.25,360.0,90.0,270.0,PROD_SK_068
ITEM_SK_00453,10417,77,10.4,35,0.0,364.0,0.0,364.0,PROD_SK_077
ITEM_SK_00454,10418,2,15.2,60,0.0,912.0,0.0,912.0,PROD_SK_002
ITEM_SK_00455,10418,47,7.6,55,0.0,418.0,0.0,418.0,PROD_SK_047
ITEM_SK_00456,10418,61,22.8,16,0.0,364.8,0.0,364.8,PROD_SK_061
ITEM_SK_00457,10418,74,8.0,15,0.0,120.0,0.0,120.0,PROD_SK_074
ITEM_SK_00458,10419,60,27.2,60,0.05,1632.0,81.6,1550.4,PROD_SK_060
ITEM_SK_00459,10419,69,28.8,20,0.05,576.0,28.8,547.2,PROD_SK_069
ITEM_SK_00460,10420,9,77.6,20,0.1,1552.0,155.2,1396.8,PROD_SK_009
ITEM_SK_00461,10420,13,4.8,2,0.1,9.6,0.96,8.64,PROD_SK_013
ITEM_SK_00462,10420,70,12.0,8,0.1,96.0,9.6,86.4,PROD_SK_070
ITEM_SK_00463,10420,73,12.0,20,0.1,240.0,24.0,216.0,PROD_SK_073
ITEM_SK_00464,10421,19,7.3,4,0.15,29.2,4.38,24.82,PROD_SK_019
ITEM_SK_00465,10421,26,24.9,30,0.0,747.0,0.0,747.0,PROD_SK_026
ITEM_SK_00466,10421,53,26.2,15,0.15,393.0,58.95,334.05,PROD_SK_053
ITEM_SK_00467,10421,77,10.4,10,0.15,104.0,15.6,88.4,PROD_SK_077
ITEM_SK_00468,10422,26,24.9,2,0.0,49.8,0.0,49.8,PROD_SK_026
ITEM_SK_00469,10423,31,10.0,14,0.0,140.0,0.0,140.0,PROD_SK_031
ITEM_SK_00470,10423,59,44.0,20,0.0,880.0,0.0,880.0,PROD_SK_059
ITEM_SK_00471,10424,35,14.4,60,0.2,864.0,172.8,691.2,PROD_SK_035
ITEM_SK_00472,10424,38,210.8,49,0.2,10329.2,2065.84,8263.36,PROD_SK_038
ITEM_SK_00473,10424,68,10.0,30,0.2,300.0,60.0,240.0,PROD_SK_068
ITEM_SK_00474,10425,55,19.2,10,0.25,192.0,48.0,144.0,PROD_SK_055
ITEM_SK_00475,10425,76,14.4,20,0.25,288.0,72.0,216.0,PROD_SK_076
ITEM_SK_00476,10426,56,30.4,5,0.0,152.0,0.0,152.0,PROD_SK_056
ITEM_SK_00477,10426,64,26.6,7,0.0,186.2,0.0,186.2,PROD_SK_064
ITEM_SK_00478,10427,14,18.6,35,0.0,651.0,0.0,651.0,PROD_SK_014
ITEM_SK_00479,10428,46,9.6,20,0.0,192.0,0.0,192.0,PROD_SK_046
ITEM_SK_00480,10429,50,13.0,40,0.0,520.0,0.0,520.0,PROD_SK_050
ITEM_SK_00481,10429,63,35.1,35,0.25,1228.5,307.12,921.38,PROD_SK_063
ITEM_SK_00482,10430,17,31.2,45,0.2,1404.0,280.8,1123.2,PROD_SK_017
ITEM_SK_00483,10430,21,8.0,50,0.0,400.0,0.0,400.0,PROD_SK_021
ITEM_SK_00484,10430,56,30.4,30,0.0,912.0,0.0,912.0,PROD_SK_056
ITEM_SK_00485,10430,59,44.0,70,0.2,3080.0,616.0,2464.0,PROD_SK_059
ITEM_SK_00486,10431,17,31.2,50,0.25,1560.0,390.0,1170.0,PROD_SK_017
ITEM_SK_00487,10431,40,14.7,50,0.25,735.0,183.75,551.25,PROD_SK_040
ITEM_SK_00488,10431,47,7.6,30,0.25,228.0,57.0,171.0,PROD_SK_047
ITEM_SK_00489,10432,26,24.9,10,0.0,249.0,0.0,249.0,PROD_SK_026
ITEM_SK_00490,10432,54,5.9,40,0.0,236.0,0.0,236.0,PROD_SK_054
ITEM_SK_00491,10433,56,30.4,28,0.0,851.2,0.0,851.2,PROD_SK_056
ITEM_SK_00492,10434,11,16.8,6,0.0,100.8,0.0,100.8,PROD_SK_011
ITEM_SK_00493,10434,76,14.4,18,0.15,259.2,38.88,220.32,PROD_SK_076
ITEM_SK_00494,10435,2,15.2,10,0.0,152.0,0.0,152.0,PROD_SK_002
ITEM_SK_00495,10435,22,16.8,12,0.0,201.6,0.0,201.6,PROD_SK_022
ITEM_SK_00496,10435,72,27.8,10,0.0,278.0,0.0,278.0,PROD_SK_072
ITEM_SK_00497,10436,46,9.6,5,0.0,48.0,0.0,48.0,PROD_SK_046
ITEM_SK_00498,10436,56,30.4,40,0.1,1216.0,121.6,1094.4,PROD_SK_056
ITEM_SK_00499,10436,64,26.6,30,0.1,798.0,79.8,718.2,PROD_SK_064
ITEM_SK_00500,10436,75,6.2,24,0.1,148.8,14.88,133.92,PROD_SK_075
ITEM_SK_00501,10437,53,26.2,15,0.0,393.0,0.0,393.0,PROD_SK_053
ITEM_SK_00502,10438,19,7.3,15,0.2,109.5,21.9,87.6,PROD_SK_019
ITEM_SK_00503,10438,34,11.2,20,0.2,224.0,44.8,179.2,PROD_SK_034
ITEM_SK_00504,10438,57,15.6,15,0.2,234.0,46.8,187.2,PROD_SK_057
ITEM_SK_00505,10439,12,30.4,15,0.0,456.0,0.0,456.0,PROD_SK_012
ITEM_SK_00506,10439,16,13.9,16,0.0,222.4,0.0,222.4,PROD_SK_016
ITEM_SK_00507,10439,64,26.6,6,0.0,159.6,0.0,159.6,PROD_SK_064
ITEM_SK_00508,10439,74,8.0,30,0.0,240.0,0.0,240.0,PROD_SK_074
ITEM_SK_00509,10440,2,15.2,45,0.15,684.0,102.6,581.4,PROD_SK_002
ITEM_SK_00510,10440,16,13.9,49,0.15,681.1,102.16,578.94,PROD_SK_016
ITEM_SK_00511,10440,29,99.0,24,0.15,2376.0,356.4,2019.6,PROD_SK_029
ITEM_SK_00512,10440,61,22.8,90,0.15,2052.0,307.8,1744.2,PROD_SK_061
ITEM_SK_00513,10441,27,35.1,50,0.0,1755.0,0.0,1755.0,PROD_SK_027
ITEM_SK_00514,10442,11,16.8,30,0.0,504.0,0.0,504.0,PROD_SK_011
ITEM_SK_00515,10442,54,5.9,80,0.0,472.0,0.0,472.0,PROD_SK_054
ITEM_SK_00516,10442,66,13.6,60,0.0,816.0,0.0,816.0,PROD_SK_066
ITEM_SK_00517,10443,11,16.8,6,0.2,100.8,20.16,80.64,PROD_SK_011
ITEM_SK_00518,10443,28,36.4,12,0.0,436.8,0.0,436.8,PROD_SK_028
ITEM_SK_00519,10444,17,31.2,10,0.0,312.0,0.0,312.0,PROD_SK_017
ITEM_SK_00520,10444,26,24.9,15,0.0,373.5,0.0,373.5,PROD_SK_026
ITEM_SK_00521,10444,35,14.4,8,0.0,115.2,0.0,115.2,PROD_SK_035
ITEM_SK_00522,10444,41,7.7,30,0.0,231.0,0.0,231.0,PROD_SK_041
ITEM_SK_00523,10445,39,14.4,6,0.0,86.4,0.0,86.4,PROD_SK_039
ITEM_SK_00524,10445,54,5.9,15,0.0,88.5,0.0,88.5,PROD_SK_054
ITEM_SK_00525,10446,19,7.3,12,0.1,87.6,8.76,78.84,PROD_SK_019
ITEM_SK_00526,10446,24,3.6,20,0.1,72.0,7.2,64.8,PROD_SK_024
ITEM_SK_00527,10446,31,10.0,3,0.1,30.0,3.0,27.0,PROD_SK_031
ITEM_SK_00528,10446,52,5.6,15,0.1,84.0,8.4,75.6,PROD_SK_052
ITEM_SK_00529,10447,19,7.3,40,0.0,292.0,0.0,292.0,PROD_SK_019
ITEM_SK_00530,10447,65,16.8,35,0.0,588.0,0.0,588.0,PROD_SK_065
ITEM_SK_00531,10447,71,17.2,2,0.0,34.4,0.0,34.4,PROD_SK_071
ITEM_SK_00532,10448,26,24.9,6,0.0,149.4,0.0,149.4,PROD_SK_026
ITEM_SK_00533,10448,40,14.7,20,0.0,294.0,0.0,294.0,PROD_SK_040
ITEM_SK_00534,10449,10,24.8,14,0.0,347.2,0.0,347.2,PROD_SK_010
ITEM_SK_00535,10449,52,5.6,20,0.0,112.0,0.0,112.0,PROD_SK_052
ITEM_SK_00536,10449,62,39.4,35,0.0,1379.0,0.0,1379.0,PROD_SK_062
ITEM_SK_00537,10450,10,24.8,20,0.2,496.0,99.2,396.8,PROD_SK_010
ITEM_SK_00538,10450,54,5.9,6,0.2,35.4,7.08,28.32,PROD_SK_054
ITEM_SK_00539,10451,55,19.2,120,0.1,2304.0,230.4,2073.6,PROD_SK_055
ITEM_SK_00540,10451,64,26.6,35,0.1,931.0,93.1,837.9,PROD_SK_064
ITEM_SK_00541,10451,65,16.8,28,0.1,470.4,47.04,423.36,PROD_SK_065
ITEM_SK_00542,10451,77,10.4,55,0.1,572.0,57.2,514.8,PROD_SK_077
ITEM_SK_00543,10452,28,36.4,15,0.0,546.0,0.0,546.0,PROD_SK_028
ITEM_SK_00544,10452,44,15.5,100,0.05,1550.0,77.5,1472.5,PROD_SK_044
ITEM_SK_00545,10453,48,10.2,15,0.1,153.0,15.3,137.7,PROD_SK_048
ITEM_SK_00546,10453,70,12.0,25,0.1,300.0,30.0,270.0,PROD_SK_070
ITEM_SK_00547,10454,16,13.9,20,0.2,278.0,55.6,222.4,PROD_SK_016
ITEM_SK_00548,10454,33,2.0,20,0.2,40.0,8.0,32.0,PROD_SK_033
ITEM_SK_00549,10454,46,9.6,10,0.2,96.0,19.2,76.8,PROD_SK_046
ITEM_SK_00550,10455,39,14.4,20,0.0,288.0,0.0,288.0,PROD_SK_039
ITEM_SK_00551,10455,53,26.2,50,0.0,1310.0,0.0,1310.0,PROD_SK_053
ITEM_SK_00552,10455,61,22.8,25,0.0,570.0,0.0,570.0,PROD_SK_061
ITEM_SK_00553,10455,71,17.2,30,0.0,516.0,0.0,516.0,PROD_SK_071
ITEM_SK_00554,10456,21,8.0,40,0.15,320.0,48.0,272.0,PROD_SK_021
ITEM_SK_00555,10456,49,16.0,21,0.15,336.0,50.4,285.6,PROD_SK_049
ITEM_SK_00556,10457,59,44.0,36,0.0,1584.0,0.0,1584.0,PROD_SK_059
ITEM_SK_00557,10458,26,24.9,30,0.0,747.0,0.0,747.0,PROD_SK_026
ITEM_SK_00558,10458,28,36.4,30,0.0,1092.0,0.0,1092.0,PROD_SK_028
ITEM_SK_00559,10458,43,36.8,20,0.0,736.0,0.0,736.0,PROD_SK_043
ITEM_SK_00560,10458,56,30.4,15,0.0,456.0,0.0,456.0,PROD_SK_056
ITEM_SK_00561,10458,71,17.2,50,0.0,860.0,0.0,860.0,PROD_SK_071
ITEM_SK_00562,10459,7,24.0,16,0.05,384.0,19.2,364.8,PROD_SK_007
ITEM_SK_00563,10459,46,9.6,20,0.05,192.0,9.6,182.4,PROD_SK_046
ITEM_SK_00564,10459,72,27.8,40,0.0,1112.0,0.0,1112.0,PROD_SK_072
ITEM_SK_00565,10460,68,10.0,21,0.25,210.0,52.5,157.5,PROD_SK_068
ITEM_SK_00566,10460,75,6.2,4,0.25,24.8,6.2,18.6,PROD_SK_075
ITEM_SK_00567,10461,21,8.0,40,0.25,320.0,80.0,240.0,PROD_SK_021
ITEM_SK_00568,10461,30,20.7,28,0.25,579.6,144.9,434.7,PROD_SK_030
ITEM_SK_00569,10461,55,19.2,60,0.25,1152.0,288.0,864.0,PROD_SK_055
ITEM_SK_00570,10462,13,4.8,1,0.0,4.8,0.0,4.8,PROD_SK_013
ITEM_SK_00571,10462,23,7.2,21,0.0,151.2,0.0,151.2,PROD_SK_023
ITEM_SK_00572,10463,19,7.3,21,0.0,153.3,0.0,153.3,PROD_SK_019
ITEM_SK_00573,10463,42,11.2,50,0.0,560.0,0.0,560.0,PROD_SK_042
ITEM_SK_00574,10464,4,17.6,16,0.2,281.6,56.32,225.28,PROD_SK_004
ITEM_SK_00575,10464,43,36.8,3,0.0,110.4,0.0,110.4,PROD_SK_043
ITEM_SK_00576,10464,56,30.4,30,0.2,912.0,182.4,729.6,PROD_SK_056
ITEM_SK_00577,10464,60,27.2,20,0.0,544.0,0.0,544.0,PROD_SK_060
ITEM_SK_00578,10465,24,3.6,25,0.0,90.0,0.0,90.0,PROD_SK_024
ITEM_SK_00579,10465,29,99.0,18,0.1,1782.0,178.2,1603.8,PROD_SK_029
ITEM_SK_00580,10465,40,14.7,20,0.0,294.0,0.0,294.0,PROD_SK_040
ITEM_SK_00581,10465,45,7.6,30,0.1,228.0,22.8,205.2,PROD_SK_045
ITEM_SK_00582,10465,50,13.0,25,0.0,325.0,0.0,325.0,PROD_SK_050
ITEM_SK_00583,10466,11,16.8,10,0.0,168.0,0.0,168.0,PROD_SK_011
ITEM_SK_00584,10466,46,9.6,5,0.0,48.0,0.0,48.0,PROD_SK_046
ITEM_SK_00585,10467,24,3.6,28,0.0,100.8,0.0,100.8,PROD_SK_024
ITEM_SK_00586,10467,25,11.2,12,0.0,134.4,0.0,134.4,PROD_SK_025
ITEM_SK_00587,10468,30,20.7,8,0.0,165.6,0.0,165.6,PROD_SK_030
ITEM_SK_00588,10468,43,36.8,15,0.0,552.0,0.0,552.0,PROD_SK_043
ITEM_SK_00589,10469,2,15.2,40,0.15,608.0,91.2,516.8,PROD_SK_002
ITEM_SK_00590,10469,16,13.9,35,0.15,486.5,72.97,413.53,PROD_SK_016
ITEM_SK_00591,10469,44,15.5,2,0.15,31.0,4.65,26.35,PROD_SK_044
ITEM_SK_00592,10470,18,50.0,30,0.0,1500.0,0.0,1500.0,PROD_SK_018
ITEM_SK_00593,10470,23,7.2,15,0.0,108.0,0.0,108.0,PROD_SK_023
ITEM_SK_00594,10470,64,26.6,8,0.0,212.8,0.0,212.8,PROD_SK_064
ITEM_SK_00595,10471,7,24.0,30,0.0,720.0,0.0,720.0,PROD_SK_007
ITEM_SK_00596,10471,56,30.4,20,0.0,608.0,0.0,608.0,PROD_SK_056
ITEM_SK_00597,10472,24,3.6,80,0.05,288.0,14.4,273.6,PROD_SK_024
ITEM_SK_00598,10472,51,42.4,18,0.0,763.2,0.0,763.2,PROD_SK_051
ITEM_SK_00599,10473,33,2.0,12,0.0,24.0,0.0,24.0,PROD_SK_033
ITEM_SK_00600,10473,71,17.2,12,0.0,206.4,0.0,206.4,PROD_SK_071
ITEM_SK_00601,10474,14,18.6,12,0.0,223.2,0.0,223.2,PROD_SK_014
ITEM_SK_00602,10474,28,36.4,18,0.0,655.2,0.0,655.2,PROD_SK_028
ITEM_SK_00603,10474,40,14.7,21,0.0,308.7,0.0,308.7,PROD_SK_040
ITEM_SK_00604,10474,75,6.2,10,0.0,62.0,0.0,62.0,PROD_SK_075
ITEM_SK_00605,10475,31,10.0,35,0.15,350.0,52.5,297.5,PROD_SK_031
ITEM_SK_00606,10475,66,13.6,60,0.15,816.0,122.4,693.6,PROD_SK_066
ITEM_SK_00607,10475,76,14.4,42,0.15,604.8,90.72,514.08,PROD_SK_076
ITEM_SK_00608,10476,55,19.2,2,0.05,38.4,1.92,36.48,PROD_SK_055
ITEM_SK_00609,10476,70,12.0,12,0.0,144.0,0.0,144.0,PROD_SK_070
ITEM_SK_00610,10477,1,14.4,15,0.0,216.0,0.0,216.0,PROD_SK_001
ITEM_SK_00611,10477,21,8.0,21,0.25,168.0,42.0,126.0,PROD_SK_021
ITEM_SK_00612,10477,39,14.4,20,0.25,288.0,72.0,216.0,PROD_SK_039
ITEM_SK_00613,10478,10,24.8,20,0.05,496.0,24.8,471.2,PROD_SK_010
ITEM_SK_00614,10479,38,210.8,30,0.0,6324.0,0.0,6324.0,PROD_SK_038
ITEM_SK_00615,10479,53,26.2,28,0.0,733.6,0.0,733.6,PROD_SK_053
ITEM_SK_00616,10479,59,44.0,60,0.0,2640.0,0.0,2640.0,PROD_SK_059
ITEM_SK_00617,10479,64,26.6,30,0.0,798.0,0.0,798.0,PROD_SK_064
ITEM_SK_00618,10480,47,7.6,30,0.0,228.0,0.0,228.0,PROD_SK_047
ITEM_SK_00619,10480,59,44.0,12,0.0,528.0,0.0,528.0,PROD_SK_059
ITEM_SK_00620,10481,49,16.0,24,0.0,384.0,0.0,384.0,PROD_SK_049
ITEM_SK_00621,10481,60,27.2,40,0.0,1088.0,0.0,1088.0,PROD_SK_060
ITEM_SK_00622,10482,40,14.7,10,0.0,147.0,0.0,147.0,PROD_SK_040
ITEM_SK_00623,10483,34,11.2,35,0.05,392.0,19.6,372.4,PROD_SK_034
ITEM_SK_00624,10483,77,10.4,30,0.05,312.0,15.6,296.4,PROD_SK_077
ITEM_SK_00625,10484,21,8.0,14,0.0,112.0,0.0,112.0,PROD_SK_021
ITEM_SK_00626,10484,40,14.7,10,0.0,147.0,0.0,147.0,PROD_SK_040
ITEM_SK_00627,10484,51,42.4,3,0.0,127.2,0.0,127.2,PROD_SK_051
ITEM_SK_00628,10485,2,15.2,20,0.1,304.0,30.4,273.6,PROD_SK_002
ITEM_SK_00629,10485,3,8.0,20,0.1,160.0,16.0,144.0,PROD_SK_003
ITEM_SK_00630,10485,55,19.2,30,0.1,576.0,57.6,518.4,PROD_SK_055
ITEM_SK_00631,10485,70,12.0,60,0.1,720.0,72.0,648.0,PROD_SK_070
ITEM_SK_00632,10486,11,16.8,5,0.0,84.0,0.0,84.0,PROD_SK_011
ITEM_SK_00633,10486,51,42.4,25,0.0,1060.0,0.0,1060.0,PROD_SK_051
ITEM_SK_00634,10486,74,8.0,16,0.0,128.0,0.0,128.0,PROD_SK_074
ITEM_SK_00635,10487,19,7.3,5,0.0,36.5,0.0,36.5,PROD_SK_019
ITEM_SK_00636,10487,26,24.9,30,0.0,747.0,0.0,747.0,PROD_SK_026
ITEM_SK_00637,10487,54,5.9,24,0.25,141.6,35.4,106.2,PROD_SK_054
ITEM_SK_00638,10488,59,44.0,30,0.0,1320.0,0.0,1320.0,PROD_SK_059
ITEM_SK_00639,10488,73,12.0,20,0.2,240.0,48.0,192.0,PROD_SK_073
ITEM_SK_00640,10489,11,16.8,15,0.25,252.0,63.0,189.0,PROD_SK_011
ITEM_SK_00641,10489,16,13.9,18,0.0,250.2,0.0,250.2,PROD_SK_016
ITEM_SK_00642,10490,59,44.0,60,0.0,2640.0,0.0,2640.0,PROD_SK_059
ITEM_SK_00643,10490,68,10.0,30,0.0,300.0,0.0,300.0,PROD_SK_068
ITEM_SK_00644,10490,75,6.2,36,0.0,223.2,0.0,223.2,PROD_SK_075
ITEM_SK_00645,10491,44,15.5,15,0.15,232.5,34.88,197.62,PROD_SK_044
ITEM_SK_00646,10491,77,10.4,7,0.15,72.8,10.92,61.88,PROD_SK_077
ITEM_SK_00647,10492,25,11.2,60,0.05,672.0,33.6,638.4,PROD_SK_025
ITEM_SK_00648,10492,42,11.2,20,0.05,224.0,11.2,212.8,PROD_SK_042
ITEM_SK_00649,10493,65,16.8,15,0.1,252.0,25.2,226.8,PROD_SK_065
ITEM_SK_00650,10493,66,13.6,10,0.1,136.0,13.6,122.4,PROD_SK_066
ITEM_SK_00651,10493,69,28.8,10,0.1,288.0,28.8,259.2,PROD_SK_069
ITEM_SK_00652,10494,56,30.4,30,0.0,912.0,0.0,912.0,PROD_SK_056
ITEM_SK_00653,10495,23,7.2,10,0.0,72.0,0.0,72.0,PROD_SK_023
ITEM_SK_00654,10495,41,7.7,20,0.0,154.0,0.0,154.0,PROD_SK_041
ITEM_SK_00655,10495,77,10.4,5,0.0,52.0,0.0,52.0,PROD_SK_077
ITEM_SK_00656,10496,31,10.0,20,0.05,200.0,10.0,190.0,PROD_SK_031
ITEM_SK_00657,10497,56,30.4,14,0.0,425.6,0.0,425.6,PROD_SK_056
ITEM_SK_00658,10497,72,27.8,25,0.0,695.0,0.0,695.0,PROD_SK_072
ITEM_SK_00659,10497,77,10.4,25,0.0,260.0,0.0,260.0,PROD_SK_077
ITEM_SK_00660,10498,24,4.5,14,0.0,63.0,0.0,63.0,PROD_SK_024
ITEM_SK_00661,10498,40,18.4,5,0.0,92.0,0.0,92.0,PROD_SK_040
ITEM_SK_00662,10498,42,14.0,30,0.0,420.0,0.0,420.0,PROD_SK_042
ITEM_SK_00663,10499,28,45.6,20,0.0,912.0,0.0,912.0,PROD_SK_028
ITEM_SK_00664,10499,49,20.0,25,0.0,500.0,0.0,500.0,PROD_SK_049
ITEM_SK_00665,10500,15,15.5,12,0.05,186.0,9.3,176.7,PROD_SK_015
ITEM_SK_00666,10500,28,45.6,8,0.05,364.8,18.24,346.56,PROD_SK_028
ITEM_SK_00667,10501,54,7.45,20,0.0,149.0,0.0,149.0,PROD_SK_054
ITEM_SK_00668,10502,45,9.5,21,0.0,199.5,0.0,199.5,PROD_SK_045
ITEM_SK_00669,10502,53,32.8,6,0.0,196.8,0.0,196.8,PROD_SK_053
ITEM_SK_00670,10502,67,14.0,30,0.0,420.0,0.0,420.0,PROD_SK_067
ITEM_SK_00671,10503,14,23.25,70,0.0,1627.5,0.0,1627.5,PROD_SK_014
ITEM_SK_00672,10503,65,21.05,20,0.0,421.0,0.0,421.0,PROD_SK_065
ITEM_SK_00673,10504,2,19.0,12,0.0,228.0,0.0,228.0,PROD_SK_002
ITEM_SK_00674,10504,21,10.0,12,0.0,120.0,0.0,120.0,PROD_SK_021
ITEM_SK_00675,10504,53,32.8,10,0.0,328.0,0.0,328.0,PROD_SK_053
ITEM_SK_00676,10504,61,28.5,25,0.0,712.5,0.0,712.5,PROD_SK_061
ITEM_SK_00677,10505,62,49.3,3,0.0,147.9,0.0,147.9,PROD_SK_062
ITEM_SK_00678,10506,25,14.0,18,0.1,252.0,25.2,226.8,PROD_SK_025
ITEM_SK_00679,10506,70,15.0,14,0.1,210.0,21.0,189.0,PROD_SK_070
ITEM_SK_00680,10507,43,46.0,15,0.15,690.0,103.5,586.5,PROD_SK_043
ITEM_SK_00681,10507,48,12.75,15,0.15,191.25,28.69,162.56,PROD_SK_048
ITEM_SK_00682,10508,13,6.0,10,0.0,60.0,0.0,60.0,PROD_SK_013
ITEM_SK_00683,10508,39,18.0,10,0.0,180.0,0.0,180.0,PROD_SK_039
ITEM_SK_00684,10509,28,45.6,3,0.0,136.8,0.0,136.8,PROD_SK_028
ITEM_SK_00685,10510,29,123.79,36,0.0,4456.44,0.0,4456.44,PROD_SK_029
ITEM_SK_00686,10510,75,7.75,36,0.1,279.0,27.9,251.1,PROD_SK_075
ITEM_SK_00687,10511,4,22.0,50,0.15,1100.0,165.0,935.0,PROD_SK_004
ITEM_SK_00688,10511,7,30.0,50,0.15,1500.0,225.0,1275.0,PROD_SK_007
ITEM_SK_00689,10511,8,40.0,10,0.15,400.0,60.0,340.0,PROD_SK_008
ITEM_SK_00690,10512,24,4.5,10,0.15,45.0,6.75,38.25,PROD_SK_024
ITEM_SK_00691,10512,46,12.0,9,0.15,108.0,16.2,91.8,PROD_SK_046
ITEM_SK_00692,10512,47,9.5,6,0.15,57.0,8.55,48.45,PROD_SK_047
ITEM_SK_00693,10512,60,34.0,12,0.15,408.0,61.2,346.8,PROD_SK_060
ITEM_SK_00694,10513,21,10.0,40,0.2,400.0,80.0,320.0,PROD_SK_021
ITEM_SK_00695,10513,32,32.0,50,0.2,1600.0,320.0,1280.0,PROD_SK_032
ITEM_SK_00696,10513,61,28.5,15,0.2,427.5,85.5,342.0,PROD_SK_061
ITEM_SK_00697,10514,20,81.0,39,0.0,3159.0,0.0,3159.0,PROD_SK_020
ITEM_SK_00698,10514,28,45.6,35,0.0,1596.0,0.0,1596.0,PROD_SK_028
ITEM_SK_00699,10514,56,38.0,70,0.0,2660.0,0.0,2660.0,PROD_SK_056
ITEM_SK_00700,10514,65,21.05,39,0.0,820.95,0.0,820.95,PROD_SK_065
ITEM_SK_00701,10514,75,7.75,50,0.0,387.5,0.0,387.5,PROD_SK_075
ITEM_SK_00702,10515,9,97.0,16,0.15,1552.0,232.8,1319.2,PROD_SK_009
ITEM_SK_00703,10515,16,17.45,50,0.0,872.5,0.0,872.5,PROD_SK_016
ITEM_SK_00704,10515,27,43.9,120,0.0,5268.0,0.0,5268.0,PROD_SK_027
ITEM_SK_00705,10515,33,2.5,16,0.15,40.0,6.0,34.0,PROD_SK_033
ITEM_SK_00706,10515,60,34.0,84,0.15,2856.0,428.4,2427.6,PROD_SK_060
ITEM_SK_00707,10516,18,62.5,25,0.1,1562.5,156.25,1406.25,PROD_SK_018
ITEM_SK_00708,10516,41,9.65,80,0.1,772.0,77.2,694.8,PROD_SK_041
ITEM_SK_00709,10516,42,14.0,20,0.0,280.0,0.0,280.0,PROD_SK_042
ITEM_SK_00710,10517,52,7.0,6,0.0,42.0,0.0,42.0,PROD_SK_052
ITEM_SK_00711,10517,59,55.0,4,0.0,220.0,0.0,220.0,PROD_SK_059
ITEM_SK_00712,10517,70,15.0,6,0.0,90.0,0.0,90.0,PROD_SK_070
ITEM_SK_00713,10518,24,4.5,5,0.0,22.5,0.0,22.5,PROD_SK_024
ITEM_SK_00714,10518,38,263.5,15,0.0,3952.5,0.0,3952.5,PROD_SK_038
ITEM_SK_00715,10518,44,19.45,9,0.0,175.05,0.0,175.05,PROD_SK_044
ITEM_SK_00716,10519,10,31.0,16,0.05,496.0,24.8,471.2,PROD_SK_010
ITEM_SK_00717,10519,56,38.0,40,0.0,1520.0,0.0,1520.0,PROD_SK_056
ITEM_SK_00718,10519,60,34.0,10,0.05,340.0,17.0,323.0,PROD_SK_060
ITEM_SK_00719,10520,24,4.5,8,0.0,36.0,0.0,36.0,PROD_SK_024
ITEM_SK_00720,10520,53,32.8,5,0.0,164.0,0.0,164.0,PROD_SK_053
ITEM_SK_00721,10521,35,18.0,3,0.0,54.0,0.0,54.0,PROD_SK_035
ITEM_SK_00722,10521,41,9.65,10,0.0,96.5,0.0,96.5,PROD_SK_041
ITEM_SK_00723,10521,68,12.5,6,0.0,75.0,0.0,75.0,PROD_SK_068
ITEM_SK_00724,10522,1,18.0,40,0.2,720.0,144.0,576.0,PROD_SK_001
ITEM_SK_00725,10522,8,40.0,24,0.0,960.0,0.0,960.0,PROD_SK_008
ITEM_SK_00726,10522,30,25.89,20,0.2,517.8,103.56,414.24,PROD_SK_030
ITEM_SK_00727,10522,40,18.4,25,0.2,460.0,92.0,368.0,PROD_SK_040
ITEM_SK_00728,10523,17,39.0,25,0.1,975.0,97.5,877.5,PROD_SK_017
ITEM_SK_00729,10523,20,81.0,15,0.1,1215.0,121.5,1093.5,PROD_SK_020
ITEM_SK_00730,10523,37,26.0,18,0.1,468.0,46.8,421.2,PROD_SK_037
ITEM_SK_00731,10523,41,9.65,6,0.1,57.9,5.79,52.11,PROD_SK_041
ITEM_SK_00732,10524,10,31.0,2,0.0,62.0,0.0,62.0,PROD_SK_010
ITEM_SK_00733,10524,30,25.89,10,0.0,258.9,0.0,258.9,PROD_SK_030
ITEM_SK_00734,10524,43,46.0,60,0.0,2760.0,0.0,2760.0,PROD_SK_043
ITEM_SK_00735,10524,54,7.45,15,0.0,111.75,0.0,111.75,PROD_SK_054
ITEM_SK_00736,10525,36,19.0,30,0.0,570.0,0.0,570.0,PROD_SK_036
ITEM_SK_00737,10525,40,18.4,15,0.1,276.0,27.6,248.4,PROD_SK_040
ITEM_SK_00738,10526,1,18.0,8,0.15,144.0,21.6,122.4,PROD_SK_001
ITEM_SK_00739,10526,13,6.0,10,0.0,60.0,0.0,60.0,PROD_SK_013
ITEM_SK_00740,10526,56,38.0,30,0.15,1140.0,171.0,969.0,PROD_SK_056
ITEM_SK_00741,10527,4,22.0,50,0.1,1100.0,110.0,990.0,PROD_SK_004
ITEM_SK_00742,10527,36,19.0,30,0.1,570.0,57.0,513.0,PROD_SK_036
ITEM_SK_00743,10528,11,21.0,3,0.0,63.0,0.0,63.0,PROD_SK_011
ITEM_SK_00744,10528,33,2.5,8,0.2,20.0,4.0,16.0,PROD_SK_033
ITEM_SK_00745,10528,72,34.8,9,0.0,313.2,0.0,313.2,PROD_SK_072
ITEM_SK_00746,10529,55,24.0,14,0.0,336.0,0.0,336.0,PROD_SK_055
ITEM_SK_00747,10529,68,12.5,20,0.0,250.0,0.0,250.0,PROD_SK_068
ITEM_SK_00748,10529,69,36.0,10,0.0,360.0,0.0,360.0,PROD_SK_069
ITEM_SK_00749,10530,17,39.0,40,0.0,1560.0,0.0,1560.0,PROD_SK_017
ITEM_SK_00750,10530,43,46.0,25,0.0,1150.0,0.0,1150.0,PROD_SK_043
ITEM_SK_00751,10530,61,28.5,20,0.0,570.0,0.0,570.0,PROD_SK_061
ITEM_SK_00752,10530,76,18.0,50,0.0,900.0,0.0,900.0,PROD_SK_076
ITEM_SK_00753,10531,59,55.0,2,0.0,110.0,0.0,110.0,PROD_SK_059
ITEM_SK_00754,10532,30,25.89,15,0.0,388.35,0.0,388.35,PROD_SK_030
ITEM_SK_00755,10532,66,17.0,24,0.0,408.0,0.0,408.0,PROD_SK_066
ITEM_SK_00756,10533,4,22.0,50,0.05,1100.0,55.0,1045.0,PROD_SK_004
ITEM_SK_00757,10533,72,34.8,24,0.0,835.2,0.0,835.2,PROD_SK_072
ITEM_SK_00758,10533,73,15.0,24,0.05,360.0,18.0,342.0,PROD_SK_073
ITEM_SK_00759,10534,30,25.89,10,0.0,258.9,0.0,258.9,PROD_SK_030
ITEM_SK_00760,10534,40,18.4,10,0.2,184.0,36.8,147.2,PROD_SK_040
ITEM_SK_00761,10534,54,7.45,10,0.2,74.5,14.9,59.6,PROD_SK_054
ITEM_SK_00762,10535,11,21.0,50,0.1,1050.0,105.0,945.0,PROD_SK_011
ITEM_SK_00763,10535,40,18.4,10,0.1,184.0,18.4,165.6,PROD_SK_040
ITEM_SK_00764,10535,57,19.5,5,0.1,97.5,9.75,87.75,PROD_SK_057
ITEM_SK_00765,10535,59,55.0,15,0.1,825.0,82.5,742.5,PROD_SK_059
ITEM_SK_00766,10536,12,38.0,15,0.25,570.0,142.5,427.5,PROD_SK_012
ITEM_SK_00767,10536,31,12.5,20,0.0,250.0,0.0,250.0,PROD_SK_031
ITEM_SK_00768,10536,33,2.5,30,0.0,75.0,0.0,75.0,PROD_SK_033
ITEM_SK_00769,10536,60,34.0,35,0.25,1190.0,297.5,892.5,PROD_SK_060
ITEM_SK_00770,10537,31,12.5,30,0.0,375.0,0.0,375.0,PROD_SK_031
ITEM_SK_00771,10537,51,53.0,6,0.0,318.0,0.0,318.0,PROD_SK_051
ITEM_SK_00772,10537,58,13.25,20,0.0,265.0,0.0,265.0,PROD_SK_058
ITEM_SK_00773,10537,72,34.8,21,0.0,730.8,0.0,730.8,PROD_SK_072
ITEM_SK_00774,10537,73,15.0,9,0.0,135.0,0.0,135.0,PROD_SK_073
ITEM_SK_00775,10538,70,15.0,7,0.0,105.0,0.0,105.0,PROD_SK_070
ITEM_SK_00776,10538,72,34.8,1,0.0,34.8,0.0,34.8,PROD_SK_072
ITEM_SK_00777,10539,13,6.0,8,0.0,48.0,0.0,48.0,PROD_SK_013
ITEM_SK_00778,10539,21,10.0,15,0.0,150.0,0.0,150.0,PROD_SK_021
ITEM_SK_00779,10539,33,2.5,15,0.0,37.5,0.0,37.5,PROD_SK_033
ITEM_SK_00780,10539,49,20.0,6,0.0,120.0,0.0,120.0,PROD_SK_049
ITEM_SK_00781,10540,3,10.0,60,0.0,600.0,0.0,600.0,PROD_SK_003
ITEM_SK_00782,10540,26,31.23,40,0.0,1249.2,0.0,1249.2,PROD_SK_026
ITEM_SK_00783,10540,38,263.5,30,0.0,7905.0,0.0,7905.0,PROD_SK_038
ITEM_SK_00784,10540,68,12.5,35,0.0,437.5,0.0,437.5,PROD_SK_068
ITEM_SK_00785,10541,24,4.5,35,0.1,157.5,15.75,141.75,PROD_SK_024
ITEM_SK_00786,10541,38,263.5,4,0.1,1054.0,105.4,948.6,PROD_SK_038
ITEM_SK_00787,10541,65,21.05,36,0.1,757.8,75.78,682.02,PROD_SK_065
ITEM_SK_00788,10541,71,21.5,9,0.1,193.5,19.35,174.15,PROD_SK_071
ITEM_SK_00789,10542,11,21.0,15,0.05,315.0,15.75,299.25,PROD_SK_011
ITEM_SK_00790,10542,54,7.45,24,0.05,178.8,8.94,169.86,PROD_SK_054
ITEM_SK_00791,10543,12,38.0,30,0.15,1140.0,171.0,969.0,PROD_SK_012
ITEM_SK_00792,10543,23,9.0,70,0.15,630.0,94.5,535.5,PROD_SK_023
ITEM_SK_00793,10544,28,45.6,7,0.0,319.2,0.0,319.2,PROD_SK_028
ITEM_SK_00794,10544,67,14.0,7,0.0,98.0,0.0,98.0,PROD_SK_067
ITEM_SK_00795,10545,11,21.0,10,0.0,210.0,0.0,210.0,PROD_SK_011
ITEM_SK_00796,10546,7,30.0,10,0.0,300.0,0.0,300.0,PROD_SK_007
ITEM_SK_00797,10546,35,18.0,30,0.0,540.0,0.0,540.0,PROD_SK_035
ITEM_SK_00798,10546,62,49.3,40,0.0,1972.0,0.0,1972.0,PROD_SK_062
ITEM_SK_00799,10547,32,32.0,24,0.15,768.0,115.2,652.8,PROD_SK_032
ITEM_SK_00800,10547,36,19.0,60,0.0,1140.0,0.0,1140.0,PROD_SK_036
ITEM_SK_00801,10548,34,14.0,10,0.25,140.0,35.0,105.0,PROD_SK_034
ITEM_SK_00802,10548,41,9.65,14,0.0,135.1,0.0,135.1,PROD_SK_041
ITEM_SK_00803,10549,31,12.5,55,0.15,687.5,103.12,584.38,PROD_SK_031
ITEM_SK_00804,10549,45,9.5,100,0.15,950.0,142.5,807.5,PROD_SK_045
ITEM_SK_00805,10549,51,53.0,48,0.15,2544.0,381.6,2162.4,PROD_SK_051
ITEM_SK_00806,10550,17,39.0,8,0.1,312.0,31.2,280.8,PROD_SK_017
ITEM_SK_00807,10550,19,9.2,10,0.0,92.0,0.0,92.0,PROD_SK_019
ITEM_SK_00808,10550,21,10.0,6,0.1,60.0,6.0,54.0,PROD_SK_021
ITEM_SK_00809,10550,61,28.5,10,0.1,285.0,28.5,256.5,PROD_SK_061
ITEM_SK_00810,10551,16,17.45,40,0.15,698.0,104.7,593.3,PROD_SK_016
ITEM_SK_00811,10551,35,18.0,20,0.15,360.0,54.0,306.0,PROD_SK_035
ITEM_SK_00812,10551,44,19.45,40,0.0,778.0,0.0,778.0,PROD_SK_044
ITEM_SK_00813,10552,69,36.0,18,0.0,648.0,0.0,648.0,PROD_SK_069
ITEM_SK_00814,10552,75,7.75,30,0.0,232.5,0.0,232.5,PROD_SK_075
ITEM_SK_00815,10553,11,21.0,15,0.0,315.0,0.0,315.0,PROD_SK_011
ITEM_SK_00816,10553,16,17.45,14,0.0,244.3,0.0,244.3,PROD_SK_016
ITEM_SK_00817,10553,22,21.0,24,0.0,504.0,0.0,504.0,PROD_SK_022
ITEM_SK_00818,10553,31,12.5,30,0.0,375.0,0.0,375.0,PROD_SK_031
ITEM_SK_00819,10553,35,18.0,6,0.0,108.0,0.0,108.0,PROD_SK_035
ITEM_SK_00820,10554,16,17.45,30,0.05,523.5,26.18,497.32,PROD_SK_016
ITEM_SK_00821,10554,23,9.0,20,0.05,180.0,9.0,171.0,PROD_SK_023
ITEM_SK_00822,10554,62,49.3,20,0.05,986.0,49.3,936.7,PROD_SK_062
ITEM_SK_00823,10554,77,13.0,10,0.05,130.0,6.5,123.5,PROD_SK_077
ITEM_SK_00824,10555,14,23.25,30,0.2,697.5,139.5,558.0,PROD_SK_014
ITEM_SK_00825,10555,19,9.2,35,0.2,322.0,64.4,257.6,PROD_SK_019
ITEM_SK_00826,10555,24,4.5,18,0.2,81.0,16.2,64.8,PROD_SK_024
ITEM_SK_00827,10555,51,53.0,20,0.2,1060.0,212.0,848.0,PROD_SK_051
ITEM_SK_00828,10555,56,38.0,40,0.2,1520.0,304.0,1216.0,PROD_SK_056
ITEM_SK_00829,10556,72,34.8,24,0.0,835.2,0.0,835.2,PROD_SK_072
ITEM_SK_00830,10557,64,33.25,30,0.0,997.5,0.0,997.5,PROD_SK_064
ITEM_SK_00831,10557,75,7.75,20,0.0,155.0,0.0,155.0,PROD_SK_075
ITEM_SK_00832,10558,47,9.5,25,0.0,237.5,0.0,237.5,PROD_SK_047
ITEM_SK_00833,10558,51,53.0,20,0.0,1060.0,0.0,1060.0,PROD_SK_051
ITEM_SK_00834,10558,52,7.0,30,0.0,210.0,0.0,210.0,PROD_SK_052
ITEM_SK_00835,10558,53,32.8,18,0.0,590.4,0.0,590.4,PROD_SK_053
ITEM_SK_00836,10558,73,15.0,3,0.0,45.0,0.0,45.0,PROD_SK_073
ITEM_SK_00837,10559,41,9.65,12,0.05,115.8,5.79,110.01,PROD_SK_041
ITEM_SK_00838,10559,55,24.0,18,0.05,432.0,21.6,410.4,PROD_SK_055
ITEM_SK_00839,10560,30,25.89,20,0.0,517.8,0.0,517.8,PROD_SK_030
ITEM_SK_00840,10560,62,49.3,15,0.25,739.5,184.88,554.62,PROD_SK_062
ITEM_SK_00841,10561,44,19.45,10,0.0,194.5,0.0,194.5,PROD_SK_044
ITEM_SK_00842,10561,51,53.0,50,0.0,2650.0,0.0,2650.0,PROD_SK_051
ITEM_SK_00843,10562,33,2.5,20,0.1,50.0,5.0,45.0,PROD_SK_033
ITEM_SK_00844,10562,62,49.3,10,0.1,493.0,49.3,443.7,PROD_SK_062
ITEM_SK_00845,10563,36,19.0,25,0.0,475.0,0.0,475.0,PROD_SK_036
ITEM_SK_00846,10563,52,7.0,70,0.0,490.0,0.0,490.0,PROD_SK_052
ITEM_SK_00847,10564,17,39.0,16,0.05,624.0,31.2,592.8,PROD_SK_017
ITEM_SK_00848,10564,31,12.5,6,0.05,75.0,3.75,71.25,PROD_SK_031
ITEM_SK_00849,10564,55,24.0,25,0.05,600.0,30.0,570.0,PROD_SK_055
ITEM_SK_00850,10565,24,4.5,25,0.1,112.5,11.25,101.25,PROD_SK_024
ITEM_SK_00851,10565,64,33.25,18,0.1,598.5,59.85,538.65,PROD_SK_064
ITEM_SK_00852,10566,11,21.0,35,0.15,735.0,110.25,624.75,PROD_SK_011
ITEM_SK_00853,10566,18,62.5,18,0.15,1125.0,168.75,956.25,PROD_SK_018
ITEM_SK_00854,10566,76,18.0,10,0.0,180.0,0.0,180.0,PROD_SK_076
ITEM_SK_00855,10567,31,12.5,60,0.2,750.0,150.0,600.0,PROD_SK_031
ITEM_SK_00856,10567,51,53.0,3,0.0,159.0,0.0,159.0,PROD_SK_051
ITEM_SK_00857,10567,59,55.0,40,0.2,2200.0,440.0,1760.0,PROD_SK_059
ITEM_SK_00858,10568,10,31.0,5,0.0,155.0,0.0,155.0,PROD_SK_010
ITEM_SK_00859,10569,31,12.5,35,0.2,437.5,87.5,350.0,PROD_SK_031
ITEM_SK_00860,10569,76,18.0,30,0.0,540.0,0.0,540.0,PROD_SK_076
ITEM_SK_00861,10570,11,21.0,15,0.05,315.0,15.75,299.25,PROD_SK_011
ITEM_SK_00862,10570,56,38.0,60,0.05,2280.0,114.0,2166.0,PROD_SK_056
ITEM_SK_00863,10571,14,23.25,11,0.15,255.75,38.36,217.39,PROD_SK_014
ITEM_SK_00864,10571,42,14.0,28,0.15,392.0,58.8,333.2,PROD_SK_042
ITEM_SK_00865,10572,16,17.45,12,0.1,209.4,20.94,188.46,PROD_SK_016
ITEM_SK_00866,10572,32,32.0,10,0.1,320.0,32.0,288.0,PROD_SK_032
ITEM_SK_00867,10572,40,18.4,50,0.0,920.0,0.0,920.0,PROD_SK_040
ITEM_SK_00868,10572,75,7.75,15,0.1,116.25,11.62,104.63,PROD_SK_075
ITEM_SK_00869,10573,17,39.0,18,0.0,702.0,0.0,702.0,PROD_SK_017
ITEM_SK_00870,10573,34,14.0,40,0.0,560.0,0.0,560.0,PROD_SK_034
ITEM_SK_00871,10573,53,32.8,25,0.0,820.0,0.0,820.0,PROD_SK_053
ITEM_SK_00872,10574,33,2.5,14,0.0,35.0,0.0,35.0,PROD_SK_033
ITEM_SK_00873,10574,40,18.4,2,0.0,36.8,0.0,36.8,PROD_SK_040
ITEM_SK_00874,10574,62,49.3,10,0.0,493.0,0.0,493.0,PROD_SK_062
ITEM_SK_00875,10574,64,33.25,6,0.0,199.5,0.0,199.5,PROD_SK_064
ITEM_SK_00876,10575,59,55.0,12,0.0,660.0,0.0,660.0,PROD_SK_059
ITEM_SK_00877,10575,63,43.9,6,0.0,263.4,0.0,263.4,PROD_SK_063
ITEM_SK_00878,10575,72,34.8,30,0.0,1044.0,0.0,1044.0,PROD_SK_072
ITEM_SK_00879,10575,76,18.0,10,0.0,180.0,0.0,180.0,PROD_SK_076
ITEM_SK_00880,10576,1,18.0,10,0.0,180.0,0.0,180.0,PROD_SK_001
ITEM_SK_00881,10576,31,12.5,20,0.0,250.0,0.0,250.0,PROD_SK_031
ITEM_SK_00882,10576,44,19.45,21,0.0,408.45,0.0,408.45,PROD_SK_044
ITEM_SK_00883,10577,39,18.0,10,0.0,180.0,0.0,180.0,PROD_SK_039
ITEM_SK_00884,10577,75,7.75,20,0.0,155.0,0.0,155.0,PROD_SK_075
ITEM_SK_00885,10577,77,13.0,18,0.0,234.0,0.0,234.0,PROD_SK_077
ITEM_SK_00886,10578,35,18.0,20,0.0,360.0,0.0,360.0,PROD_SK_035
ITEM_SK_00887,10578,57,19.5,6,0.0,117.0,0.0,117.0,PROD_SK_057
ITEM_SK_00888,10579,15,15.5,10,0.0,155.0,0.0,155.0,PROD_SK_015
ITEM_SK_00889,10579,75,7.75,21,0.0,162.75,0.0,162.75,PROD_SK_075
ITEM_SK_00890,10580,14,23.25,15,0.05,348.75,17.44,331.31,PROD_SK_014
ITEM_SK_00891,10580,41,9.65,9,0.05,86.85,4.34,82.51,PROD_SK_041
ITEM_SK_00892,10580,65,21.05,30,0.05,631.5,31.58,599.92,PROD_SK_065
ITEM_SK_00893,10581,75,7.75,50,0.2,387.5,77.5,310.0,PROD_SK_075
ITEM_SK_00894,10582,57,19.5,4,0.0,78.0,0.0,78.0,PROD_SK_057
ITEM_SK_00895,10582,76,18.0,14,0.0,252.0,0.0,252.0,PROD_SK_076
ITEM_SK_00896,10583,29,123.79,10,0.0,1237.9,0.0,1237.9,PROD_SK_029
ITEM_SK_00897,10583,60,34.0,24,0.15,816.0,122.4,693.6,PROD_SK_060
ITEM_SK_00898,10583,69,36.0,10,0.15,360.0,54.0,306.0,PROD_SK_069
ITEM_SK_00899,10584,31,12.5,50,0.05,625.0,31.25,593.75,PROD_SK_031
ITEM_SK_00900,10585,47,9.5,15,0.0,142.5,0.0,142.5,PROD_SK_047
ITEM_SK_00901,10586,52,7.0,4,0.15,28.0,4.2,23.8,PROD_SK_052
ITEM_SK_00902,10587,26,31.23,6,0.0,187.38,0.0,187.38,PROD_SK_026
ITEM_SK_00903,10587,35,18.0,20,0.0,360.0,0.0,360.0,PROD_SK_035
ITEM_SK_00904,10587,77,13.0,20,0.0,260.0,0.0,260.0,PROD_SK_077
ITEM_SK_00905,10588,18,62.5,40,0.2,2500.0,500.0,2000.0,PROD_SK_018
ITEM_SK_00906,10588,42,14.0,100,0.2,1400.0,280.0,1120.0,PROD_SK_042
ITEM_SK_00907,10589,35,18.0,4,0.0,72.0,0.0,72.0,PROD_SK_035
ITEM_SK_00908,10590,1,18.0,20,0.0,360.0,0.0,360.0,PROD_SK_001
ITEM_SK_00909,10590,77,13.0,60,0.05,780.0,39.0,741.0,PROD_SK_077
ITEM_SK_00910,10591,3,10.0,14,0.0,140.0,0.0,140.0,PROD_SK_003
ITEM_SK_00911,10591,7,30.0,10,0.0,300.0,0.0,300.0,PROD_SK_007
ITEM_SK_00912,10591,54,7.45,50,0.0,372.5,0.0,372.5,PROD_SK_054
ITEM_SK_00913,10592,15,15.5,25,0.05,387.5,19.38,368.12,PROD_SK_015
ITEM_SK_00914,10592,26,31.23,5,0.05,156.15,7.81,148.34,PROD_SK_026
ITEM_SK_00915,10593,20,81.0,21,0.2,1701.0,340.2,1360.8,PROD_SK_020
ITEM_SK_00916,10593,69,36.0,20,0.2,720.0,144.0,576.0,PROD_SK_069
ITEM_SK_00917,10593,76,18.0,4,0.2,72.0,14.4,57.6,PROD_SK_076
ITEM_SK_00918,10594,52,7.0,24,0.0,168.0,0.0,168.0,PROD_SK_052
ITEM_SK_00919,10594,58,13.25,30,0.0,397.5,0.0,397.5,PROD_SK_058
ITEM_SK_00920,10595,35,18.0,30,0.25,540.0,135.0,405.0,PROD_SK_035
ITEM_SK_00921,10595,61,28.5,120,0.25,3420.0,855.0,2565.0,PROD_SK_061
ITEM_SK_00922,10595,69,36.0,65,0.25,2340.0,585.0,1755.0,PROD_SK_069
ITEM_SK_00923,10596,56,38.0,5,0.2,190.0,38.0,152.0,PROD_SK_056
ITEM_SK_00924,10596,63,43.9,24,0.2,1053.6,210.72,842.88,PROD_SK_063
ITEM_SK_00925,10596,75,7.75,30,0.2,232.5,46.5,186.0,PROD_SK_075
ITEM_SK_00926,10597,24,4.5,35,0.2,157.5,31.5,126.0,PROD_SK_024
ITEM_SK_00927,10597,57,19.5,20,0.0,390.0,0.0,390.0,PROD_SK_057
ITEM_SK_00928,10597,65,21.05,12,0.2,252.6,50.52,202.08,PROD_SK_065
ITEM_SK_00929,10598,27,43.9,50,0.0,2195.0,0.0,2195.0,PROD_SK_027
ITEM_SK_00930,10598,71,21.5,9,0.0,193.5,0.0,193.5,PROD_SK_071
ITEM_SK_00931,10599,62,49.3,10,0.0,493.0,0.0,493.0,PROD_SK_062
ITEM_SK_00932,10600,54,7.45,4,0.0,29.8,0.0,29.8,PROD_SK_054
ITEM_SK_00933,10600,73,15.0,30,0.0,450.0,0.0,450.0,PROD_SK_073
ITEM_SK_00934,10601,13,6.0,60,0.0,360.0,0.0,360.0,PROD_SK_013
ITEM_SK_00935,10601,59,55.0,35,0.0,1925.0,0.0,1925.0,PROD_SK_059
ITEM_SK_00936,10602,77,13.0,5,0.25,65.0,16.25,48.75,PROD_SK_077
ITEM_SK_00937,10603,22,21.0,48,0.0,1008.0,0.0,1008.0,PROD_SK_022
ITEM_SK_00938,10603,49,20.0,25,0.05,500.0,25.0,475.0,PROD_SK_049
ITEM_SK_00939,10604,48,12.75,6,0.1,76.5,7.65,68.85,PROD_SK_048
ITEM_SK_00940,10604,76,18.0,10,0.1,180.0,18.0,162.0,PROD_SK_076
ITEM_SK_00941,10605,16,17.45,30,0.05,523.5,26.18,497.32,PROD_SK_016
ITEM_SK_00942,10605,59,55.0,20,0.05,1100.0,55.0,1045.0,PROD_SK_059
ITEM_SK_00943,10605,60,34.0,70,0.05,2380.0,119.0,2261.0,PROD_SK_060
ITEM_SK_00944,10605,71,21.5,15,0.05,322.5,16.12,306.38,PROD_SK_071
ITEM_SK_00945,10606,4,22.0,20,0.2,440.0,88.0,352.0,PROD_SK_004
ITEM_SK_00946,10606,55,24.0,20,0.2,480.0,96.0,384.0,PROD_SK_055
ITEM_SK_00947,10606,62,49.3,10,0.2,493.0,98.6,394.4,PROD_SK_062
ITEM_SK_00948,10607,7,30.0,45,0.0,1350.0,0.0,1350.0,PROD_SK_007
ITEM_SK_00949,10607,17,39.0,100,0.0,3900.0,0.0,3900.0,PROD_SK_017
ITEM_SK_00950,10607,33,2.5,14,0.0,35.0,0.0,35.0,PROD_SK_033
ITEM_SK_00951,10607,40,18.4,42,0.0,772.8,0.0,772.8,PROD_SK_040
ITEM_SK_00952,10607,72,34.8,12,0.0,417.6,0.0,417.6,PROD_SK_072
ITEM_SK_00953,10608,56,38.0,28,0.0,1064.0,0.0,1064.0,PROD_SK_056
ITEM_SK_00954,10609,1,18.0,3,0.0,54.0,0.0,54.0,PROD_SK_001
ITEM_SK_00955,10609,10,31.0,10,0.0,310.0,0.0,310.0,PROD_SK_010
ITEM_SK_00956,10609,21,10.0,6,0.0,60.0,0.0,60.0,PROD_SK_021
ITEM_SK_00957,10610,36,19.0,21,0.25,399.0,99.75,299.25,PROD_SK_036
ITEM_SK_00958,10611,1,18.0,6,0.0,108.0,0.0,108.0,PROD_SK_001
ITEM_SK_00959,10611,2,19.0,10,0.0,190.0,0.0,190.0,PROD_SK_002
ITEM_SK_00960,10611,60,34.0,15,0.0,510.0,0.0,510.0,PROD_SK_060
ITEM_SK_00961,10612,10,31.0,70,0.0,2170.0,0.0,2170.0,PROD_SK_010
ITEM_SK_00962,10612,36,19.0,55,0.0,1045.0,0.0,1045.0,PROD_SK_036
ITEM_SK_00963,10612,49,20.0,18,0.0,360.0,0.0,360.0,PROD_SK_049
ITEM_SK_00964,10612,60,34.0,40,0.0,1360.0,0.0,1360.0,PROD_SK_060
ITEM_SK_00965,10612,76,18.0,80,0.0,1440.0,0.0,1440.0,PROD_SK_076
ITEM_SK_00966,10613,13,6.0,8,0.1,48.0,4.8,43.2,PROD_SK_013
ITEM_SK_00967,10613,75,7.75,40,0.0,310.0,0.0,310.0,PROD_SK_075
ITEM_SK_00968,10614,11,21.0,14,0.0,294.0,0.0,294.0,PROD_SK_011
ITEM_SK_00969,10614,21,10.0,8,0.0,80.0,0.0,80.0,PROD_SK_021
ITEM_SK_00970,10614,39,18.0,5,0.0,90.0,0.0,90.0,PROD_SK_039
ITEM_SK_00971,10615,55,24.0,5,0.0,120.0,0.0,120.0,PROD_SK_055
ITEM_SK_00972,10616,38,263.5,15,0.05,3952.5,197.62,3754.88,PROD_SK_038
ITEM_SK_00973,10616,56,38.0,14,0.0,532.0,0.0,532.0,PROD_SK_056
ITEM_SK_00974,10616,70,15.0,15,0.05,225.0,11.25,213.75,PROD_SK_070
ITEM_SK_00975,10616,71,21.5,15,0.05,322.5,16.12,306.38,PROD_SK_071
ITEM_SK_00976,10617,59,55.0,30,0.15,1650.0,247.5,1402.5,PROD_SK_059
ITEM_SK_00977,10618,6,25.0,70,0.0,1750.0,0.0,1750.0,PROD_SK_006
ITEM_SK_00978,10618,56,38.0,20,0.0,760.0,0.0,760.0,PROD_SK_056
ITEM_SK_00979,10618,68,12.5,15,0.0,187.5,0.0,187.5,PROD_SK_068
ITEM_SK_00980,10619,21,10.0,42,0.0,420.0,0.0,420.0,PROD_SK_021
ITEM_SK_00981,10619,22,21.0,40,0.0,840.0,0.0,840.0,PROD_SK_022
ITEM_SK_00982,10620,24,4.5,5,0.0,22.5,0.0,22.5,PROD_SK_024
ITEM_SK_00983,10620,52,7.0,5,0.0,35.0,0.0,35.0,PROD_SK_052
ITEM_SK_00984,10621,19,9.2,5,0.0,46.0,0.0,46.0,PROD_SK_019
ITEM_SK_00985,10621,23,9.0,10,0.0,90.0,0.0,90.0,PROD_SK_023
ITEM_SK_00986,10621,70,15.0,20,0.0,300.0,0.0,300.0,PROD_SK_070
ITEM_SK_00987,10621,71,21.5,15,0.0,322.5,0.0,322.5,PROD_SK_071
ITEM_SK_00988,10622,2,19.0,20,0.0,380.0,0.0,380.0,PROD_SK_002
ITEM_SK_00989,10622,68,12.5,18,0.2,225.0,45.0,180.0,PROD_SK_068
ITEM_SK_00990,10623,14,23.25,21,0.0,488.25,0.0,488.25,PROD_SK_014
ITEM_SK_00991,10623,19,9.2,15,0.1,138.0,13.8,124.2,PROD_SK_019
ITEM_SK_00992,10623,21,10.0,25,0.1,250.0,25.0,225.0,PROD_SK_021
ITEM_SK_00993,10623,24,4.5,3,0.0,13.5,0.0,13.5,PROD_SK_024
ITEM_SK_00994,10623,35,18.0,30,0.1,540.0,54.0,486.0,PROD_SK_035
ITEM_SK_00995,10624,28,45.6,10,0.0,456.0,0.0,456.0,PROD_SK_028
ITEM_SK_00996,10624,29,123.79,6,0.0,742.74,0.0,742.74,PROD_SK_029
ITEM_SK_00997,10624,44,19.45,10,0.0,194.5,0.0,194.5,PROD_SK_044
ITEM_SK_00998,10625,14,23.25,3,0.0,69.75,0.0,69.75,PROD_SK_014
ITEM_SK_00999,10625,42,14.0,5,0.0,70.0,0.0,70.0,PROD_SK_042
ITEM_SK_01000,10625,60,34.0,10,0.0,340.0,0.0,340.0,PROD_SK_060
ITEM_SK_01001,10626,53,32.8,12,0.0,393.6,0.0,393.6,PROD_SK_053
ITEM_SK_01002,10626,60,34.0,20,0.0,680.0,0.0,680.0,PROD_SK_060
ITEM_SK_01003,10626,71,21.5,20,0.0,430.0,0.0,430.0,PROD_SK_071
ITEM_SK_01004,10627,62,49.3,15,0.0,739.5,0.0,739.5,PROD_SK_062
ITEM_SK_01005,10627,73,15.0,35,0.15,525.0,78.75,446.25,PROD_SK_073
ITEM_SK_01006,10628,1,18.0,25,0.0,450.0,0.0,450.0,PROD_SK_001
ITEM_SK_01007,10629,29,123.79,20,0.0,2475.8,0.0,2475.8,PROD_SK_029
ITEM_SK_01008,10629,64,33.25,9,0.0,299.25,0.0,299.25,PROD_SK_064
ITEM_SK_01009,10630,55,24.0,12,0.05,288.0,14.4,273.6,PROD_SK_055
ITEM_SK_01010,10630,76,18.0,35,0.0,630.0,0.0,630.0,PROD_SK_076
ITEM_SK_01011,10631,75,7.75,8,0.1,62.0,6.2,55.8,PROD_SK_075
ITEM_SK_01012,10632,2,19.0,30,0.05,570.0,28.5,541.5,PROD_SK_002
ITEM_SK_01013,10632,33,2.5,20,0.05,50.0,2.5,47.5,PROD_SK_033
ITEM_SK_01014,10633,12,38.0,36,0.15,1368.0,205.2,1162.8,PROD_SK_012
ITEM_SK_01015,10633,13,6.0,13,0.15,78.0,11.7,66.3,PROD_SK_013
ITEM_SK_01016,10633,26,31.23,35,0.15,1093.05,163.96,929.09,PROD_SK_026
ITEM_SK_01017,10633,62,49.3,80,0.15,3944.0,591.6,3352.4,PROD_SK_062
ITEM_SK_01018,10634,7,30.0,35,0.0,1050.0,0.0,1050.0,PROD_SK_007
ITEM_SK_01019,10634,18,62.5,50,0.0,3125.0,0.0,3125.0,PROD_SK_018
ITEM_SK_01020,10634,51,53.0,15,0.0,795.0,0.0,795.0,PROD_SK_051
ITEM_SK_01021,10634,75,7.75,2,0.0,15.5,0.0,15.5,PROD_SK_075
ITEM_SK_01022,10635,4,22.0,10,0.1,220.0,22.0,198.0,PROD_SK_004
ITEM_SK_01023,10635,5,21.35,15,0.1,320.25,32.02,288.23,PROD_SK_005
ITEM_SK_01024,10635,22,21.0,40,0.0,840.0,0.0,840.0,PROD_SK_022
ITEM_SK_01025,10636,4,22.0,25,0.0,550.0,0.0,550.0,PROD_SK_004
ITEM_SK_01026,10636,58,13.25,6,0.0,79.5,0.0,79.5,PROD_SK_058
ITEM_SK_01027,10637,11,21.0,10,0.0,210.0,0.0,210.0,PROD_SK_011
ITEM_SK_01028,10637,50,16.25,25,0.05,406.25,20.31,385.94,PROD_SK_050
ITEM_SK_01029,10637,56,38.0,60,0.05,2280.0,114.0,2166.0,PROD_SK_056
ITEM_SK_01030,10638,45,9.5,20,0.0,190.0,0.0,190.0,PROD_SK_045
ITEM_SK_01031,10638,65,21.05,21,0.0,442.05,0.0,442.05,PROD_SK_065
ITEM_SK_01032,10638,72,34.8,60,0.0,2088.0,0.0,2088.0,PROD_SK_072
ITEM_SK_01033,10639,18,62.5,8,0.0,500.0,0.0,500.0,PROD_SK_018
ITEM_SK_01034,10640,69,36.0,20,0.25,720.0,180.0,540.0,PROD_SK_069
ITEM_SK_01035,10640,70,15.0,15,0.25,225.0,56.25,168.75,PROD_SK_070
ITEM_SK_01036,10641,2,19.0,50,0.0,950.0,0.0,950.0,PROD_SK_002
ITEM_SK_01037,10641,40,18.4,60,0.0,1104.0,0.0,1104.0,PROD_SK_040
ITEM_SK_01038,10642,21,10.0,30,0.2,300.0,60.0,240.0,PROD_SK_021
ITEM_SK_01039,10642,61,28.5,20,0.2,570.0,114.0,456.0,PROD_SK_061
ITEM_SK_01040,10643,28,45.6,15,0.25,684.0,171.0,513.0,PROD_SK_028
ITEM_SK_01041,10643,39,18.0,21,0.25,378.0,94.5,283.5,PROD_SK_039
ITEM_SK_01042,10643,46,12.0,2,0.25,24.0,6.0,18.0,PROD_SK_046
ITEM_SK_01043,10644,18,62.5,4,0.1,250.0,25.0,225.0,PROD_SK_018
ITEM_SK_01044,10644,43,46.0,20,0.0,920.0,0.0,920.0,PROD_SK_043
ITEM_SK_01045,10644,46,12.0,21,0.1,252.0,25.2,226.8,PROD_SK_046
ITEM_SK_01046,10645,18,62.5,20,0.0,1250.0,0.0,1250.0,PROD_SK_018
ITEM_SK_01047,10645,36,19.0,15,0.0,285.0,0.0,285.0,PROD_SK_036
ITEM_SK_01048,10646,1,18.0,15,0.25,270.0,67.5,202.5,PROD_SK_001
ITEM_SK_01049,10646,10,31.0,18,0.25,558.0,139.5,418.5,PROD_SK_010
ITEM_SK_01050,10646,71,21.5,30,0.25,645.0,161.25,483.75,PROD_SK_071
ITEM_SK_01051,10646,77,13.0,35,0.25,455.0,113.75,341.25,PROD_SK_077
ITEM_SK_01052,10647,19,9.2,30,0.0,276.0,0.0,276.0,PROD_SK_019
ITEM_SK_01053,10647,39,18.0,20,0.0,360.0,0.0,360.0,PROD_SK_039
ITEM_SK_01054,10648,22,21.0,15,0.0,315.0,0.0,315.0,PROD_SK_022
ITEM_SK_01055,10648,24,4.5,15,0.15,67.5,10.12,57.38,PROD_SK_024
ITEM_SK_01056,10649,28,45.6,20,0.0,912.0,0.0,912.0,PROD_SK_028
ITEM_SK_01057,10649,72,34.8,15,0.0,522.0,0.0,522.0,PROD_SK_072
ITEM_SK_01058,10650,30,25.89,30,0.0,776.7,0.0,776.7,PROD_SK_030
ITEM_SK_01059,10650,53,32.8,25,0.05,820.0,41.0,779.0,PROD_SK_053
ITEM_SK_01060,10650,54,7.45,30,0.0,223.5,0.0,223.5,PROD_SK_054
ITEM_SK_01061,10651,19,9.2,12,0.25,110.4,27.6,82.8,PROD_SK_019
ITEM_SK_01062,10651,22,21.0,20,0.25,420.0,105.0,315.0,PROD_SK_022
ITEM_SK_01063,10652,30,25.89,2,0.25,51.78,12.94,38.84,PROD_SK_030
ITEM_SK_01064,10652,42,14.0,20,0.0,280.0,0.0,280.0,PROD_SK_042
ITEM_SK_01065,10653,16,17.45,30,0.1,523.5,52.35,471.15,PROD_SK_016
ITEM_SK_01066,10653,60,34.0,20,0.1,680.0,68.0,612.0,PROD_SK_060
ITEM_SK_01067,10654,4,22.0,12,0.1,264.0,26.4,237.6,PROD_SK_004
ITEM_SK_01068,10654,39,18.0,20,0.1,360.0,36.0,324.0,PROD_SK_039
ITEM_SK_01069,10654,54,7.45,6,0.1,44.7,4.47,40.23,PROD_SK_054
ITEM_SK_01070,10655,41,9.65,20,0.2,193.0,38.6,154.4,PROD_SK_041
ITEM_SK_01071,10656,14,23.25,3,0.1,69.75,6.98,62.77,PROD_SK_014
ITEM_SK_01072,10656,44,19.45,28,0.1,544.6,54.46,490.14,PROD_SK_044
ITEM_SK_01073,10656,47,9.5,6,0.1,57.0,5.7,51.3,PROD_SK_047
ITEM_SK_01074,10657,15,15.5,50,0.0,775.0,0.0,775.0,PROD_SK_015
ITEM_SK_01075,10657,41,9.65,24,0.0,231.6,0.0,231.6,PROD_SK_041
ITEM_SK_01076,10657,46,12.0,45,0.0,540.0,0.0,540.0,PROD_SK_046
ITEM_SK_01077,10657,47,9.5,10,0.0,95.0,0.0,95.0,PROD_SK_047
ITEM_SK_01078,10657,56,38.0,45,0.0,1710.0,0.0,1710.0,PROD_SK_056
ITEM_SK_01079,10657,60,34.0,30,0.0,1020.0,0.0,1020.0,PROD_SK_060
ITEM_SK_01080,10658,21,10.0,60,0.0,600.0,0.0,600.0,PROD_SK_021
ITEM_SK_01081,10658,40,18.4,70,0.05,1288.0,64.4,1223.6,PROD_SK_040
ITEM_SK_01082,10658,60,34.0,55,0.05,1870.0,93.5,1776.5,PROD_SK_060
ITEM_SK_01083,10658,77,13.0,70,0.05,910.0,45.5,864.5,PROD_SK_077
ITEM_SK_01084,10659,31,12.5,20,0.05,250.0,12.5,237.5,PROD_SK_031
ITEM_SK_01085,10659,40,18.4,24,0.05,441.6,22.08,419.52,PROD_SK_040
ITEM_SK_01086,10659,70,15.0,40,0.05,600.0,30.0,570.0,PROD_SK_070
ITEM_SK_01087,10660,20,81.0,21,0.0,1701.0,0.0,1701.0,PROD_SK_020
ITEM_SK_01088,10661,39,18.0,3,0.2,54.0,10.8,43.2,PROD_SK_039
ITEM_SK_01089,10661,58,13.25,49,0.2,649.25,129.85,519.4,PROD_SK_058
ITEM_SK_01090,10662,68,12.5,10,0.0,125.0,0.0,125.0,PROD_SK_068
ITEM_SK_01091,10663,40,18.4,30,0.05,552.0,27.6,524.4,PROD_SK_040
ITEM_SK_01092,10663,42,14.0,30,0.05,420.0,21.0,399.0,PROD_SK_042
ITEM_SK_01093,10663,51,53.0,20,0.05,1060.0,53.0,1007.0,PROD_SK_051
ITEM_SK_01094,10664,10,31.0,24,0.15,744.0,111.6,632.4,PROD_SK_010
ITEM_SK_01095,10664,56,38.0,12,0.15,456.0,68.4,387.6,PROD_SK_056
ITEM_SK_01096,10664,65,21.05,15,0.15,315.75,47.36,268.39,PROD_SK_065
ITEM_SK_01097,10665,51,53.0,20,0.0,1060.0,0.0,1060.0,PROD_SK_051
ITEM_SK_01098,10665,59,55.0,1,0.0,55.0,0.0,55.0,PROD_SK_059
ITEM_SK_01099,10665,76,18.0,10,0.0,180.0,0.0,180.0,PROD_SK_076
ITEM_SK_01100,10666,29,123.79,36,0.0,4456.44,0.0,4456.44,PROD_SK_029
ITEM_SK_01101,10666,65,21.05,10,0.0,210.5,0.0,210.5,PROD_SK_065
ITEM_SK_01102,10667,69,36.0,45,0.2,1620.0,324.0,1296.0,PROD_SK_069
ITEM_SK_01103,10667,71,21.5,14,0.2,301.0,60.2,240.8,PROD_SK_071
ITEM_SK_01104,10668,31,12.5,8,0.1,100.0,10.0,90.0,PROD_SK_031
ITEM_SK_01105,10668,55,24.0,4,0.1,96.0,9.6,86.4,PROD_SK_055
ITEM_SK_01106,10668,64,33.25,15,0.1,498.75,49.88,448.87,PROD_SK_064
ITEM_SK_01107,10669,36,19.0,30,0.0,570.0,0.0,570.0,PROD_SK_036
ITEM_SK_01108,10670,23,9.0,32,0.0,288.0,0.0,288.0,PROD_SK_023
ITEM_SK_01109,10670,46,12.0,60,0.0,720.0,0.0,720.0,PROD_SK_046
ITEM_SK_01110,10670,67,14.0,25,0.0,350.0,0.0,350.0,PROD_SK_067
ITEM_SK_01111,10670,73,15.0,50,0.0,750.0,0.0,750.0,PROD_SK_073
ITEM_SK_01112,10670,75,7.75,25,0.0,193.75,0.0,193.75,PROD_SK_075
ITEM_SK_01113,10671,16,17.45,10,0.0,174.5,0.0,174.5,PROD_SK_016
ITEM_SK_01114,10671,62,49.3,10,0.0,493.0,0.0,493.0,PROD_SK_062
ITEM_SK_01115,10671,65,21.05,12,0.0,252.6,0.0,252.6,PROD_SK_065
ITEM_SK_01116,10672,38,263.5,15,0.1,3952.5,395.25,3557.25,PROD_SK_038
ITEM_SK_01117,10672,71,21.5,12,0.0,258.0,0.0,258.0,PROD_SK_071
ITEM_SK_01118,10673,16,17.45,3,0.0,52.35,0.0,52.35,PROD_SK_016
ITEM_SK_01119,10673,42,14.0,6,0.0,84.0,0.0,84.0,PROD_SK_042
ITEM_SK_01120,10673,43,46.0,6,0.0,276.0,0.0,276.0,PROD_SK_043
ITEM_SK_01121,10674,23,9.0,5,0.0,45.0,0.0,45.0,PROD_SK_023
ITEM_SK_01122,10675,14,23.25,30,0.0,697.5,0.0,697.5,PROD_SK_014
ITEM_SK_01123,10675,53,32.8,10,0.0,328.0,0.0,328.0,PROD_SK_053
ITEM_SK_01124,10675,58,13.25,30,0.0,397.5,0.0,397.5,PROD_SK_058
ITEM_SK_01125,10676,10,31.0,2,0.0,62.0,0.0,62.0,PROD_SK_010
ITEM_SK_01126,10676,19,9.2,7,0.0,64.4,0.0,64.4,PROD_SK_019
ITEM_SK_01127,10676,44,19.45,21,0.0,408.45,0.0,408.45,PROD_SK_044
ITEM_SK_01128,10677,26,31.23,30,0.15,936.9,140.54,796.36,PROD_SK_026
ITEM_SK_01129,10677,33,2.5,8,0.15,20.0,3.0,17.0,PROD_SK_033
ITEM_SK_01130,10678,12,38.0,100,0.0,3800.0,0.0,3800.0,PROD_SK_012
ITEM_SK_01131,10678,33,2.5,30,0.0,75.0,0.0,75.0,PROD_SK_033
ITEM_SK_01132,10678,41,9.65,120,0.0,1158.0,0.0,1158.0,PROD_SK_041
ITEM_SK_01133,10678,54,7.45,30,0.0,223.5,0.0,223.5,PROD_SK_054
ITEM_SK_01134,10679,59,55.0,12,0.0,660.0,0.0,660.0,PROD_SK_059
ITEM_SK_01135,10680,16,17.45,50,0.25,872.5,218.12,654.38,PROD_SK_016
ITEM_SK_01136,10680,31,12.5,20,0.25,250.0,62.5,187.5,PROD_SK_031
ITEM_SK_01137,10680,42,14.0,40,0.25,560.0,140.0,420.0,PROD_SK_042
ITEM_SK_01138,10681,19,9.2,30,0.1,276.0,27.6,248.4,PROD_SK_019
ITEM_SK_01139,10681,21,10.0,12,0.1,120.0,12.0,108.0,PROD_SK_021
ITEM_SK_01140,10681,64,33.25,28,0.0,931.0,0.0,931.0,PROD_SK_064
ITEM_SK_01141,10682,33,2.5,30,0.0,75.0,0.0,75.0,PROD_SK_033
ITEM_SK_01142,10682,66,17.0,4,0.0,68.0,0.0,68.0,PROD_SK_066
ITEM_SK_01143,10682,75,7.75,30,0.0,232.5,0.0,232.5,PROD_SK_075
ITEM_SK_01144,10683,52,7.0,9,0.0,63.0,0.0,63.0,PROD_SK_052
ITEM_SK_01145,10684,40,18.4,20,0.0,368.0,0.0,368.0,PROD_SK_040
ITEM_SK_01146,10684,47,9.5,40,0.0,380.0,0.0,380.0,PROD_SK_047
ITEM_SK_01147,10684,60,34.0,30,0.0,1020.0,0.0,1020.0,PROD_SK_060
ITEM_SK_01148,10685,10,31.0,20,0.0,620.0,0.0,620.0,PROD_SK_010
ITEM_SK_01149,10685,41,9.65,4,0.0,38.6,0.0,38.6,PROD_SK_041
ITEM_SK_01150,10685,47,9.5,15,0.0,142.5,0.0,142.5,PROD_SK_047
ITEM_SK_01151,10686,17,39.0,30,0.2,1170.0,234.0,936.0,PROD_SK_017
ITEM_SK_01152,10686,26,31.23,15,0.0,468.45,0.0,468.45,PROD_SK_026
ITEM_SK_01153,10687,9,97.0,50,0.25,4850.0,1212.5,3637.5,PROD_SK_009
ITEM_SK_01154,10687,29,123.79,10,0.0,1237.9,0.0,1237.9,PROD_SK_029
ITEM_SK_01155,10687,36,19.0,6,0.25,114.0,28.5,85.5,PROD_SK_036
ITEM_SK_01156,10688,10,31.0,18,0.1,558.0,55.8,502.2,PROD_SK_010
ITEM_SK_01157,10688,28,45.6,60,0.1,2736.0,273.6,2462.4,PROD_SK_028
ITEM_SK_01158,10688,34,14.0,14,0.0,196.0,0.0,196.0,PROD_SK_034
ITEM_SK_01159,10689,1,18.0,35,0.25,630.0,157.5,472.5,PROD_SK_001
ITEM_SK_01160,10690,56,38.0,20,0.25,760.0,190.0,570.0,PROD_SK_056
ITEM_SK_01161,10690,77,13.0,30,0.25,390.0,97.5,292.5,PROD_SK_077
ITEM_SK_01162,10691,1,18.0,30,0.0,540.0,0.0,540.0,PROD_SK_001
ITEM_SK_01163,10691,29,123.79,40,0.0,4951.6,0.0,4951.6,PROD_SK_029
ITEM_SK_01164,10691,43,46.0,40,0.0,1840.0,0.0,1840.0,PROD_SK_043
ITEM_SK_01165,10691,44,19.45,24,0.0,466.8,0.0,466.8,PROD_SK_044
ITEM_SK_01166,10691,62,49.3,48,0.0,2366.4,0.0,2366.4,PROD_SK_062
ITEM_SK_01167,10692,63,43.9,20,0.0,878.0,0.0,878.0,PROD_SK_063
ITEM_SK_01168,10693,9,97.0,6,0.0,582.0,0.0,582.0,PROD_SK_009
ITEM_SK_01169,10693,54,7.45,60,0.15,447.0,67.05,379.95,PROD_SK_054
ITEM_SK_01170,10693,69,36.0,30,0.15,1080.0,162.0,918.0,PROD_SK_069
ITEM_SK_01171,10693,73,15.0,15,0.15,225.0,33.75,191.25,PROD_SK_073
ITEM_SK_01172,10694,7,30.0,90,0.0,2700.0,0.0,2700.0,PROD_SK_007
ITEM_SK_01173,10694,59,55.0,25,0.0,1375.0,0.0,1375.0,PROD_SK_059
ITEM_SK_01174,10694,70,15.0,50,0.0,750.0,0.0,750.0,PROD_SK_070
ITEM_SK_01175,10695,8,40.0,10,0.0,400.0,0.0,400.0,PROD_SK_008
ITEM_SK_01176,10695,12,38.0,4,0.0,152.0,0.0,152.0,PROD_SK_012
ITEM_SK_01177,10695,24,4.5,20,0.0,90.0,0.0,90.0,PROD_SK_024
ITEM_SK_01178,10696,17,39.0,20,0.0,780.0,0.0,780.0,PROD_SK_017
ITEM_SK_01179,10696,46,12.0,18,0.0,216.0,0.0,216.0,PROD_SK_046
ITEM_SK_01180,10697,19,9.2,7,0.25,64.4,16.1,48.3,PROD_SK_019
ITEM_SK_01181,10697,35,18.0,9,0.25,162.0,40.5,121.5,PROD_SK_035
ITEM_SK_01182,10697,58,13.25,30,0.25,397.5,99.38,298.12,PROD_SK_058
ITEM_SK_01183,10697,70,15.0,30,0.25,450.0,112.5,337.5,PROD_SK_070
ITEM_SK_01184,10698,11,21.0,15,0.0,315.0,0.0,315.0,PROD_SK_011
ITEM_SK_01185,10698,17,39.0,8,0.05,312.0,15.6,296.4,PROD_SK_017
ITEM_SK_01186,10698,29,123.79,12,0.05,1485.48,74.27,1411.21,PROD_SK_029
ITEM_SK_01187,10698,65,21.05,65,0.05,1368.25,68.41,1299.84,PROD_SK_065
ITEM_SK_01188,10698,70,15.0,8,0.05,120.0,6.0,114.0,PROD_SK_070
ITEM_SK_01189,10699,47,9.5,12,0.0,114.0,0.0,114.0,PROD_SK_047
ITEM_SK_01190,10700,1,18.0,5,0.2,90.0,18.0,72.0,PROD_SK_001
ITEM_SK_01191,10700,34,14.0,12,0.2,168.0,33.6,134.4,PROD_SK_034
ITEM_SK_01192,10700,68,12.5,40,0.2,500.0,100.0,400.0,PROD_SK_068
ITEM_SK_01193,10700,71,21.5,60,0.2,1290.0,258.0,1032.0,PROD_SK_071
ITEM_SK_01194,10701,59,55.0,42,0.15,2310.0,346.5,1963.5,PROD_SK_059
ITEM_SK_01195,10701,71,21.5,20,0.15,430.0,64.5,365.5,PROD_SK_071
ITEM_SK_01196,10701,76,18.0,35,0.15,630.0,94.5,535.5,PROD_SK_076
ITEM_SK_01197,10702,3,10.0,6,0.0,60.0,0.0,60.0,PROD_SK_003
ITEM_SK_01198,10702,76,18.0,15,0.0,270.0,0.0,270.0,PROD_SK_076
ITEM_SK_01199,10703,2,19.0,5,0.0,95.0,0.0,95.0,PROD_SK_002
ITEM_SK_01200,10703,59,55.0,35,0.0,1925.0,0.0,1925.0,PROD_SK_059
ITEM_SK_01201,10703,73,15.0,35,0.0,525.0,0.0,525.0,PROD_SK_073
ITEM_SK_01202,10704,4,22.0,6,0.0,132.0,0.0,132.0,PROD_SK_004
ITEM_SK_01203,10704,24,4.5,35,0.0,157.5,0.0,157.5,PROD_SK_024
ITEM_SK_01204,10704,48,12.75,24,0.0,306.0,0.0,306.0,PROD_SK_048
ITEM_SK_01205,10705,31,12.5,20,0.0,250.0,0.0,250.0,PROD_SK_031
ITEM_SK_01206,10705,32,32.0,4,0.0,128.0,0.0,128.0,PROD_SK_032
ITEM_SK_01207,10706,16,17.45,20,0.0,349.0,0.0,349.0,PROD_SK_016
ITEM_SK_01208,10706,43,46.0,24,0.0,1104.0,0.0,1104.0,PROD_SK_043
ITEM_SK_01209,10706,59,55.0,8,0.0,440.0,0.0,440.0,PROD_SK_059
ITEM_SK_01210,10707,55,24.0,21,0.0,504.0,0.0,504.0,PROD_SK_055
ITEM_SK_01211,10707,57,19.5,40,0.0,780.0,0.0,780.0,PROD_SK_057
ITEM_SK_01212,10707,70,15.0,28,0.15,420.0,63.0,357.0,PROD_SK_070
ITEM_SK_01213,10708,5,21.35,4,0.0,85.4,0.0,85.4,PROD_SK_005
ITEM_SK_01214,10708,36,19.0,5,0.0,95.0,0.0,95.0,PROD_SK_036
ITEM_SK_01215,10709,8,40.0,40,0.0,1600.0,0.0,1600.0,PROD_SK_008
ITEM_SK_01216,10709,51,53.0,28,0.0,1484.0,0.0,1484.0,PROD_SK_051
ITEM_SK_01217,10709,60,34.0,10,0.0,340.0,0.0,340.0,PROD_SK_060
ITEM_SK_01218,10710,19,9.2,5,0.0,46.0,0.0,46.0,PROD_SK_019
ITEM_SK_01219,10710,47,9.5,5,0.0,47.5,0.0,47.5,PROD_SK_047
ITEM_SK_01220,10711,19,9.2,12,0.0,110.4,0.0,110.4,PROD_SK_019
ITEM_SK_01221,10711,41,9.65,42,0.0,405.3,0.0,405.3,PROD_SK_041
ITEM_SK_01222,10711,53,32.8,120,0.0,3936.0,0.0,3936.0,PROD_SK_053
ITEM_SK_01223,10712,53,32.8,3,0.05,98.4,4.92,93.48,PROD_SK_053
ITEM_SK_01224,10712,56,38.0,30,0.0,1140.0,0.0,1140.0,PROD_SK_056
ITEM_SK_01225,10713,10,31.0,18,0.0,558.0,0.0,558.0,PROD_SK_010
ITEM_SK_01226,10713,26,31.23,30,0.0,936.9,0.0,936.9,PROD_SK_026
ITEM_SK_01227,10713,45,9.5,110,0.0,1045.0,0.0,1045.0,PROD_SK_045
ITEM_SK_01228,10713,46,12.0,24,0.0,288.0,0.0,288.0,PROD_SK_046
ITEM_SK_01229,10714,2,19.0,30,0.25,570.0,142.5,427.5,PROD_SK_002
ITEM_SK_01230,10714,17,39.0,27,0.25,1053.0,263.25,789.75,PROD_SK_017
ITEM_SK_01231,10714,47,9.5,50,0.25,475.0,118.75,356.25,PROD_SK_047
ITEM_SK_01232,10714,56,38.0,18,0.25,684.0,171.0,513.0,PROD_SK_056
ITEM_SK_01233,10714,58,13.25,12,0.25,159.0,39.75,119.25,PROD_SK_058
ITEM_SK_01234,10715,10,31.0,21,0.0,651.0,0.0,651.0,PROD_SK_010
ITEM_SK_01235,10715,71,21.5,30,0.0,645.0,0.0,645.0,PROD_SK_071
ITEM_SK_01236,10716,21,10.0,5,0.0,50.0,0.0,50.0,PROD_SK_021
ITEM_SK_01237,10716,51,53.0,7,0.0,371.0,0.0,371.0,PROD_SK_051
ITEM_SK_01238,10716,61,28.5,10,0.0,285.0,0.0,285.0,PROD_SK_061
ITEM_SK_01239,10717,21,10.0,32,0.05,320.0,16.0,304.0,PROD_SK_021
ITEM_SK_01240,10717,54,7.45,15,0.0,111.75,0.0,111.75,PROD_SK_054
ITEM_SK_01241,10717,69,36.0,25,0.05,900.0,45.0,855.0,PROD_SK_069
ITEM_SK_01242,10718,12,38.0,36,0.0,1368.0,0.0,1368.0,PROD_SK_012
ITEM_SK_01243,10718,16,17.45,20,0.0,349.0,0.0,349.0,PROD_SK_016
ITEM_SK_01244,10718,36,19.0,40,0.0,760.0,0.0,760.0,PROD_SK_036
ITEM_SK_01245,10718,62,49.3,20,0.0,986.0,0.0,986.0,PROD_SK_062
ITEM_SK_01246,10719,18,62.5,12,0.25,750.0,187.5,562.5,PROD_SK_018
ITEM_SK_01247,10719,30,25.89,3,0.25,77.67,19.42,58.25,PROD_SK_030
ITEM_SK_01248,10719,54,7.45,40,0.25,298.0,74.5,223.5,PROD_SK_054
ITEM_SK_01249,10720,35,18.0,21,0.0,378.0,0.0,378.0,PROD_SK_035
ITEM_SK_01250,10720,71,21.5,8,0.0,172.0,0.0,172.0,PROD_SK_071
ITEM_SK_01251,10721,44,19.45,50,0.05,972.5,48.62,923.88,PROD_SK_044
ITEM_SK_01252,10722,2,19.0,3,0.0,57.0,0.0,57.0,PROD_SK_002
ITEM_SK_01253,10722,31,12.5,50,0.0,625.0,0.0,625.0,PROD_SK_031
ITEM_SK_01254,10722,68,12.5,45,0.0,562.5,0.0,562.5,PROD_SK_068
ITEM_SK_01255,10722,75,7.75,42,0.0,325.5,0.0,325.5,PROD_SK_075
ITEM_SK_01256,10723,26,31.23,15,0.0,468.45,0.0,468.45,PROD_SK_026
ITEM_SK_01257,10724,10,31.0,16,0.0,496.0,0.0,496.0,PROD_SK_010
ITEM_SK_01258,10724,61,28.5,5,0.0,142.5,0.0,142.5,PROD_SK_061
ITEM_SK_01259,10725,41,9.65,12,0.0,115.8,0.0,115.8,PROD_SK_041
ITEM_SK_01260,10725,52,7.0,4,0.0,28.0,0.0,28.0,PROD_SK_052
ITEM_SK_01261,10725,55,24.0,6,0.0,144.0,0.0,144.0,PROD_SK_055
ITEM_SK_01262,10726,4,22.0,25,0.0,550.0,0.0,550.0,PROD_SK_004
ITEM_SK_01263,10726,11,21.0,5,0.0,105.0,0.0,105.0,PROD_SK_011
ITEM_SK_01264,10727,17,39.0,20,0.05,780.0,39.0,741.0,PROD_SK_017
ITEM_SK_01265,10727,56,38.0,10,0.05,380.0,19.0,361.0,PROD_SK_056
ITEM_SK_01266,10727,59,55.0,10,0.05,550.0,27.5,522.5,PROD_SK_059
ITEM_SK_01267,10728,30,25.89,15,0.0,388.35,0.0,388.35,PROD_SK_030
ITEM_SK_01268,10728,40,18.4,6,0.0,110.4,0.0,110.4,PROD_SK_040
ITEM_SK_01269,10728,55,24.0,12,0.0,288.0,0.0,288.0,PROD_SK_055
ITEM_SK_01270,10728,60,34.0,15,0.0,510.0,0.0,510.0,PROD_SK_060
ITEM_SK_01271,10729,1,18.0,50,0.0,900.0,0.0,900.0,PROD_SK_001
ITEM_SK_01272,10729,21,10.0,30,0.0,300.0,0.0,300.0,PROD_SK_021
ITEM_SK_01273,10729,50,16.25,40,0.0,650.0,0.0,650.0,PROD_SK_050
ITEM_SK_01274,10730,16,17.45,15,0.05,261.75,13.09,248.66,PROD_SK_016
ITEM_SK_01275,10730,31,12.5,3,0.05,37.5,1.88,35.62,PROD_SK_031
ITEM_SK_01276,10730,65,21.05,10,0.05,210.5,10.52,199.98,PROD_SK_065
ITEM_SK_01277,10731,21,10.0,40,0.05,400.0,20.0,380.0,PROD_SK_021
ITEM_SK_01278,10731,51,53.0,30,0.05,1590.0,79.5,1510.5,PROD_SK_051
ITEM_SK_01279,10732,76,18.0,20,0.0,360.0,0.0,360.0,PROD_SK_076
ITEM_SK_01280,10733,14,23.25,16,0.0,372.0,0.0,372.0,PROD_SK_014
ITEM_SK_01281,10733,28,45.6,20,0.0,912.0,0.0,912.0,PROD_SK_028
ITEM_SK_01282,10733,52,7.0,25,0.0,175.0,0.0,175.0,PROD_SK_052
ITEM_SK_01283,10734,6,25.0,30,0.0,750.0,0.0,750.0,PROD_SK_006
ITEM_SK_01284,10734,30,25.89,15,0.0,388.35,0.0,388.35,PROD_SK_030
ITEM_SK_01285,10734,76,18.0,20,0.0,360.0,0.0,360.0,PROD_SK_076
ITEM_SK_01286,10735,61,28.5,20,0.1,570.0,57.0,513.0,PROD_SK_061
ITEM_SK_01287,10735,77,13.0,2,0.1,26.0,2.6,23.4,PROD_SK_077
ITEM_SK_01288,10736,65,21.05,40,0.0,842.0,0.0,842.0,PROD_SK_065
ITEM_SK_01289,10736,75,7.75,20,0.0,155.0,0.0,155.0,PROD_SK_075
ITEM_SK_01290,10737,13,6.0,4,0.0,24.0,0.0,24.0,PROD_SK_013
ITEM_SK_01291,10737,41,9.65,12,0.0,115.8,0.0,115.8,PROD_SK_041
ITEM_SK_01292,10738,16,17.45,3,0.0,52.35,0.0,52.35,PROD_SK_016
ITEM_SK_01293,10739,36,19.0,6,0.0,114.0,0.0,114.0,PROD_SK_036
ITEM_SK_01294,10739,52,7.0,18,0.0,126.0,0.0,126.0,PROD_SK_052
ITEM_SK_01295,10740,28,45.6,5,0.2,228.0,45.6,182.4,PROD_SK_028
ITEM_SK_01296,10740,35,18.0,35,0.2,630.0,126.0,504.0,PROD_SK_035
ITEM_SK_01297,10740,45,9.5,40,0.2,380.0,76.0,304.0,PROD_SK_045
ITEM_SK_01298,10740,56,38.0,14,0.2,532.0,106.4,425.6,PROD_SK_056
ITEM_SK_01299,10741,2,19.0,15,0.2,285.0,57.0,228.0,PROD_SK_002
ITEM_SK_01300,10742,3,10.0,20,0.0,200.0,0.0,200.0,PROD_SK_003
ITEM_SK_01301,10742,60,34.0,50,0.0,1700.0,0.0,1700.0,PROD_SK_060
ITEM_SK_01302,10742,72,34.8,35,0.0,1218.0,0.0,1218.0,PROD_SK_072
ITEM_SK_01303,10743,46,12.0,28,0.05,336.0,16.8,319.2,PROD_SK_046
ITEM_SK_01304,10744,40,18.4,50,0.2,920.0,184.0,736.0,PROD_SK_040
ITEM_SK_01305,10745,18,62.5,24,0.0,1500.0,0.0,1500.0,PROD_SK_018
ITEM_SK_01306,10745,44,19.45,16,0.0,311.2,0.0,311.2,PROD_SK_044
ITEM_SK_01307,10745,59,55.0,45,0.0,2475.0,0.0,2475.0,PROD_SK_059
ITEM_SK_01308,10745,72,34.8,7,0.0,243.6,0.0,243.6,PROD_SK_072
ITEM_SK_01309,10746,13,6.0,6,0.0,36.0,0.0,36.0,PROD_SK_013
ITEM_SK_01310,10746,42,14.0,28,0.0,392.0,0.0,392.0,PROD_SK_042
ITEM_SK_01311,10746,62,49.3,9,0.0,443.7,0.0,443.7,PROD_SK_062
ITEM_SK_01312,10746,69,36.0,40,0.0,1440.0,0.0,1440.0,PROD_SK_069
ITEM_SK_01313,10747,31,12.5,8,0.0,100.0,0.0,100.0,PROD_SK_031
ITEM_SK_01314,10747,41,9.65,35,0.0,337.75,0.0,337.75,PROD_SK_041
ITEM_SK_01315,10747,63,43.9,9,0.0,395.1,0.0,395.1,PROD_SK_063
ITEM_SK_01316,10747,69,36.0,30,0.0,1080.0,0.0,1080.0,PROD_SK_069
ITEM_SK_01317,10748,23,9.0,44,0.0,396.0,0.0,396.0,PROD_SK_023
ITEM_SK_01318,10748,40,18.4,40,0.0,736.0,0.0,736.0,PROD_SK_040
ITEM_SK_01319,10748,56,38.0,28,0.0,1064.0,0.0,1064.0,PROD_SK_056
ITEM_SK_01320,10749,56,38.0,15,0.0,570.0,0.0,570.0,PROD_SK_056
ITEM_SK_01321,10749,59,55.0,6,0.0,330.0,0.0,330.0,PROD_SK_059
ITEM_SK_01322,10749,76,18.0,10,0.0,180.0,0.0,180.0,PROD_SK_076
ITEM_SK_01323,10750,14,23.25,5,0.15,116.25,17.44,98.81,PROD_SK_014
ITEM_SK_01324,10750,45,9.5,40,0.15,380.0,57.0,323.0,PROD_SK_045
ITEM_SK_01325,10750,59,55.0,25,0.15,1375.0,206.25,1168.75,PROD_SK_059
ITEM_SK_01326,10751,26,31.23,12,0.1,374.76,37.48,337.28,PROD_SK_026
ITEM_SK_01327,10751,30,25.89,30,0.0,776.7,0.0,776.7,PROD_SK_030
ITEM_SK_01328,10751,50,16.25,20,0.1,325.0,32.5,292.5,PROD_SK_050
ITEM_SK_01329,10751,73,15.0,15,0.0,225.0,0.0,225.0,PROD_SK_073
ITEM_SK_01330,10752,1,18.0,8,0.0,144.0,0.0,144.0,PROD_SK_001
ITEM_SK_01331,10752,69,36.0,3,0.0,108.0,0.0,108.0,PROD_SK_069
ITEM_SK_01332,10753,45,9.5,4,0.0,38.0,0.0,38.0,PROD_SK_045
ITEM_SK_01333,10753,74,10.0,5,0.0,50.0,0.0,50.0,PROD_SK_074
ITEM_SK_01334,10754,40,18.4,3,0.0,55.2,0.0,55.2,PROD_SK_040
ITEM_SK_01335,10755,47,9.5,30,0.25,285.0,71.25,213.75,PROD_SK_047
ITEM_SK_01336,10755,56,38.0,30,0.25,1140.0,285.0,855.0,PROD_SK_056
ITEM_SK_01337,10755,57,19.5,14,0.25,273.0,68.25,204.75,PROD_SK_057
ITEM_SK_01338,10755,69,36.0,25,0.25,900.0,225.0,675.0,PROD_SK_069
ITEM_SK_01339,10756,18,62.5,21,0.2,1312.5,262.5,1050.0,PROD_SK_018
ITEM_SK_01340,10756,36,19.0,20,0.2,380.0,76.0,304.0,PROD_SK_036
ITEM_SK_01341,10756,68,12.5,6,0.2,75.0,15.0,60.0,PROD_SK_068
ITEM_SK_01342,10756,69,36.0,20,0.2,720.0,144.0,576.0,PROD_SK_069
ITEM_SK_01343,10757,34,14.0,30,0.0,420.0,0.0,420.0,PROD_SK_034
ITEM_SK_01344,10757,59,55.0,7,0.0,385.0,0.0,385.0,PROD_SK_059
ITEM_SK_01345,10757,62,49.3,30,0.0,1479.0,0.0,1479.0,PROD_SK_062
ITEM_SK_01346,10757,64,33.25,24,0.0,798.0,0.0,798.0,PROD_SK_064
ITEM_SK_01347,10758,26,31.23,20,0.0,624.6,0.0,624.6,PROD_SK_026
ITEM_SK_01348,10758,52,7.0,60,0.0,420.0,0.0,420.0,PROD_SK_052
ITEM_SK_01349,10758,70,15.0,40,0.0,600.0,0.0,600.0,PROD_SK_070
ITEM_SK_01350,10759,32,32.0,10,0.0,320.0,0.0,320.0,PROD_SK_032
ITEM_SK_01351,10760,25,14.0,12,0.25,168.0,42.0,126.0,PROD_SK_025
ITEM_SK_01352,10760,27,43.9,40,0.0,1756.0,0.0,1756.0,PROD_SK_027
ITEM_SK_01353,10760,43,46.0,30,0.25,1380.0,345.0,1035.0,PROD_SK_043
ITEM_SK_01354,10761,25,14.0,35,0.25,490.0,122.5,367.5,PROD_SK_025
ITEM_SK_01355,10761,75,7.75,18,0.0,139.5,0.0,139.5,PROD_SK_075
ITEM_SK_01356,10762,39,18.0,16,0.0,288.0,0.0,288.0,PROD_SK_039
ITEM_SK_01357,10762,47,9.5,30,0.0,285.0,0.0,285.0,PROD_SK_047
ITEM_SK_01358,10762,51,53.0,28,0.0,1484.0,0.0,1484.0,PROD_SK_051
ITEM_SK_01359,10762,56,38.0,60,0.0,2280.0,0.0,2280.0,PROD_SK_056
ITEM_SK_01360,10763,21,10.0,40,0.0,400.0,0.0,400.0,PROD_SK_021
ITEM_SK_01361,10763,22,21.0,6,0.0,126.0,0.0,126.0,PROD_SK_022
ITEM_SK_01362,10763,24,4.5,20,0.0,90.0,0.0,90.0,PROD_SK_024
ITEM_SK_01363,10764,3,10.0,20,0.1,200.0,20.0,180.0,PROD_SK_003
ITEM_SK_01364,10764,39,18.0,130,0.1,2340.0,234.0,2106.0,PROD_SK_039
ITEM_SK_01365,10765,65,21.05,80,0.1,1684.0,168.4,1515.6,PROD_SK_065
ITEM_SK_01366,10766,2,19.0,40,0.0,760.0,0.0,760.0,PROD_SK_002
ITEM_SK_01367,10766,7,30.0,35,0.0,1050.0,0.0,1050.0,PROD_SK_007
ITEM_SK_01368,10766,68,12.5,40,0.0,500.0,0.0,500.0,PROD_SK_068
ITEM_SK_01369,10767,42,14.0,2,0.0,28.0,0.0,28.0,PROD_SK_042
ITEM_SK_01370,10768,22,21.0,4,0.0,84.0,0.0,84.0,PROD_SK_022
ITEM_SK_01371,10768,31,12.5,50,0.0,625.0,0.0,625.0,PROD_SK_031
ITEM_SK_01372,10768,60,34.0,15,0.0,510.0,0.0,510.0,PROD_SK_060
ITEM_SK_01373,10768,71,21.5,12,0.0,258.0,0.0,258.0,PROD_SK_071
ITEM_SK_01374,10769,41,9.65,30,0.05,289.5,14.48,275.02,PROD_SK_041
ITEM_SK_01375,10769,52,7.0,15,0.05,105.0,5.25,99.75,PROD_SK_052
ITEM_SK_01376,10769,61,28.5,20,0.0,570.0,0.0,570.0,PROD_SK_061
ITEM_SK_01377,10769,62,49.3,15,0.0,739.5,0.0,739.5,PROD_SK_062
ITEM_SK_01378,10770,11,21.0,15,0.25,315.0,78.75,236.25,PROD_SK_011
ITEM_SK_01379,10771,71,21.5,16,0.0,344.0,0.0,344.0,PROD_SK_071
ITEM_SK_01380,10772,29,123.79,18,0.0,2228.22,0.0,2228.22,PROD_SK_029
ITEM_SK_01381,10772,59,55.0,25,0.0,1375.0,0.0,1375.0,PROD_SK_059
ITEM_SK_01382,10773,17,39.0,33,0.0,1287.0,0.0,1287.0,PROD_SK_017
ITEM_SK_01383,10773,31,12.5,70,0.2,875.0,175.0,700.0,PROD_SK_031
ITEM_SK_01384,10773,75,7.75,7,0.2,54.25,10.85,43.4,PROD_SK_075
ITEM_SK_01385,10774,31,12.5,2,0.25,25.0,6.25,18.75,PROD_SK_031
ITEM_SK_01386,10774,66,17.0,50,0.0,850.0,0.0,850.0,PROD_SK_066
ITEM_SK_01387,10775,10,31.0,6,0.0,186.0,0.0,186.0,PROD_SK_010
ITEM_SK_01388,10775,67,14.0,3,0.0,42.0,0.0,42.0,PROD_SK_067
ITEM_SK_01389,10776,31,12.5,16,0.05,200.0,10.0,190.0,PROD_SK_031
ITEM_SK_01390,10776,42,14.0,12,0.05,168.0,8.4,159.6,PROD_SK_042
ITEM_SK_01391,10776,45,9.5,27,0.05,256.5,12.82,243.68,PROD_SK_045
ITEM_SK_01392,10776,51,53.0,120,0.05,6360.0,318.0,6042.0,PROD_SK_051
ITEM_SK_01393,10777,42,14.0,20,0.2,280.0,56.0,224.0,PROD_SK_042
ITEM_SK_01394,10778,41,9.65,10,0.0,96.5,0.0,96.5,PROD_SK_041
ITEM_SK_01395,10779,16,17.45,20,0.0,349.0,0.0,349.0,PROD_SK_016
ITEM_SK_01396,10779,62,49.3,20,0.0,986.0,0.0,986.0,PROD_SK_062
ITEM_SK_01397,10780,70,15.0,35,0.0,525.0,0.0,525.0,PROD_SK_070
ITEM_SK_01398,10780,77,13.0,15,0.0,195.0,0.0,195.0,PROD_SK_077
ITEM_SK_01399,10781,54,7.45,3,0.2,22.35,4.47,17.88,PROD_SK_054
ITEM_SK_01400,10781,56,38.0,20,0.2,760.0,152.0,608.0,PROD_SK_056
ITEM_SK_01401,10781,74,10.0,35,0.0,350.0,0.0,350.0,PROD_SK_074
ITEM_SK_01402,10782,31,12.5,1,0.0,12.5,0.0,12.5,PROD_SK_031
ITEM_SK_01403,10783,31,12.5,10,0.0,125.0,0.0,125.0,PROD_SK_031
ITEM_SK_01404,10783,38,263.5,5,0.0,1317.5,0.0,1317.5,PROD_SK_038
ITEM_SK_01405,10784,36,19.0,30,0.0,570.0,0.0,570.0,PROD_SK_036
ITEM_SK_01406,10784,39,18.0,2,0.15,36.0,5.4,30.6,PROD_SK_039
ITEM_SK_01407,10784,72,34.8,30,0.15,1044.0,156.6,887.4,PROD_SK_072
ITEM_SK_01408,10785,10,31.0,10,0.0,310.0,0.0,310.0,PROD_SK_010
ITEM_SK_01409,10785,75,7.75,10,0.0,77.5,0.0,77.5,PROD_SK_075
ITEM_SK_01410,10786,8,40.0,30,0.2,1200.0,240.0,960.0,PROD_SK_008
ITEM_SK_01411,10786,30,25.89,15,0.2,388.35,77.67,310.68,PROD_SK_030
ITEM_SK_01412,10786,75,7.75,42,0.2,325.5,65.1,260.4,PROD_SK_075
ITEM_SK_01413,10787,2,19.0,15,0.05,285.0,14.25,270.75,PROD_SK_002
ITEM_SK_01414,10787,29,123.79,20,0.05,2475.8,123.79,2352.01,PROD_SK_029
ITEM_SK_01415,10788,19,9.2,50,0.05,460.0,23.0,437.0,PROD_SK_019
ITEM_SK_01416,10788,75,7.75,40,0.05,310.0,15.5,294.5,PROD_SK_075
ITEM_SK_01417,10789,18,62.5,30,0.0,1875.0,0.0,1875.0,PROD_SK_018
ITEM_SK_01418,10789,35,18.0,15,0.0,270.0,0.0,270.0,PROD_SK_035
ITEM_SK_01419,10789,63,43.9,30,0.0,1317.0,0.0,1317.0,PROD_SK_063
ITEM_SK_01420,10789,68,12.5,18,0.0,225.0,0.0,225.0,PROD_SK_068
ITEM_SK_01421,10790,7,30.0,3,0.15,90.0,13.5,76.5,PROD_SK_007
ITEM_SK_01422,10790,56,38.0,20,0.15,760.0,114.0,646.0,PROD_SK_056
ITEM_SK_01423,10791,29,123.79,14,0.05,1733.06,86.65,1646.41,PROD_SK_029
ITEM_SK_01424,10791,41,9.65,20,0.05,193.0,9.65,183.35,PROD_SK_041
ITEM_SK_01425,10792,2,19.0,10,0.0,190.0,0.0,190.0,PROD_SK_002
ITEM_SK_01426,10792,54,7.45,3,0.0,22.35,0.0,22.35,PROD_SK_054
ITEM_SK_01427,10792,68,12.5,15,0.0,187.5,0.0,187.5,PROD_SK_068
ITEM_SK_01428,10793,41,9.65,14,0.0,135.1,0.0,135.1,PROD_SK_041
ITEM_SK_01429,10793,52,7.0,8,0.0,56.0,0.0,56.0,PROD_SK_052
ITEM_SK_01430,10794,14,23.25,15,0.2,348.75,69.75,279.0,PROD_SK_014
ITEM_SK_01431,10794,54,7.45,6,0.2,44.7,8.94,35.76,PROD_SK_054
ITEM_SK_01432,10795,16,17.45,65,0.0,1134.25,0.0,1134.25,PROD_SK_016
ITEM_SK_01433,10795,17,39.0,35,0.25,1365.0,341.25,1023.75,PROD_SK_017
ITEM_SK_01434,10796,26,31.23,21,0.2,655.83,131.17,524.66,PROD_SK_026
ITEM_SK_01435,10796,44,19.45,10,0.0,194.5,0.0,194.5,PROD_SK_044
ITEM_SK_01436,10796,64,33.25,35,0.2,1163.75,232.75,931.0,PROD_SK_064
ITEM_SK_01437,10796,69,36.0,24,0.2,864.0,172.8,691.2,PROD_SK_069
ITEM_SK_01438,10797,11,21.0,20,0.0,420.0,0.0,420.0,PROD_SK_011
ITEM_SK_01439,10798,62,49.3,2,0.0,98.6,0.0,98.6,PROD_SK_062
ITEM_SK_01440,10798,72,34.8,10,0.0,348.0,0.0,348.0,PROD_SK_072
ITEM_SK_01441,10799,13,6.0,20,0.15,120.0,18.0,102.0,PROD_SK_013
ITEM_SK_01442,10799,24,4.5,20,0.15,90.0,13.5,76.5,PROD_SK_024
ITEM_SK_01443,10799,59,55.0,25,0.0,1375.0,0.0,1375.0,PROD_SK_059
ITEM_SK_01444,10800,11,21.0,50,0.1,1050.0,105.0,945.0,PROD_SK_011
ITEM_SK_01445,10800,51,53.0,10,0.1,530.0,53.0,477.0,PROD_SK_051
ITEM_SK_01446,10800,54,7.45,7,0.1,52.15,5.22,46.93,PROD_SK_054
ITEM_SK_01447,10801,17,39.0,40,0.25,1560.0,390.0,1170.0,PROD_SK_017
ITEM_SK_01448,10801,29,123.79,20,0.25,2475.8,618.95,1856.85,PROD_SK_029
ITEM_SK_01449,10802,30,25.89,25,0.25,647.25,161.81,485.44,PROD_SK_030
ITEM_SK_01450,10802,51,53.0,30,0.25,1590.0,397.5,1192.5,PROD_SK_051
ITEM_SK_01451,10802,55,24.0,60,0.25,1440.0,360.0,1080.0,PROD_SK_055
ITEM_SK_01452,10802,62,49.3,5,0.25,246.5,61.62,184.88,PROD_SK_062
ITEM_SK_01453,10803,19,9.2,24,0.05,220.8,11.04,209.76,PROD_SK_019
ITEM_SK_01454,10803,25,14.0,15,0.05,210.0,10.5,199.5,PROD_SK_025
ITEM_SK_01455,10803,59,55.0,15,0.05,825.0,41.25,783.75,PROD_SK_059
ITEM_SK_01456,10804,10,31.0,36,0.0,1116.0,0.0,1116.0,PROD_SK_010
ITEM_SK_01457,10804,28,45.6,24,0.0,1094.4,0.0,1094.4,PROD_SK_028
ITEM_SK_01458,10804,49,20.0,4,0.15,80.0,12.0,68.0,PROD_SK_049
ITEM_SK_01459,10805,34,14.0,10,0.0,140.0,0.0,140.0,PROD_SK_034
ITEM_SK_01460,10805,38,263.5,10,0.0,2635.0,0.0,2635.0,PROD_SK_038
ITEM_SK_01461,10806,2,19.0,20,0.25,380.0,95.0,285.0,PROD_SK_002
ITEM_SK_01462,10806,65,21.05,2,0.0,42.1,0.0,42.1,PROD_SK_065
ITEM_SK_01463,10806,74,10.0,15,0.25,150.0,37.5,112.5,PROD_SK_074
ITEM_SK_01464,10807,40,18.4,1,0.0,18.4,0.0,18.4,PROD_SK_040
ITEM_SK_01465,10808,56,38.0,20,0.15,760.0,114.0,646.0,PROD_SK_056
ITEM_SK_01466,10808,76,18.0,50,0.15,900.0,135.0,765.0,PROD_SK_076
ITEM_SK_01467,10809,52,7.0,20,0.0,140.0,0.0,140.0,PROD_SK_052
ITEM_SK_01468,10810,13,6.0,7,0.0,42.0,0.0,42.0,PROD_SK_013
ITEM_SK_01469,10810,25,14.0,5,0.0,70.0,0.0,70.0,PROD_SK_025
ITEM_SK_01470,10810,70,15.0,5,0.0,75.0,0.0,75.0,PROD_SK_070
ITEM_SK_01471,10811,19,9.2,15,0.0,138.0,0.0,138.0,PROD_SK_019
ITEM_SK_01472,10811,23,9.0,18,0.0,162.0,0.0,162.0,PROD_SK_023
ITEM_SK_01473,10811,40,18.4,30,0.0,552.0,0.0,552.0,PROD_SK_040
ITEM_SK_01474,10812,31,12.5,16,0.1,200.0,20.0,180.0,PROD_SK_031
ITEM_SK_01475,10812,72,34.8,40,0.1,1392.0,139.2,1252.8,PROD_SK_072
ITEM_SK_01476,10812,77,13.0,20,0.0,260.0,0.0,260.0,PROD_SK_077
ITEM_SK_01477,10813,2,19.0,12,0.2,228.0,45.6,182.4,PROD_SK_002
ITEM_SK_01478,10813,46,12.0,35,0.0,420.0,0.0,420.0,PROD_SK_046
ITEM_SK_01479,10814,41,9.65,20,0.0,193.0,0.0,193.0,PROD_SK_041
ITEM_SK_01480,10814,43,46.0,20,0.15,920.0,138.0,782.0,PROD_SK_043
ITEM_SK_01481,10814,48,12.75,8,0.15,102.0,15.3,86.7,PROD_SK_048
ITEM_SK_01482,10814,61,28.5,30,0.15,855.0,128.25,726.75,PROD_SK_061
ITEM_SK_01483,10815,33,2.5,16,0.0,40.0,0.0,40.0,PROD_SK_033
ITEM_SK_01484,10816,38,263.5,30,0.05,7905.0,395.25,7509.75,PROD_SK_038
ITEM_SK_01485,10816,62,49.3,20,0.05,986.0,49.3,936.7,PROD_SK_062
ITEM_SK_01486,10817,26,31.23,40,0.15,1249.2,187.38,1061.82,PROD_SK_026
ITEM_SK_01487,10817,38,263.5,30,0.0,7905.0,0.0,7905.0,PROD_SK_038
ITEM_SK_01488,10817,40,18.4,60,0.15,1104.0,165.6,938.4,PROD_SK_040
ITEM_SK_01489,10817,62,49.3,25,0.15,1232.5,184.88,1047.62,PROD_SK_062
ITEM_SK_01490,10818,32,32.0,20,0.0,640.0,0.0,640.0,PROD_SK_032
ITEM_SK_01491,10818,41,9.65,20,0.0,193.0,0.0,193.0,PROD_SK_041
ITEM_SK_01492,10819,43,46.0,7,0.0,322.0,0.0,322.0,PROD_SK_043
ITEM_SK_01493,10819,75,7.75,20,0.0,155.0,0.0,155.0,PROD_SK_075
ITEM_SK_01494,10820,56,38.0,30,0.0,1140.0,0.0,1140.0,PROD_SK_056
ITEM_SK_01495,10821,35,18.0,20,0.0,360.0,0.0,360.0,PROD_SK_035
ITEM_SK_01496,10821,51,53.0,6,0.0,318.0,0.0,318.0,PROD_SK_051
ITEM_SK_01497,10822,62,49.3,3,0.0,147.9,0.0,147.9,PROD_SK_062
ITEM_SK_01498,10822,70,15.0,6,0.0,90.0,0.0,90.0,PROD_SK_070
ITEM_SK_01499,10823,11,21.0,20,0.1,420.0,42.0,378.0,PROD_SK_011
ITEM_SK_01500,10823,57,19.5,15,0.0,292.5,0.0,292.5,PROD_SK_057
ITEM_SK_01501,10823,59,55.0,40,0.1,2200.0,220.0,1980.0,PROD_SK_059
ITEM_SK_01502,10823,77,13.0,15,0.1,195.0,19.5,175.5,PROD_SK_077
ITEM_SK_01503,10824,41,9.65,12,0.0,115.8,0.0,115.8,PROD_SK_041
ITEM_SK_01504,10824,70,15.0,9,0.0,135.0,0.0,135.0,PROD_SK_070
ITEM_SK_01505,10825,26,31.23,12,0.0,374.76,0.0,374.76,PROD_SK_026
ITEM_SK_01506,10825,53,32.8,20,0.0,656.0,0.0,656.0,PROD_SK_053
ITEM_SK_01507,10826,31,12.5,35,0.0,437.5,0.0,437.5,PROD_SK_031
ITEM_SK_01508,10826,57,19.5,15,0.0,292.5,0.0,292.5,PROD_SK_057
ITEM_SK_01509,10827,10,31.0,15,0.0,465.0,0.0,465.0,PROD_SK_010
ITEM_SK_01510,10827,39,18.0,21,0.0,378.0,0.0,378.0,PROD_SK_039
ITEM_SK_01511,10828,20,81.0,5,0.0,405.0,0.0,405.0,PROD_SK_020
ITEM_SK_01512,10828,38,263.5,2,0.0,527.0,0.0,527.0,PROD_SK_038
ITEM_SK_01513,10829,2,19.0,10,0.0,190.0,0.0,190.0,PROD_SK_002
ITEM_SK_01514,10829,8,40.0,20,0.0,800.0,0.0,800.0,PROD_SK_008
ITEM_SK_01515,10829,13,6.0,10,0.0,60.0,0.0,60.0,PROD_SK_013
ITEM_SK_01516,10829,60,34.0,21,0.0,714.0,0.0,714.0,PROD_SK_060
ITEM_SK_01517,10830,6,25.0,6,0.0,150.0,0.0,150.0,PROD_SK_006
ITEM_SK_01518,10830,39,18.0,28,0.0,504.0,0.0,504.0,PROD_SK_039
ITEM_SK_01519,10830,60,34.0,30,0.0,1020.0,0.0,1020.0,PROD_SK_060
ITEM_SK_01520,10830,68,12.5,24,0.0,300.0,0.0,300.0,PROD_SK_068
ITEM_SK_01521,10831,19,9.2,2,0.0,18.4,0.0,18.4,PROD_SK_019
ITEM_SK_01522,10831,35,18.0,8,0.0,144.0,0.0,144.0,PROD_SK_035
ITEM_SK_01523,10831,38,263.5,8,0.0,2108.0,0.0,2108.0,PROD_SK_038
ITEM_SK_01524,10831,43,46.0,9,0.0,414.0,0.0,414.0,PROD_SK_043
ITEM_SK_01525,10832,13,6.0,3,0.2,18.0,3.6,14.4,PROD_SK_013
ITEM_SK_01526,10832,25,14.0,10,0.2,140.0,28.0,112.0,PROD_SK_025
ITEM_SK_01527,10832,44,19.45,16,0.2,311.2,62.24,248.96,PROD_SK_044
ITEM_SK_01528,10832,64,33.25,3,0.0,99.75,0.0,99.75,PROD_SK_064
ITEM_SK_01529,10833,7,30.0,20,0.1,600.0,60.0,540.0,PROD_SK_007
ITEM_SK_01530,10833,31,12.5,9,0.1,112.5,11.25,101.25,PROD_SK_031
ITEM_SK_01531,10833,53,32.8,9,0.1,295.2,29.52,265.68,PROD_SK_053
ITEM_SK_01532,10834,29,123.79,8,0.05,990.32,49.52,940.8,PROD_SK_029
ITEM_SK_01533,10834,30,25.89,20,0.05,517.8,25.89,491.91,PROD_SK_030
ITEM_SK_01534,10835,59,55.0,15,0.0,825.0,0.0,825.0,PROD_SK_059
ITEM_SK_01535,10835,77,13.0,2,0.2,26.0,5.2,20.8,PROD_SK_077
ITEM_SK_01536,10836,22,21.0,52,0.0,1092.0,0.0,1092.0,PROD_SK_022
ITEM_SK_01537,10836,35,18.0,6,0.0,108.0,0.0,108.0,PROD_SK_035
ITEM_SK_01538,10836,57,19.5,24,0.0,468.0,0.0,468.0,PROD_SK_057
ITEM_SK_01539,10836,60,34.0,60,0.0,2040.0,0.0,2040.0,PROD_SK_060
ITEM_SK_01540,10836,64,33.25,30,0.0,997.5,0.0,997.5,PROD_SK_064
ITEM_SK_01541,10837,13,6.0,6,0.0,36.0,0.0,36.0,PROD_SK_013
ITEM_SK_01542,10837,40,18.4,25,0.0,460.0,0.0,460.0,PROD_SK_040
ITEM_SK_01543,10837,47,9.5,40,0.25,380.0,95.0,285.0,PROD_SK_047
ITEM_SK_01544,10837,76,18.0,21,0.25,378.0,94.5,283.5,PROD_SK_076
ITEM_SK_01545,10838,1,18.0,4,0.25,72.0,18.0,54.0,PROD_SK_001
ITEM_SK_01546,10838,18,62.5,25,0.25,1562.5,390.62,1171.88,PROD_SK_018
ITEM_SK_01547,10838,36,19.0,50,0.25,950.0,237.5,712.5,PROD_SK_036
ITEM_SK_01548,10839,58,13.25,30,0.1,397.5,39.75,357.75,PROD_SK_058
ITEM_SK_01549,10839,72,34.8,15,0.1,522.0,52.2,469.8,PROD_SK_072
ITEM_SK_01550,10840,25,14.0,6,0.2,84.0,16.8,67.2,PROD_SK_025
ITEM_SK_01551,10840,39,18.0,10,0.2,180.0,36.0,144.0,PROD_SK_039
ITEM_SK_01552,10841,10,31.0,16,0.0,496.0,0.0,496.0,PROD_SK_010
ITEM_SK_01553,10841,56,38.0,30,0.0,1140.0,0.0,1140.0,PROD_SK_056
ITEM_SK_01554,10841,59,55.0,50,0.0,2750.0,0.0,2750.0,PROD_SK_059
ITEM_SK_01555,10841,77,13.0,15,0.0,195.0,0.0,195.0,PROD_SK_077
ITEM_SK_01556,10842,11,21.0,15,0.0,315.0,0.0,315.0,PROD_SK_011
ITEM_SK_01557,10842,43,46.0,5,0.0,230.0,0.0,230.0,PROD_SK_043
ITEM_SK_01558,10842,68,12.5,20,0.0,250.0,0.0,250.0,PROD_SK_068
ITEM_SK_01559,10842,70,15.0,12,0.0,180.0,0.0,180.0,PROD_SK_070
ITEM_SK_01560,10843,51,53.0,4,0.25,212.0,53.0,159.0,PROD_SK_051
ITEM_SK_01561,10844,22,21.0,35,0.0,735.0,0.0,735.0,PROD_SK_022
ITEM_SK_01562,10845,23,9.0,70,0.1,630.0,63.0,567.0,PROD_SK_023
ITEM_SK_01563,10845,35,18.0,25,0.1,450.0,45.0,405.0,PROD_SK_035
ITEM_SK_01564,10845,42,14.0,42,0.1,588.0,58.8,529.2,PROD_SK_042
ITEM_SK_01565,10845,58,13.25,60,0.1,795.0,79.5,715.5,PROD_SK_058
ITEM_SK_01566,10845,64,33.25,48,0.0,1596.0,0.0,1596.0,PROD_SK_064
ITEM_SK_01567,10846,4,22.0,21,0.0,462.0,0.0,462.0,PROD_SK_004
ITEM_SK_01568,10846,70,15.0,30,0.0,450.0,0.0,450.0,PROD_SK_070
ITEM_SK_01569,10846,74,10.0,20,0.0,200.0,0.0,200.0,PROD_SK_074
ITEM_SK_01570,10847,1,18.0,80,0.2,1440.0,288.0,1152.0,PROD_SK_001
ITEM_SK_01571,10847,19,9.2,12,0.2,110.4,22.08,88.32,PROD_SK_019
ITEM_SK_01572,10847,37,26.0,60,0.2,1560.0,312.0,1248.0,PROD_SK_037
ITEM_SK_01573,10847,45,9.5,36,0.2,342.0,68.4,273.6,PROD_SK_045
ITEM_SK_01574,10847,60,34.0,45,0.2,1530.0,306.0,1224.0,PROD_SK_060
ITEM_SK_01575,10847,71,21.5,55,0.2,1182.5,236.5,946.0,PROD_SK_071
ITEM_SK_01576,10848,5,21.35,30,0.0,640.5,0.0,640.5,PROD_SK_005
ITEM_SK_01577,10848,9,97.0,3,0.0,291.0,0.0,291.0,PROD_SK_009
ITEM_SK_01578,10849,3,10.0,49,0.0,490.0,0.0,490.0,PROD_SK_003
ITEM_SK_01579,10849,26,31.23,18,0.15,562.14,84.32,477.82,PROD_SK_026
ITEM_SK_01580,10850,25,14.0,20,0.15,280.0,42.0,238.0,PROD_SK_025
ITEM_SK_01581,10850,33,2.5,4,0.15,10.0,1.5,8.5,PROD_SK_033
ITEM_SK_01582,10850,70,15.0,30,0.15,450.0,67.5,382.5,PROD_SK_070
ITEM_SK_01583,10851,2,19.0,5,0.05,95.0,4.75,90.25,PROD_SK_002
ITEM_SK_01584,10851,25,14.0,10,0.05,140.0,7.0,133.0,PROD_SK_025
ITEM_SK_01585,10851,57,19.5,10,0.05,195.0,9.75,185.25,PROD_SK_057
ITEM_SK_01586,10851,59,55.0,42,0.05,2310.0,115.5,2194.5,PROD_SK_059
ITEM_SK_01587,10852,2,19.0,15,0.0,285.0,0.0,285.0,PROD_SK_002
ITEM_SK_01588,10852,17,39.0,6,0.0,234.0,0.0,234.0,PROD_SK_017
ITEM_SK_01589,10852,62,49.3,50,0.0,2465.0,0.0,2465.0,PROD_SK_062
ITEM_SK_01590,10853,18,62.5,10,0.0,625.0,0.0,625.0,PROD_SK_018
ITEM_SK_01591,10854,10,31.0,100,0.15,3100.0,465.0,2635.0,PROD_SK_010
ITEM_SK_01592,10854,13,6.0,65,0.15,390.0,58.5,331.5,PROD_SK_013
ITEM_SK_01593,10855,16,17.45,50,0.0,872.5,0.0,872.5,PROD_SK_016
ITEM_SK_01594,10855,31,12.5,14,0.0,175.0,0.0,175.0,PROD_SK_031
ITEM_SK_01595,10855,56,38.0,24,0.0,912.0,0.0,912.0,PROD_SK_056
ITEM_SK_01596,10855,65,21.05,15,0.15,315.75,47.36,268.39,PROD_SK_065
ITEM_SK_01597,10856,2,19.0,20,0.0,380.0,0.0,380.0,PROD_SK_002
ITEM_SK_01598,10856,42,14.0,20,0.0,280.0,0.0,280.0,PROD_SK_042
ITEM_SK_01599,10857,3,10.0,30,0.0,300.0,0.0,300.0,PROD_SK_003
ITEM_SK_01600,10857,26,31.23,35,0.25,1093.05,273.26,819.79,PROD_SK_026
ITEM_SK_01601,10857,29,123.79,10,0.25,1237.9,309.48,928.42,PROD_SK_029
ITEM_SK_01602,10858,7,30.0,5,0.0,150.0,0.0,150.0,PROD_SK_007
ITEM_SK_01603,10858,27,43.9,10,0.0,439.0,0.0,439.0,PROD_SK_027
ITEM_SK_01604,10858,70,15.0,4,0.0,60.0,0.0,60.0,PROD_SK_070
ITEM_SK_01605,10859,24,4.5,40,0.25,180.0,45.0,135.0,PROD_SK_024
ITEM_SK_01606,10859,54,7.45,35,0.25,260.75,65.19,195.56,PROD_SK_054
ITEM_SK_01607,10859,64,33.25,30,0.25,997.5,249.38,748.12,PROD_SK_064
ITEM_SK_01608,10860,51,53.0,3,0.0,159.0,0.0,159.0,PROD_SK_051
ITEM_SK_01609,10860,76,18.0,20,0.0,360.0,0.0,360.0,PROD_SK_076
ITEM_SK_01610,10861,17,39.0,42,0.0,1638.0,0.0,1638.0,PROD_SK_017
ITEM_SK_01611,10861,18,62.5,20,0.0,1250.0,0.0,1250.0,PROD_SK_018
ITEM_SK_01612,10861,21,10.0,40,0.0,400.0,0.0,400.0,PROD_SK_021
ITEM_SK_01613,10861,33,2.5,35,0.0,87.5,0.0,87.5,PROD_SK_033
ITEM_SK_01614,10861,62,49.3,3,0.0,147.9,0.0,147.9,PROD_SK_062
ITEM_SK_01615,10862,11,21.0,25,0.0,525.0,0.0,525.0,PROD_SK_011
ITEM_SK_01616,10862,52,7.0,8,0.0,56.0,0.0,56.0,PROD_SK_052
ITEM_SK_01617,10863,1,18.0,20,0.15,360.0,54.0,306.0,PROD_SK_001
ITEM_SK_01618,10863,58,13.25,12,0.15,159.0,23.85,135.15,PROD_SK_058
ITEM_SK_01619,10864,35,18.0,4,0.0,72.0,0.0,72.0,PROD_SK_035
ITEM_SK_01620,10864,67,14.0,15,0.0,210.0,0.0,210.0,PROD_SK_067
ITEM_SK_01621,10865,38,263.5,60,0.05,15810.0,790.5,15019.5,PROD_SK_038
ITEM_SK_01622,10865,39,18.0,80,0.05,1440.0,72.0,1368.0,PROD_SK_039
ITEM_SK_01623,10866,2,19.0,21,0.25,399.0,99.75,299.25,PROD_SK_002
ITEM_SK_01624,10866,24,4.5,6,0.25,27.0,6.75,20.25,PROD_SK_024
ITEM_SK_01625,10866,30,25.89,40,0.25,1035.6,258.9,776.7,PROD_SK_030
ITEM_SK_01626,10867,53,32.8,3,0.0,98.4,0.0,98.4,PROD_SK_053
ITEM_SK_01627,10868,26,31.23,20,0.0,624.6,0.0,624.6,PROD_SK_026
ITEM_SK_01628,10868,35,18.0,30,0.0,540.0,0.0,540.0,PROD_SK_035
ITEM_SK_01629,10868,49,20.0,42,0.1,840.0,84.0,756.0,PROD_SK_049
ITEM_SK_01630,10869,1,18.0,40,0.0,720.0,0.0,720.0,PROD_SK_001
ITEM_SK_01631,10869,11,21.0,10,0.0,210.0,0.0,210.0,PROD_SK_011
ITEM_SK_01632,10869,23,9.0,50,0.0,450.0,0.0,450.0,PROD_SK_023
ITEM_SK_01633,10869,68,12.5,20,0.0,250.0,0.0,250.0,PROD_SK_068
ITEM_SK_01634,10870,35,18.0,3,0.0,54.0,0.0,54.0,PROD_SK_035
ITEM_SK_01635,10870,51,53.0,2,0.0,106.0,0.0,106.0,PROD_SK_051
ITEM_SK_01636,10871,6,25.0,50,0.05,1250.0,62.5,1187.5,PROD_SK_006
ITEM_SK_01637,10871,16,17.45,12,0.05,209.4,10.47,198.93,PROD_SK_016
ITEM_SK_01638,10871,17,39.0,16,0.05,624.0,31.2,592.8,PROD_SK_017
ITEM_SK_01639,10872,55,24.0,10,0.05,240.0,12.0,228.0,PROD_SK_055
ITEM_SK_01640,10872,62,49.3,20,0.05,986.0,49.3,936.7,PROD_SK_062
ITEM_SK_01641,10872,64,33.25,15,0.05,498.75,24.94,473.81,PROD_SK_064
ITEM_SK_01642,10872,65,21.05,21,0.05,442.05,22.1,419.95,PROD_SK_065
ITEM_SK_01643,10873,21,10.0,20,0.0,200.0,0.0,200.0,PROD_SK_021
ITEM_SK_01644,10873,28,45.6,3,0.0,136.8,0.0,136.8,PROD_SK_028
ITEM_SK_01645,10874,10,31.0,10,0.0,310.0,0.0,310.0,PROD_SK_010
ITEM_SK_01646,10875,19,9.2,25,0.0,230.0,0.0,230.0,PROD_SK_019
ITEM_SK_01647,10875,47,9.5,21,0.1,199.5,19.95,179.55,PROD_SK_047
ITEM_SK_01648,10875,49,20.0,15,0.0,300.0,0.0,300.0,PROD_SK_049
ITEM_SK_01649,10876,46,12.0,21,0.0,252.0,0.0,252.0,PROD_SK_046
ITEM_SK_01650,10876,64,33.25,20,0.0,665.0,0.0,665.0,PROD_SK_064
ITEM_SK_01651,10877,16,17.45,30,0.25,523.5,130.88,392.62,PROD_SK_016
ITEM_SK_01652,10877,18,62.5,25,0.0,1562.5,0.0,1562.5,PROD_SK_018
ITEM_SK_01653,10878,20,81.0,20,0.05,1620.0,81.0,1539.0,PROD_SK_020
ITEM_SK_01654,10879,40,18.4,12,0.0,220.8,0.0,220.8,PROD_SK_040
ITEM_SK_01655,10879,65,21.05,10,0.0,210.5,0.0,210.5,PROD_SK_065
ITEM_SK_01656,10879,76,18.0,10,0.0,180.0,0.0,180.0,PROD_SK_076
ITEM_SK_01657,10880,23,9.0,30,0.2,270.0,54.0,216.0,PROD_SK_023
ITEM_SK_01658,10880,61,28.5,30,0.2,855.0,171.0,684.0,PROD_SK_061
ITEM_SK_01659,10880,70,15.0,50,0.2,750.0,150.0,600.0,PROD_SK_070
ITEM_SK_01660,10881,73,15.0,10,0.0,150.0,0.0,150.0,PROD_SK_073
ITEM_SK_01661,10882,42,14.0,25,0.0,350.0,0.0,350.0,PROD_SK_042
ITEM_SK_01662,10882,49,20.0,20,0.15,400.0,60.0,340.0,PROD_SK_049
ITEM_SK_01663,10882,54,7.45,32,0.15,238.4,35.76,202.64,PROD_SK_054
ITEM_SK_01664,10883,24,4.5,8,0.0,36.0,0.0,36.0,PROD_SK_024
ITEM_SK_01665,10884,21,10.0,40,0.05,400.0,20.0,380.0,PROD_SK_021
ITEM_SK_01666,10884,56,38.0,21,0.05,798.0,39.9,758.1,PROD_SK_056
ITEM_SK_01667,10884,65,21.05,12,0.05,252.6,12.63,239.97,PROD_SK_065
ITEM_SK_01668,10885,2,19.0,20,0.0,380.0,0.0,380.0,PROD_SK_002
ITEM_SK_01669,10885,24,4.5,12,0.0,54.0,0.0,54.0,PROD_SK_024
ITEM_SK_01670,10885,70,15.0,30,0.0,450.0,0.0,450.0,PROD_SK_070
ITEM_SK_01671,10885,77,13.0,25,0.0,325.0,0.0,325.0,PROD_SK_077
ITEM_SK_01672,10886,10,31.0,70,0.0,2170.0,0.0,2170.0,PROD_SK_010
ITEM_SK_01673,10886,31,12.5,35,0.0,437.5,0.0,437.5,PROD_SK_031
ITEM_SK_01674,10886,77,13.0,40,0.0,520.0,0.0,520.0,PROD_SK_077
ITEM_SK_01675,10887,25,14.0,5,0.0,70.0,0.0,70.0,PROD_SK_025
ITEM_SK_01676,10888,2,19.0,20,0.0,380.0,0.0,380.0,PROD_SK_002
ITEM_SK_01677,10888,68,12.5,18,0.0,225.0,0.0,225.0,PROD_SK_068
ITEM_SK_01678,10889,11,21.0,40,0.0,840.0,0.0,840.0,PROD_SK_011
ITEM_SK_01679,10889,38,263.5,40,0.0,10540.0,0.0,10540.0,PROD_SK_038
ITEM_SK_01680,10890,17,39.0,15,0.0,585.0,0.0,585.0,PROD_SK_017
ITEM_SK_01681,10890,34,14.0,10,0.0,140.0,0.0,140.0,PROD_SK_034
ITEM_SK_01682,10890,41,9.65,14,0.0,135.1,0.0,135.1,PROD_SK_041
ITEM_SK_01683,10891,30,25.89,15,0.05,388.35,19.42,368.93,PROD_SK_030
ITEM_SK_01684,10892,59,55.0,40,0.05,2200.0,110.0,2090.0,PROD_SK_059
ITEM_SK_01685,10893,8,40.0,30,0.0,1200.0,0.0,1200.0,PROD_SK_008
ITEM_SK_01686,10893,24,4.5,10,0.0,45.0,0.0,45.0,PROD_SK_024
ITEM_SK_01687,10893,29,123.79,24,0.0,2970.96,0.0,2970.96,PROD_SK_029
ITEM_SK_01688,10893,30,25.89,35,0.0,906.15,0.0,906.15,PROD_SK_030
ITEM_SK_01689,10893,36,19.0,20,0.0,380.0,0.0,380.0,PROD_SK_036
ITEM_SK_01690,10894,13,6.0,28,0.05,168.0,8.4,159.6,PROD_SK_013
ITEM_SK_01691,10894,69,36.0,50,0.05,1800.0,90.0,1710.0,PROD_SK_069
ITEM_SK_01692,10894,75,7.75,120,0.05,930.0,46.5,883.5,PROD_SK_075
ITEM_SK_01693,10895,24,4.5,110,0.0,495.0,0.0,495.0,PROD_SK_024
ITEM_SK_01694,10895,39,18.0,45,0.0,810.0,0.0,810.0,PROD_SK_039
ITEM_SK_01695,10895,40,18.4,91,0.0,1674.4,0.0,1674.4,PROD_SK_040
ITEM_SK_01696,10895,60,34.0,100,0.0,3400.0,0.0,3400.0,PROD_SK_060
ITEM_SK_01697,10896,45,9.5,15,0.0,142.5,0.0,142.5,PROD_SK_045
ITEM_SK_01698,10896,56,38.0,16,0.0,608.0,0.0,608.0,PROD_SK_056
ITEM_SK_01699,10897,29,123.79,80,0.0,9903.2,0.0,9903.2,PROD_SK_029
ITEM_SK_01700,10897,30,25.89,36,0.0,932.04,0.0,932.04,PROD_SK_030
ITEM_SK_01701,10898,13,6.0,5,0.0,30.0,0.0,30.0,PROD_SK_013
ITEM_SK_01702,10899,39,18.0,8,0.15,144.0,21.6,122.4,PROD_SK_039
ITEM_SK_01703,10900,70,15.0,3,0.25,45.0,11.25,33.75,PROD_SK_070
ITEM_SK_01704,10901,41,9.65,30,0.0,289.5,0.0,289.5,PROD_SK_041
ITEM_SK_01705,10901,71,21.5,30,0.0,645.0,0.0,645.0,PROD_SK_071
ITEM_SK_01706,10902,55,24.0,30,0.15,720.0,108.0,612.0,PROD_SK_055
ITEM_SK_01707,10902,62,49.3,6,0.15,295.8,44.37,251.43,PROD_SK_062
ITEM_SK_01708,10903,13,6.0,40,0.0,240.0,0.0,240.0,PROD_SK_013
ITEM_SK_01709,10903,65,21.05,21,0.0,442.05,0.0,442.05,PROD_SK_065
ITEM_SK_01710,10903,68,12.5,20,0.0,250.0,0.0,250.0,PROD_SK_068
ITEM_SK_01711,10904,58,13.25,15,0.0,198.75,0.0,198.75,PROD_SK_058
ITEM_SK_01712,10904,62,49.3,35,0.0,1725.5,0.0,1725.5,PROD_SK_062
ITEM_SK_01713,10905,1,18.0,20,0.05,360.0,18.0,342.0,PROD_SK_001
ITEM_SK_01714,10906,61,28.5,15,0.0,427.5,0.0,427.5,PROD_SK_061
ITEM_SK_01715,10907,75,7.75,14,0.0,108.5,0.0,108.5,PROD_SK_075
ITEM_SK_01716,10908,7,30.0,20,0.05,600.0,30.0,570.0,PROD_SK_007
ITEM_SK_01717,10908,52,7.0,14,0.05,98.0,4.9,93.1,PROD_SK_052
ITEM_SK_01718,10909,7,30.0,12,0.0,360.0,0.0,360.0,PROD_SK_007
ITEM_SK_01719,10909,16,17.45,15,0.0,261.75,0.0,261.75,PROD_SK_016
ITEM_SK_01720,10909,41,9.65,5,0.0,48.25,0.0,48.25,PROD_SK_041
ITEM_SK_01721,10910,19,9.2,12,0.0,110.4,0.0,110.4,PROD_SK_019
ITEM_SK_01722,10910,49,20.0,10,0.0,200.0,0.0,200.0,PROD_SK_049
ITEM_SK_01723,10910,61,28.5,5,0.0,142.5,0.0,142.5,PROD_SK_061
ITEM_SK_01724,10911,1,18.0,10,0.0,180.0,0.0,180.0,PROD_SK_001
ITEM_SK_01725,10911,17,39.0,12,0.0,468.0,0.0,468.0,PROD_SK_017
ITEM_SK_01726,10911,67,14.0,15,0.0,210.0,0.0,210.0,PROD_SK_067
ITEM_SK_01727,10912,11,21.0,40,0.25,840.0,210.0,630.0,PROD_SK_011
ITEM_SK_01728,10912,29,123.79,60,0.25,7427.4,1856.85,5570.55,PROD_SK_029
ITEM_SK_01729,10913,4,22.0,30,0.25,660.0,165.0,495.0,PROD_SK_004
ITEM_SK_01730,10913,33,2.5,40,0.25,100.0,25.0,75.0,PROD_SK_033
ITEM_SK_01731,10913,58,13.25,15,0.0,198.75,0.0,198.75,PROD_SK_058
ITEM_SK_01732,10914,71,21.5,25,0.0,537.5,0.0,537.5,PROD_SK_071
ITEM_SK_01733,10915,17,39.0,10,0.0,390.0,0.0,390.0,PROD_SK_017
ITEM_SK_01734,10915,33,2.5,30,0.0,75.0,0.0,75.0,PROD_SK_033
ITEM_SK_01735,10915,54,7.45,10,0.0,74.5,0.0,74.5,PROD_SK_054
ITEM_SK_01736,10916,16,17.45,6,0.0,104.7,0.0,104.7,PROD_SK_016
ITEM_SK_01737,10916,32,32.0,6,0.0,192.0,0.0,192.0,PROD_SK_032
ITEM_SK_01738,10916,57,19.5,20,0.0,390.0,0.0,390.0,PROD_SK_057
ITEM_SK_01739,10917,30,25.89,1,0.0,25.89,0.0,25.89,PROD_SK_030
ITEM_SK_01740,10917,60,34.0,10,0.0,340.0,0.0,340.0,PROD_SK_060
ITEM_SK_01741,10918,1,18.0,60,0.25,1080.0,270.0,810.0,PROD_SK_001
ITEM_SK_01742,10918,60,34.0,25,0.25,850.0,212.5,637.5,PROD_SK_060
ITEM_SK_01743,10919,16,17.45,24,0.0,418.8,0.0,418.8,PROD_SK_016
ITEM_SK_01744,10919,25,14.0,24,0.0,336.0,0.0,336.0,PROD_SK_025
ITEM_SK_01745,10919,40,18.4,20,0.0,368.0,0.0,368.0,PROD_SK_040
ITEM_SK_01746,10920,50,16.25,24,0.0,390.0,0.0,390.0,PROD_SK_050
ITEM_SK_01747,10921,35,18.0,10,0.0,180.0,0.0,180.0,PROD_SK_035
ITEM_SK_01748,10921,63,43.9,40,0.0,1756.0,0.0,1756.0,PROD_SK_063
ITEM_SK_01749,10922,17,39.0,15,0.0,585.0,0.0,585.0,PROD_SK_017
ITEM_SK_01750,10922,24,4.5,35,0.0,157.5,0.0,157.5,PROD_SK_024
ITEM_SK_01751,10923,42,14.0,10,0.2,140.0,28.0,112.0,PROD_SK_042
ITEM_SK_01752,10923,43,46.0,10,0.2,460.0,92.0,368.0,PROD_SK_043
ITEM_SK_01753,10923,67,14.0,24,0.2,336.0,67.2,268.8,PROD_SK_067
ITEM_SK_01754,10924,10,31.0,20,0.1,620.0,62.0,558.0,PROD_SK_010
ITEM_SK_01755,10924,28,45.6,30,0.1,1368.0,136.8,1231.2,PROD_SK_028
ITEM_SK_01756,10924,75,7.75,6,0.0,46.5,0.0,46.5,PROD_SK_075
ITEM_SK_01757,10925,36,19.0,25,0.15,475.0,71.25,403.75,PROD_SK_036
ITEM_SK_01758,10925,52,7.0,12,0.15,84.0,12.6,71.4,PROD_SK_052
ITEM_SK_01759,10926,11,21.0,2,0.0,42.0,0.0,42.0,PROD_SK_011
ITEM_SK_01760,10926,13,6.0,10,0.0,60.0,0.0,60.0,PROD_SK_013
ITEM_SK_01761,10926,19,9.2,7,0.0,64.4,0.0,64.4,PROD_SK_019
ITEM_SK_01762,10926,72,34.8,10,0.0,348.0,0.0,348.0,PROD_SK_072
ITEM_SK_01763,10927,20,81.0,5,0.0,405.0,0.0,405.0,PROD_SK_020
ITEM_SK_01764,10927,52,7.0,5,0.0,35.0,0.0,35.0,PROD_SK_052
ITEM_SK_01765,10927,76,18.0,20,0.0,360.0,0.0,360.0,PROD_SK_076
ITEM_SK_01766,10928,47,9.5,5,0.0,47.5,0.0,47.5,PROD_SK_047
ITEM_SK_01767,10928,76,18.0,5,0.0,90.0,0.0,90.0,PROD_SK_076
ITEM_SK_01768,10929,21,10.0,60,0.0,600.0,0.0,600.0,PROD_SK_021
ITEM_SK_01769,10929,75,7.75,49,0.0,379.75,0.0,379.75,PROD_SK_075
ITEM_SK_01770,10929,77,13.0,15,0.0,195.0,0.0,195.0,PROD_SK_077
ITEM_SK_01771,10930,21,10.0,36,0.0,360.0,0.0,360.0,PROD_SK_021
ITEM_SK_01772,10930,27,43.9,25,0.0,1097.5,0.0,1097.5,PROD_SK_027
ITEM_SK_01773,10930,55,24.0,25,0.2,600.0,120.0,480.0,PROD_SK_055
ITEM_SK_01774,10930,58,13.25,30,0.2,397.5,79.5,318.0,PROD_SK_058
ITEM_SK_01775,10931,13,6.0,42,0.15,252.0,37.8,214.2,PROD_SK_013
ITEM_SK_01776,10931,57,19.5,30,0.0,585.0,0.0,585.0,PROD_SK_057
ITEM_SK_01777,10932,16,17.45,30,0.1,523.5,52.35,471.15,PROD_SK_016
ITEM_SK_01778,10932,62,49.3,14,0.1,690.2,69.02,621.18,PROD_SK_062
ITEM_SK_01779,10932,72,34.8,16,0.0,556.8,0.0,556.8,PROD_SK_072
ITEM_SK_01780,10932,75,7.75,20,0.1,155.0,15.5,139.5,PROD_SK_075
ITEM_SK_01781,10933,53,32.8,2,0.0,65.6,0.0,65.6,PROD_SK_053
ITEM_SK_01782,10933,61,28.5,30,0.0,855.0,0.0,855.0,PROD_SK_061
ITEM_SK_01783,10934,6,25.0,20,0.0,500.0,0.0,500.0,PROD_SK_006
ITEM_SK_01784,10935,1,18.0,21,0.0,378.0,0.0,378.0,PROD_SK_001
ITEM_SK_01785,10935,18,62.5,4,0.25,250.0,62.5,187.5,PROD_SK_018
ITEM_SK_01786,10935,23,9.0,8,0.25,72.0,18.0,54.0,PROD_SK_023
ITEM_SK_01787,10936,36,19.0,30,0.2,570.0,114.0,456.0,PROD_SK_036
ITEM_SK_01788,10937,28,45.6,8,0.0,364.8,0.0,364.8,PROD_SK_028
ITEM_SK_01789,10937,34,14.0,20,0.0,280.0,0.0,280.0,PROD_SK_034
ITEM_SK_01790,10938,13,6.0,20,0.25,120.0,30.0,90.0,PROD_SK_013
ITEM_SK_01791,10938,43,46.0,24,0.25,1104.0,276.0,828.0,PROD_SK_043
ITEM_SK_01792,10938,60,34.0,49,0.25,1666.0,416.5,1249.5,PROD_SK_060
ITEM_SK_01793,10938,71,21.5,35,0.25,752.5,188.12,564.38,PROD_SK_071
ITEM_SK_01794,10939,2,19.0,10,0.15,190.0,28.5,161.5,PROD_SK_002
ITEM_SK_01795,10939,67,14.0,40,0.15,560.0,84.0,476.0,PROD_SK_067
ITEM_SK_01796,10940,7,30.0,8,0.0,240.0,0.0,240.0,PROD_SK_007
ITEM_SK_01797,10940,13,6.0,20,0.0,120.0,0.0,120.0,PROD_SK_013
ITEM_SK_01798,10941,31,12.5,44,0.25,550.0,137.5,412.5,PROD_SK_031
ITEM_SK_01799,10941,62,49.3,30,0.25,1479.0,369.75,1109.25,PROD_SK_062
ITEM_SK_01800,10941,68,12.5,80,0.25,1000.0,250.0,750.0,PROD_SK_068
ITEM_SK_01801,10941,72,34.8,50,0.0,1740.0,0.0,1740.0,PROD_SK_072
ITEM_SK_01802,10942,49,20.0,28,0.0,560.0,0.0,560.0,PROD_SK_049
ITEM_SK_01803,10943,13,6.0,15,0.0,90.0,0.0,90.0,PROD_SK_013
ITEM_SK_01804,10943,22,21.0,21,0.0,441.0,0.0,441.0,PROD_SK_022
ITEM_SK_01805,10943,46,12.0,15,0.0,180.0,0.0,180.0,PROD_SK_046
ITEM_SK_01806,10944,11,21.0,5,0.25,105.0,26.25,78.75,PROD_SK_011
ITEM_SK_01807,10944,44,19.45,18,0.25,350.1,87.52,262.58,PROD_SK_044
ITEM_SK_01808,10944,56,38.0,18,0.0,684.0,0.0,684.0,PROD_SK_056
ITEM_SK_01809,10945,13,6.0,20,0.0,120.0,0.0,120.0,PROD_SK_013
ITEM_SK_01810,10945,31,12.5,10,0.0,125.0,0.0,125.0,PROD_SK_031
ITEM_SK_01811,10946,10,31.0,25,0.0,775.0,0.0,775.0,PROD_SK_010
ITEM_SK_01812,10946,24,4.5,25,0.0,112.5,0.0,112.5,PROD_SK_024
ITEM_SK_01813,10946,77,13.0,40,0.0,520.0,0.0,520.0,PROD_SK_077
ITEM_SK_01814,10947,59,55.0,4,0.0,220.0,0.0,220.0,PROD_SK_059
ITEM_SK_01815,10948,50,16.25,9,0.0,146.25,0.0,146.25,PROD_SK_050
ITEM_SK_01816,10948,51,53.0,40,0.0,2120.0,0.0,2120.0,PROD_SK_051
ITEM_SK_01817,10948,55,24.0,4,0.0,96.0,0.0,96.0,PROD_SK_055
ITEM_SK_01818,10949,6,25.0,12,0.0,300.0,0.0,300.0,PROD_SK_006
ITEM_SK_01819,10949,10,31.0,30,0.0,930.0,0.0,930.0,PROD_SK_010
ITEM_SK_01820,10949,17,39.0,6,0.0,234.0,0.0,234.0,PROD_SK_017
ITEM_SK_01821,10949,62,49.3,60,0.0,2958.0,0.0,2958.0,PROD_SK_062
ITEM_SK_01822,10950,4,22.0,5,0.0,110.0,0.0,110.0,PROD_SK_004
ITEM_SK_01823,10951,33,2.5,15,0.05,37.5,1.88,35.62,PROD_SK_033
ITEM_SK_01824,10951,41,9.65,6,0.05,57.9,2.9,55.0,PROD_SK_041
ITEM_SK_01825,10951,75,7.75,50,0.05,387.5,19.38,368.12,PROD_SK_075
ITEM_SK_01826,10952,6,25.0,16,0.05,400.0,20.0,380.0,PROD_SK_006
ITEM_SK_01827,10952,28,45.6,2,0.0,91.2,0.0,91.2,PROD_SK_028
ITEM_SK_01828,10953,20,81.0,50,0.05,4050.0,202.5,3847.5,PROD_SK_020
ITEM_SK_01829,10953,31,12.5,50,0.05,625.0,31.25,593.75,PROD_SK_031
ITEM_SK_01830,10954,16,17.45,28,0.15,488.6,73.29,415.31,PROD_SK_016
ITEM_SK_01831,10954,31,12.5,25,0.15,312.5,46.88,265.62,PROD_SK_031
ITEM_SK_01832,10954,45,9.5,30,0.0,285.0,0.0,285.0,PROD_SK_045
ITEM_SK_01833,10954,60,34.0,24,0.15,816.0,122.4,693.6,PROD_SK_060
ITEM_SK_01834,10955,75,7.75,12,0.2,93.0,18.6,74.4,PROD_SK_075
ITEM_SK_01835,10956,21,10.0,12,0.0,120.0,0.0,120.0,PROD_SK_021
ITEM_SK_01836,10956,47,9.5,14,0.0,133.0,0.0,133.0,PROD_SK_047
ITEM_SK_01837,10956,51,53.0,8,0.0,424.0,0.0,424.0,PROD_SK_051
ITEM_SK_01838,10957,30,25.89,30,0.0,776.7,0.0,776.7,PROD_SK_030
ITEM_SK_01839,10957,35,18.0,40,0.0,720.0,0.0,720.0,PROD_SK_035
ITEM_SK_01840,10957,64,33.25,8,0.0,266.0,0.0,266.0,PROD_SK_064
ITEM_SK_01841,10958,5,21.35,20,0.0,427.0,0.0,427.0,PROD_SK_005
ITEM_SK_01842,10958,7,30.0,6,0.0,180.0,0.0,180.0,PROD_SK_007
ITEM_SK_01843,10958,72,34.8,5,0.0,174.0,0.0,174.0,PROD_SK_072
ITEM_SK_01844,10959,75,7.75,20,0.15,155.0,23.25,131.75,PROD_SK_075
ITEM_SK_01845,10960,24,4.5,10,0.25,45.0,11.25,33.75,PROD_SK_024
ITEM_SK_01846,10960,41,9.65,24,0.0,231.6,0.0,231.6,PROD_SK_041
ITEM_SK_01847,10961,52,7.0,6,0.05,42.0,2.1,39.9,PROD_SK_052
ITEM_SK_01848,10961,76,18.0,60,0.0,1080.0,0.0,1080.0,PROD_SK_076
ITEM_SK_01849,10962,7,30.0,45,0.0,1350.0,0.0,1350.0,PROD_SK_007
ITEM_SK_01850,10962,13,6.0,77,0.0,462.0,0.0,462.0,PROD_SK_013
ITEM_SK_01851,10962,53,32.8,20,0.0,656.0,0.0,656.0,PROD_SK_053
ITEM_SK_01852,10962,69,36.0,9,0.0,324.0,0.0,324.0,PROD_SK_069
ITEM_SK_01853,10962,76,18.0,44,0.0,792.0,0.0,792.0,PROD_SK_076
ITEM_SK_01854,10963,60,34.0,2,0.15,68.0,10.2,57.8,PROD_SK_060
ITEM_SK_01855,10964,18,62.5,6,0.0,375.0,0.0,375.0,PROD_SK_018
ITEM_SK_01856,10964,38,263.5,5,0.0,1317.5,0.0,1317.5,PROD_SK_038
ITEM_SK_01857,10964,69,36.0,10,0.0,360.0,0.0,360.0,PROD_SK_069
ITEM_SK_01858,10965,51,53.0,16,0.0,848.0,0.0,848.0,PROD_SK_051
ITEM_SK_01859,10966,37,26.0,8,0.0,208.0,0.0,208.0,PROD_SK_037
ITEM_SK_01860,10966,56,38.0,12,0.15,456.0,68.4,387.6,PROD_SK_056
ITEM_SK_01861,10966,62,49.3,12,0.15,591.6,88.74,502.86,PROD_SK_062
ITEM_SK_01862,10967,19,9.2,12,0.0,110.4,0.0,110.4,PROD_SK_019
ITEM_SK_01863,10967,49,20.0,40,0.0,800.0,0.0,800.0,PROD_SK_049
ITEM_SK_01864,10968,12,38.0,30,0.0,1140.0,0.0,1140.0,PROD_SK_012
ITEM_SK_01865,10968,24,4.5,30,0.0,135.0,0.0,135.0,PROD_SK_024
ITEM_SK_01866,10968,64,33.25,4,0.0,133.0,0.0,133.0,PROD_SK_064
ITEM_SK_01867,10969,46,12.0,9,0.0,108.0,0.0,108.0,PROD_SK_046
ITEM_SK_01868,10970,52,7.0,40,0.2,280.0,56.0,224.0,PROD_SK_052
ITEM_SK_01869,10971,29,123.79,14,0.0,1733.06,0.0,1733.06,PROD_SK_029
ITEM_SK_01870,10972,17,39.0,6,0.0,234.0,0.0,234.0,PROD_SK_017
ITEM_SK_01871,10972,33,2.5,7,0.0,17.5,0.0,17.5,PROD_SK_033
ITEM_SK_01872,10973,26,31.23,5,0.0,156.15,0.0,156.15,PROD_SK_026
ITEM_SK_01873,10973,41,9.65,6,0.0,57.9,0.0,57.9,PROD_SK_041
ITEM_SK_01874,10973,75,7.75,10,0.0,77.5,0.0,77.5,PROD_SK_075
ITEM_SK_01875,10974,63,43.9,10,0.0,439.0,0.0,439.0,PROD_SK_063
ITEM_SK_01876,10975,8,40.0,16,0.0,640.0,0.0,640.0,PROD_SK_008
ITEM_SK_01877,10975,75,7.75,10,0.0,77.5,0.0,77.5,PROD_SK_075
ITEM_SK_01878,10976,28,45.6,20,0.0,912.0,0.0,912.0,PROD_SK_028
ITEM_SK_01879,10977,39,18.0,30,0.0,540.0,0.0,540.0,PROD_SK_039
ITEM_SK_01880,10977,47,9.5,30,0.0,285.0,0.0,285.0,PROD_SK_047
ITEM_SK_01881,10977,51,53.0,10,0.0,530.0,0.0,530.0,PROD_SK_051
ITEM_SK_01882,10977,63,43.9,20,0.0,878.0,0.0,878.0,PROD_SK_063
ITEM_SK_01883,10978,8,40.0,20,0.15,800.0,120.0,680.0,PROD_SK_008
ITEM_SK_01884,10978,21,10.0,40,0.15,400.0,60.0,340.0,PROD_SK_021
ITEM_SK_01885,10978,40,18.4,10,0.0,184.0,0.0,184.0,PROD_SK_040
ITEM_SK_01886,10978,44,19.45,6,0.15,116.7,17.5,99.2,PROD_SK_044
ITEM_SK_01887,10979,7,30.0,18,0.0,540.0,0.0,540.0,PROD_SK_007
ITEM_SK_01888,10979,12,38.0,20,0.0,760.0,0.0,760.0,PROD_SK_012
ITEM_SK_01889,10979,24,4.5,80,0.0,360.0,0.0,360.0,PROD_SK_024
ITEM_SK_01890,10979,27,43.9,30,0.0,1317.0,0.0,1317.0,PROD_SK_027
ITEM_SK_01891,10979,31,12.5,24,0.0,300.0,0.0,300.0,PROD_SK_031
ITEM_SK_01892,10979,63,43.9,35,0.0,1536.5,0.0,1536.5,PROD_SK_063
ITEM_SK_01893,10980,75,7.75,40,0.2,310.0,62.0,248.0,PROD_SK_075
ITEM_SK_01894,10981,38,263.5,60,0.0,15810.0,0.0,15810.0,PROD_SK_038
ITEM_SK_01895,10982,7,30.0,20,0.0,600.0,0.0,600.0,PROD_SK_007
ITEM_SK_01896,10982,43,46.0,9,0.0,414.0,0.0,414.0,PROD_SK_043
ITEM_SK_01897,10983,13,6.0,84,0.15,504.0,75.6,428.4,PROD_SK_013
ITEM_SK_01898,10983,57,19.5,15,0.0,292.5,0.0,292.5,PROD_SK_057
ITEM_SK_01899,10984,16,17.45,55,0.0,959.75,0.0,959.75,PROD_SK_016
ITEM_SK_01900,10984,24,4.5,20,0.0,90.0,0.0,90.0,PROD_SK_024
ITEM_SK_01901,10984,36,19.0,40,0.0,760.0,0.0,760.0,PROD_SK_036
ITEM_SK_01902,10985,16,17.45,36,0.1,628.2,62.82,565.38,PROD_SK_016
ITEM_SK_01903,10985,18,62.5,8,0.1,500.0,50.0,450.0,PROD_SK_018
ITEM_SK_01904,10985,32,32.0,35,0.1,1120.0,112.0,1008.0,PROD_SK_032
ITEM_SK_01905,10986,11,21.0,30,0.0,630.0,0.0,630.0,PROD_SK_011
ITEM_SK_01906,10986,20,81.0,15,0.0,1215.0,0.0,1215.0,PROD_SK_020
ITEM_SK_01907,10986,76,18.0,10,0.0,180.0,0.0,180.0,PROD_SK_076
ITEM_SK_01908,10986,77,13.0,15,0.0,195.0,0.0,195.0,PROD_SK_077
ITEM_SK_01909,10987,7,30.0,60,0.0,1800.0,0.0,1800.0,PROD_SK_007
ITEM_SK_01910,10987,43,46.0,6,0.0,276.0,0.0,276.0,PROD_SK_043
ITEM_SK_01911,10987,72,34.8,20,0.0,696.0,0.0,696.0,PROD_SK_072
ITEM_SK_01912,10988,7,30.0,60,0.0,1800.0,0.0,1800.0,PROD_SK_007
ITEM_SK_01913,10988,62,49.3,40,0.1,1972.0,197.2,1774.8,PROD_SK_062
ITEM_SK_01914,10989,6,25.0,40,0.0,1000.0,0.0,1000.0,PROD_SK_006
ITEM_SK_01915,10989,11,21.0,15,0.0,315.0,0.0,315.0,PROD_SK_011
ITEM_SK_01916,10989,41,9.65,4,0.0,38.6,0.0,38.6,PROD_SK_041
ITEM_SK_01917,10990,21,10.0,65,0.0,650.0,0.0,650.0,PROD_SK_021
ITEM_SK_01918,10990,34,14.0,60,0.15,840.0,126.0,714.0,PROD_SK_034
ITEM_SK_01919,10990,55,24.0,65,0.15,1560.0,234.0,1326.0,PROD_SK_055
ITEM_SK_01920,10990,61,28.5,66,0.15,1881.0,282.15,1598.85,PROD_SK_061
ITEM_SK_01921,10991,2,19.0,50,0.2,950.0,190.0,760.0,PROD_SK_002
ITEM_SK_01922,10991,70,15.0,20,0.2,300.0,60.0,240.0,PROD_SK_070
ITEM_SK_01923,10991,76,18.0,90,0.2,1620.0,324.0,1296.0,PROD_SK_076
ITEM_SK_01924,10992,72,34.8,2,0.0,69.6,0.0,69.6,PROD_SK_072
ITEM_SK_01925,10993,29,123.79,50,0.25,6189.5,1547.38,4642.12,PROD_SK_029
ITEM_SK_01926,10993,41,9.65,35,0.25,337.75,84.44,253.31,PROD_SK_041
ITEM_SK_01927,10994,59,55.0,18,0.05,990.0,49.5,940.5,PROD_SK_059
ITEM_SK_01928,10995,51,53.0,20,0.0,1060.0,0.0,1060.0,PROD_SK_051
ITEM_SK_01929,10995,60,34.0,4,0.0,136.0,0.0,136.0,PROD_SK_060
ITEM_SK_01930,10996,42,14.0,40,0.0,560.0,0.0,560.0,PROD_SK_042
ITEM_SK_01931,10997,32,32.0,50,0.0,1600.0,0.0,1600.0,PROD_SK_032
ITEM_SK_01932,10997,46,12.0,20,0.25,240.0,60.0,180.0,PROD_SK_046
ITEM_SK_01933,10997,52,7.0,20,0.25,140.0,35.0,105.0,PROD_SK_052
ITEM_SK_01934,10998,24,4.5,12,0.0,54.0,0.0,54.0,PROD_SK_024
ITEM_SK_01935,10998,61,28.5,7,0.0,199.5,0.0,199.5,PROD_SK_061
ITEM_SK_01936,10998,74,10.0,20,0.0,200.0,0.0,200.0,PROD_SK_074
ITEM_SK_01937,10998,75,7.75,30,0.0,232.5,0.0,232.5,PROD_SK_075
ITEM_SK_01938,10999,41,9.65,20,0.05,193.0,9.65,183.35,PROD_SK_041
ITEM_SK_01939,10999,51,53.0,15,0.05,795.0,39.75,755.25,PROD_SK_051
ITEM_SK_01940,10999,77,13.0,21,0.05,273.0,13.65,259.35,PROD_SK_077
ITEM_SK_01941,11000,4,22.0,25,0.25,550.0,137.5,412.5,PROD_SK_004
ITEM_SK_01942,11000,24,4.5,30,0.25,135.0,33.75,101.25,PROD_SK_024
ITEM_SK_01943,11000,77,13.0,30,0.0,390.0,0.0,390.0,PROD_SK_077
ITEM_SK_01944,11001,7,30.0,60,0.0,1800.0,0.0,1800.0,PROD_SK_007
ITEM_SK_01945,11001,22,21.0,25,0.0,525.0,0.0,525.0,PROD_SK_022
ITEM_SK_01946,11001,46,12.0,25,0.0,300.0,0.0,300.0,PROD_SK_046
ITEM_SK_01947,11001,55,24.0,6,0.0,144.0,0.0,144.0,PROD_SK_055
ITEM_SK_01948,11002,13,6.0,56,0.0,336.0,0.0,336.0,PROD_SK_013
ITEM_SK_01949,11002,35,18.0,15,0.15,270.0,40.5,229.5,PROD_SK_035
ITEM_SK_01950,11002,42,14.0,24,0.15,336.0,50.4,285.6,PROD_SK_042
ITEM_SK_01951,11002,55,24.0,40,0.0,960.0,0.0,960.0,PROD_SK_055
ITEM_SK_01952,11003,1,18.0,4,0.0,72.0,0.0,72.0,PROD_SK_001
ITEM_SK_01953,11003,40,18.4,10,0.0,184.0,0.0,184.0,PROD_SK_040
ITEM_SK_01954,11003,52,7.0,10,0.0,70.0,0.0,70.0,PROD_SK_052
ITEM_SK_01955,11004,26,31.23,6,0.0,187.38,0.0,187.38,PROD_SK_026
ITEM_SK_01956,11004,76,18.0,6,0.0,108.0,0.0,108.0,PROD_SK_076
ITEM_SK_01957,11005,1,18.0,2,0.0,36.0,0.0,36.0,PROD_SK_001
ITEM_SK_01958,11005,59,55.0,10,0.0,550.0,0.0,550.0,PROD_SK_059
ITEM_SK_01959,11006,1,18.0,8,0.0,144.0,0.0,144.0,PROD_SK_001
ITEM_SK_01960,11006,29,123.79,2,0.25,247.58,61.9,185.68,PROD_SK_029
ITEM_SK_01961,11007,8,40.0,30,0.0,1200.0,0.0,1200.0,PROD_SK_008
ITEM_SK_01962,11007,29,123.79,10,0.0,1237.9,0.0,1237.9,PROD_SK_029
ITEM_SK_01963,11007,42,14.0,14,0.0,196.0,0.0,196.0,PROD_SK_042
ITEM_SK_01964,11008,28,45.6,70,0.05,3192.0,159.6,3032.4,PROD_SK_028
ITEM_SK_01965,11008,34,14.0,90,0.05,1260.0,63.0,1197.0,PROD_SK_034
ITEM_SK_01966,11008,71,21.5,21,0.0,451.5,0.0,451.5,PROD_SK_071
ITEM_SK_01967,11009,24,4.5,12,0.0,54.0,0.0,54.0,PROD_SK_024
ITEM_SK_01968,11009,36,19.0,18,0.25,342.0,85.5,256.5,PROD_SK_036
ITEM_SK_01969,11009,60,34.0,9,0.0,306.0,0.0,306.0,PROD_SK_060
ITEM_SK_01970,11010,7,30.0,20,0.0,600.0,0.0,600.0,PROD_SK_007
ITEM_SK_01971,11010,24,4.5,10,0.0,45.0,0.0,45.0,PROD_SK_024
ITEM_SK_01972,11011,58,13.25,40,0.05,530.0,26.5,503.5,PROD_SK_058
ITEM_SK_01973,11011,71,21.5,20,0.0,430.0,0.0,430.0,PROD_SK_071
ITEM_SK_01974,11012,19,9.2,50,0.05,460.0,23.0,437.0,PROD_SK_019
ITEM_SK_01975,11012,60,34.0,36,0.05,1224.0,61.2,1162.8,PROD_SK_060
ITEM_SK_01976,11012,71,21.5,60,0.05,1290.0,64.5,1225.5,PROD_SK_071
ITEM_SK_01977,11013,23,9.0,10,0.0,90.0,0.0,90.0,PROD_SK_023
ITEM_SK_01978,11013,42,14.0,4,0.0,56.0,0.0,56.0,PROD_SK_042
ITEM_SK_01979,11013,45,9.5,20,0.0,190.0,0.0,190.0,PROD_SK_045
ITEM_SK_01980,11013,68,12.5,2,0.0,25.0,0.0,25.0,PROD_SK_068
ITEM_SK_01981,11014,41,9.65,28,0.1,270.2,27.02,243.18,PROD_SK_041
ITEM_SK_01982,11015,30,25.89,15,0.0,388.35,0.0,388.35,PROD_SK_030
ITEM_SK_01983,11015,77,13.0,18,0.0,234.0,0.0,234.0,PROD_SK_077
ITEM_SK_01984,11016,31,12.5,15,0.0,187.5,0.0,187.5,PROD_SK_031
ITEM_SK_01985,11016,36,19.0,16,0.0,304.0,0.0,304.0,PROD_SK_036
ITEM_SK_01986,11017,3,10.0,25,0.0,250.0,0.0,250.0,PROD_SK_003
ITEM_SK_01987,11017,59,55.0,110,0.0,6050.0,0.0,6050.0,PROD_SK_059
ITEM_SK_01988,11017,70,15.0,30,0.0,450.0,0.0,450.0,PROD_SK_070
ITEM_SK_01989,11018,12,38.0,20,0.0,760.0,0.0,760.0,PROD_SK_012
ITEM_SK_01990,11018,18,62.5,10,0.0,625.0,0.0,625.0,PROD_SK_018
ITEM_SK_01991,11018,56,38.0,5,0.0,190.0,0.0,190.0,PROD_SK_056
ITEM_SK_01992,11019,46,12.0,3,0.0,36.0,0.0,36.0,PROD_SK_046
ITEM_SK_01993,11019,49,20.0,2,0.0,40.0,0.0,40.0,PROD_SK_049
ITEM_SK_01994,11020,10,31.0,24,0.15,744.0,111.6,632.4,PROD_SK_010
ITEM_SK_01995,11021,2,19.0,11,0.25,209.0,52.25,156.75,PROD_SK_002
ITEM_SK_01996,11021,20,81.0,15,0.0,1215.0,0.0,1215.0,PROD_SK_020
ITEM_SK_01997,11021,26,31.23,63,0.0,1967.49,0.0,1967.49,PROD_SK_026
ITEM_SK_01998,11021,51,53.0,44,0.25,2332.0,583.0,1749.0,PROD_SK_051
ITEM_SK_01999,11021,72,34.8,35,0.0,1218.0,0.0,1218.0,PROD_SK_072
ITEM_SK_02000,11022,19,9.2,35,0.0,322.0,0.0,322.0,PROD_SK_019
ITEM_SK_02001,11022,69,36.0,30,0.0,1080.0,0.0,1080.0,PROD_SK_069
ITEM_SK_02002,11023,7,30.0,4,0.0,120.0,0.0,120.0,PROD_SK_007
ITEM_SK_02003,11023,43,46.0,30,0.0,1380.0,0.0,1380.0,PROD_SK_043
ITEM_SK_02004,11024,26,31.23,12,0.0,374.76,0.0,374.76,PROD_SK_026
ITEM_SK_02005,11024,33,2.5,30,0.0,75.0,0.0,75.0,PROD_SK_033
ITEM_SK_02006,11024,65,21.05,21,0.0,442.05,0.0,442.05,PROD_SK_065
ITEM_SK_02007,11024,71,21.5,50,0.0,1075.0,0.0,1075.0,PROD_SK_071
ITEM_SK_02008,11025,1,18.0,10,0.1,180.0,18.0,162.0,PROD_SK_001
ITEM_SK_02009,11025,13,6.0,20,0.1,120.0,12.0,108.0,PROD_SK_013
ITEM_SK_02010,11026,18,62.5,8,0.0,500.0,0.0,500.0,PROD_SK_018
ITEM_SK_02011,11026,51,53.0,10,0.0,530.0,0.0,530.0,PROD_SK_051
ITEM_SK_02012,11027,24,4.5,30,0.25,135.0,33.75,101.25,PROD_SK_024
ITEM_SK_02013,11027,62,49.3,21,0.25,1035.3,258.82,776.48,PROD_SK_062
ITEM_SK_02014,11028,55,24.0,35,0.0,840.0,0.0,840.0,PROD_SK_055
ITEM_SK_02015,11028,59,55.0,24,0.0,1320.0,0.0,1320.0,PROD_SK_059
ITEM_SK_02016,11029,56,38.0,20,0.0,760.0,0.0,760.0,PROD_SK_056
ITEM_SK_02017,11029,63,43.9,12,0.0,526.8,0.0,526.8,PROD_SK_063
ITEM_SK_02018,11030,2,19.0,100,0.25,1900.0,475.0,1425.0,PROD_SK_002
ITEM_SK_02019,11030,5,21.35,70,0.0,1494.5,0.0,1494.5,PROD_SK_005
ITEM_SK_02020,11030,29,123.79,60,0.25,7427.4,1856.85,5570.55,PROD_SK_029
ITEM_SK_02021,11030,59,55.0,100,0.25,5500.0,1375.0,4125.0,PROD_SK_059
ITEM_SK_02022,11031,1,18.0,45,0.0,810.0,0.0,810.0,PROD_SK_001
ITEM_SK_02023,11031,13,6.0,80,0.0,480.0,0.0,480.0,PROD_SK_013
ITEM_SK_02024,11031,24,4.5,21,0.0,94.5,0.0,94.5,PROD_SK_024
ITEM_SK_02025,11031,64,33.25,20,0.0,665.0,0.0,665.0,PROD_SK_064
ITEM_SK_02026,11031,71,21.5,16,0.0,344.0,0.0,344.0,PROD_SK_071
ITEM_SK_02027,11032,36,19.0,35,0.0,665.0,0.0,665.0,PROD_SK_036
ITEM_SK_02028,11032,38,263.5,25,0.0,6587.5,0.0,6587.5,PROD_SK_038
ITEM_SK_02029,11032,59,55.0,30,0.0,1650.0,0.0,1650.0,PROD_SK_059
ITEM_SK_02030,11033,53,32.8,70,0.1,2296.0,229.6,2066.4,PROD_SK_053
ITEM_SK_02031,11033,69,36.0,36,0.1,1296.0,129.6,1166.4,PROD_SK_069
ITEM_SK_02032,11034,21,10.0,15,0.1,150.0,15.0,135.0,PROD_SK_021
ITEM_SK_02033,11034,44,19.45,12,0.0,233.4,0.0,233.4,PROD_SK_044
ITEM_SK_02034,11034,61,28.5,6,0.0,171.0,0.0,171.0,PROD_SK_061
ITEM_SK_02035,11035,1,18.0,10,0.0,180.0,0.0,180.0,PROD_SK_001
ITEM_SK_02036,11035,35,18.0,60,0.0,1080.0,0.0,1080.0,PROD_SK_035
ITEM_SK_02037,11035,42,14.0,30,0.0,420.0,0.0,420.0,PROD_SK_042
ITEM_SK_02038,11035,54,7.45,10,0.0,74.5,0.0,74.5,PROD_SK_054
ITEM_SK_02039,11036,13,6.0,7,0.0,42.0,0.0,42.0,PROD_SK_013
ITEM_SK_02040,11036,59,55.0,30,0.0,1650.0,0.0,1650.0,PROD_SK_059
ITEM_SK_02041,11037,70,15.0,4,0.0,60.0,0.0,60.0,PROD_SK_070
ITEM_SK_02042,11038,40,18.4,5,0.2,92.0,18.4,73.6,PROD_SK_040
ITEM_SK_02043,11038,52,7.0,2,0.0,14.0,0.0,14.0,PROD_SK_052
ITEM_SK_02044,11038,71,21.5,30,0.0,645.0,0.0,645.0,PROD_SK_071
ITEM_SK_02045,11039,28,45.6,20,0.0,912.0,0.0,912.0,PROD_SK_028
ITEM_SK_02046,11039,35,18.0,24,0.0,432.0,0.0,432.0,PROD_SK_035
ITEM_SK_02047,11039,49,20.0,60,0.0,1200.0,0.0,1200.0,PROD_SK_049
ITEM_SK_02048,11039,57,19.5,28,0.0,546.0,0.0,546.0,PROD_SK_057
ITEM_SK_02049,11040,21,10.0,20,0.0,200.0,0.0,200.0,PROD_SK_021
ITEM_SK_02050,11041,2,19.0,30,0.2,570.0,114.0,456.0,PROD_SK_002
ITEM_SK_02051,11041,63,43.9,30,0.0,1317.0,0.0,1317.0,PROD_SK_063
ITEM_SK_02052,11042,44,19.45,15,0.0,291.75,0.0,291.75,PROD_SK_044
ITEM_SK_02053,11042,61,28.5,4,0.0,114.0,0.0,114.0,PROD_SK_061
ITEM_SK_02054,11043,11,21.0,10,0.0,210.0,0.0,210.0,PROD_SK_011
ITEM_SK_02055,11044,62,49.3,12,0.0,591.6,0.0,591.6,PROD_SK_062
ITEM_SK_02056,11045,33,2.5,15,0.0,37.5,0.0,37.5,PROD_SK_033
ITEM_SK_02057,11045,51,53.0,24,0.0,1272.0,0.0,1272.0,PROD_SK_051
ITEM_SK_02058,11046,12,38.0,20,0.05,760.0,38.0,722.0,PROD_SK_012
ITEM_SK_02059,11046,32,32.0,15,0.05,480.0,24.0,456.0,PROD_SK_032
ITEM_SK_02060,11046,35,18.0,18,0.05,324.0,16.2,307.8,PROD_SK_035
ITEM_SK_02061,11047,1,18.0,25,0.25,450.0,112.5,337.5,PROD_SK_001
ITEM_SK_02062,11047,5,21.35,30,0.25,640.5,160.12,480.38,PROD_SK_005
ITEM_SK_02063,11048,68,12.5,42,0.0,525.0,0.0,525.0,PROD_SK_068
ITEM_SK_02064,11049,2,19.0,10,0.2,190.0,38.0,152.0,PROD_SK_002
ITEM_SK_02065,11049,12,38.0,4,0.2,152.0,30.4,121.6,PROD_SK_012
ITEM_SK_02066,11050,76,18.0,50,0.1,900.0,90.0,810.0,PROD_SK_076
ITEM_SK_02067,11051,24,4.5,10,0.2,45.0,9.0,36.0,PROD_SK_024
ITEM_SK_02068,11052,43,46.0,30,0.2,1380.0,276.0,1104.0,PROD_SK_043
ITEM_SK_02069,11052,61,28.5,10,0.2,285.0,57.0,228.0,PROD_SK_061
ITEM_SK_02070,11053,18,62.5,35,0.2,2187.5,437.5,1750.0,PROD_SK_018
ITEM_SK_02071,11053,32,32.0,20,0.0,640.0,0.0,640.0,PROD_SK_032
ITEM_SK_02072,11053,64,33.25,25,0.2,831.25,166.25,665.0,PROD_SK_064
ITEM_SK_02073,11054,33,2.5,10,0.0,25.0,0.0,25.0,PROD_SK_033
ITEM_SK_02074,11054,67,14.0,20,0.0,280.0,0.0,280.0,PROD_SK_067
ITEM_SK_02075,11055,24,4.5,15,0.0,67.5,0.0,67.5,PROD_SK_024
ITEM_SK_02076,11055,25,14.0,15,0.0,210.0,0.0,210.0,PROD_SK_025
ITEM_SK_02077,11055,51,53.0,20,0.0,1060.0,0.0,1060.0,PROD_SK_051
ITEM_SK_02078,11055,57,19.5,20,0.0,390.0,0.0,390.0,PROD_SK_057
ITEM_SK_02079,11056,7,30.0,40,0.0,1200.0,0.0,1200.0,PROD_SK_007
ITEM_SK_02080,11056,55,24.0,35,0.0,840.0,0.0,840.0,PROD_SK_055
ITEM_SK_02081,11056,60,34.0,50,0.0,1700.0,0.0,1700.0,PROD_SK_060
ITEM_SK_02082,11057,70,15.0,3,0.0,45.0,0.0,45.0,PROD_SK_070
ITEM_SK_02083,11058,21,10.0,3,0.0,30.0,0.0,30.0,PROD_SK_021
ITEM_SK_02084,11058,60,34.0,21,0.0,714.0,0.0,714.0,PROD_SK_060
ITEM_SK_02085,11058,61,28.5,4,0.0,114.0,0.0,114.0,PROD_SK_061
ITEM_SK_02086,11059,13,6.0,30,0.0,180.0,0.0,180.0,PROD_SK_013
ITEM_SK_02087,11059,17,39.0,12,0.0,468.0,0.0,468.0,PROD_SK_017
ITEM_SK_02088,11059,60,34.0,35,0.0,1190.0,0.0,1190.0,PROD_SK_060
ITEM_SK_02089,11060,60,34.0,4,0.0,136.0,0.0,136.0,PROD_SK_060
ITEM_SK_02090,11060,77,13.0,10,0.0,130.0,0.0,130.0,PROD_SK_077
ITEM_SK_02091,11061,60,34.0,15,0.0,510.0,0.0,510.0,PROD_SK_060
ITEM_SK_02092,11062,53,32.8,10,0.2,328.0,65.6,262.4,PROD_SK_053
ITEM_SK_02093,11062,70,15.0,12,0.2,180.0,36.0,144.0,PROD_SK_070
ITEM_SK_02094,11063,34,14.0,30,0.0,420.0,0.0,420.0,PROD_SK_034
ITEM_SK_02095,11063,40,18.4,40,0.1,736.0,73.6,662.4,PROD_SK_040
ITEM_SK_02096,11063,41,9.65,30,0.1,289.5,28.95,260.55,PROD_SK_041
ITEM_SK_02097,11064,17,39.0,77,0.1,3003.0,300.3,2702.7,PROD_SK_017
ITEM_SK_02098,11064,41,9.65,12,0.0,115.8,0.0,115.8,PROD_SK_041
ITEM_SK_02099,11064,53,32.8,25,0.1,820.0,82.0,738.0,PROD_SK_053
ITEM_SK_02100,11064,55,24.0,4,0.1,96.0,9.6,86.4,PROD_SK_055
ITEM_SK_02101,11064,68,12.5,55,0.0,687.5,0.0,687.5,PROD_SK_068
ITEM_SK_02102,11065,30,25.89,4,0.25,103.56,25.89,77.67,PROD_SK_030
ITEM_SK_02103,11065,54,7.45,20,0.25,149.0,37.25,111.75,PROD_SK_054
ITEM_SK_02104,11066,16,17.45,3,0.0,52.35,0.0,52.35,PROD_SK_016
ITEM_SK_02105,11066,19,9.2,42,0.0,386.4,0.0,386.4,PROD_SK_019
ITEM_SK_02106,11066,34,14.0,35,0.0,490.0,0.0,490.0,PROD_SK_034
ITEM_SK_02107,11067,41,9.65,9,0.0,86.85,0.0,86.85,PROD_SK_041
ITEM_SK_02108,11068,28,45.6,8,0.15,364.8,54.72,310.08,PROD_SK_028
ITEM_SK_02109,11068,43,46.0,36,0.15,1656.0,248.4,1407.6,PROD_SK_043
ITEM_SK_02110,11068,77,13.0,28,0.15,364.0,54.6,309.4,PROD_SK_077
ITEM_SK_02111,11069,39,18.0,20,0.0,360.0,0.0,360.0,PROD_SK_039
ITEM_SK_02112,11070,1,18.0,40,0.15,720.0,108.0,612.0,PROD_SK_001
ITEM_SK_02113,11070,2,19.0,20,0.15,380.0,57.0,323.0,PROD_SK_002
ITEM_SK_02114,11070,16,17.45,30,0.15,523.5,78.52,444.98,PROD_SK_016
ITEM_SK_02115,11070,31,12.5,20,0.0,250.0,0.0,250.0,PROD_SK_031
ITEM_SK_02116,11071,7,30.0,15,0.05,450.0,22.5,427.5,PROD_SK_007
ITEM_SK_02117,11071,13,6.0,10,0.05,60.0,3.0,57.0,PROD_SK_013
ITEM_SK_02118,11072,2,19.0,8,0.0,152.0,0.0,152.0,PROD_SK_002
ITEM_SK_02119,11072,41,9.65,40,0.0,386.0,0.0,386.0,PROD_SK_041
ITEM_SK_02120,11072,50,16.25,22,0.0,357.5,0.0,357.5,PROD_SK_050
ITEM_SK_02121,11072,64,33.25,130,0.0,4322.5,0.0,4322.5,PROD_SK_064
ITEM_SK_02122,11073,11,21.0,10,0.0,210.0,0.0,210.0,PROD_SK_011
ITEM_SK_02123,11073,24,4.5,20,0.0,90.0,0.0,90.0,PROD_SK_024
ITEM_SK_02124,11074,16,17.45,14,0.05,244.3,12.22,232.08,PROD_SK_016
ITEM_SK_02125,11075,2,19.0,10,0.15,190.0,28.5,161.5,PROD_SK_002
ITEM_SK_02126,11075,46,12.0,30,0.15,360.0,54.0,306.0,PROD_SK_046
ITEM_SK_02127,11075,76,18.0,2,0.15,36.0,5.4,30.6,PROD_SK_076
ITEM_SK_02128,11076,6,25.0,20,0.25,500.0,125.0,375.0,PROD_SK_006
ITEM_SK_02129,11076,14,23.25,20,0.25,465.0,116.25,348.75,PROD_SK_014
ITEM_SK_02130,11076,19,9.2,10,0.25,92.0,23.0,69.0,PROD_SK_019
ITEM_SK_02131,11077,2,19.0,24,0.2,456.0,91.2,364.8,PROD_SK_002
ITEM_SK_02132,11077,3,10.0,4,0.0,40.0,0.0,40.0,PROD_SK_003
ITEM_SK_02133,11077,4,22.0,1,0.0,22.0,0.0,22.0,PROD_SK_004
ITEM_SK_02134,11077,6,25.0,1,0.02,25.0,0.5,24.5,PROD_SK_006
ITEM_SK_02135,11077,7,30.0,1,0.05,30.0,1.5,28.5,PROD_SK_007
ITEM_SK_02136,11077,8,40.0,2,0.1,80.0,8.0,72.0,PROD_SK_008
ITEM_SK_02137,11077,10,31.0,1,0.0,31.0,0.0,31.0,PROD_SK_010
ITEM_SK_02138,11077,12,38.0,2,0.05,76.0,3.8,72.2,PROD_SK_012
ITEM_SK_02139,11077,13,6.0,4,0.0,24.0,0.0,24.0,PROD_SK_013
ITEM_SK_02140,11077,14,23.25,1,0.03,23.25,0.7,22.55,PROD_SK_014
ITEM_SK_02141,11077,16,17.45,2,0.03,34.9,1.05,33.85,PROD_SK_016
ITEM_SK_02142,11077,20,81.0,1,0.04,81.0,3.24,77.76,PROD_SK_020
ITEM_SK_02143,11077,23,9.0,2,0.0,18.0,0.0,18.0,PROD_SK_023
ITEM_SK_02144,11077,32,32.0,1,0.0,32.0,0.0,32.0,PROD_SK_032
ITEM_SK_02145,11077,39,18.0,2,0.05,36.0,1.8,34.2,PROD_SK_039
ITEM_SK_02146,11077,41,9.65,3,0.0,28.95,0.0,28.95,PROD_SK_041
ITEM_SK_02147,11077,46,12.0,3,0.02,36.0,0.72,35.28,PROD_SK_046
ITEM_SK_02148,11077,52,7.0,2,0.0,14.0,0.0,14.0,PROD_SK_052
ITEM_SK_02149,11077,55,24.0,2,0.0,48.0,0.0,48.0,PROD_SK_055
ITEM_SK_02150,11077,60,34.0,2,0.06,68.0,4.08,63.92,PROD_SK_060
ITEM_SK_02151,11077,64,33.25,2,0.03,66.5,2.0,64.5,PROD_SK_064
ITEM_SK_02152,11077,66,17.0,1,0.0,17.0,0.0,17.0,PROD_SK_066
ITEM_SK_02153,11077,73,15.0,2,0.01,30.0,0.3,29.7,PROD_SK_073
ITEM_SK_02154,11077,75,7.75,4,0.0,31.0,0.0,31.0,PROD_SK_075
ITEM_SK_02155,11077,77,13.0,2,0.0,26.0,0.0,26.0,PROD_SK_077
